{"level":"info","environment":"prod","time":"2026-08-09T17:48:57-03:00","caller":"main.go:257","message":"Starting Auto Anime Downloader..."}
{"level":"info","download_path":"/home/icaro/JellyfinMedia/Animes/Releasing/.torrents","time":"2026-08-09T17:48:57-03:00","caller":"main.go:240","message":"Embedded torrent session started; seeding is active independently of the daemon loop"}
{"level":"info","port":":8091","time":"2026-08-09T17:48:57-03:00","caller":"main.go:376","message":"API server started successfully"}
{"level":"info","time":"2026-08-09T17:48:57-03:00","caller":"main.go:381","message":"Daemon loop started automatically"}
{"level":"info","time":"2026-08-09T17:48:57-03:00","caller":"main.go:389","message":"System tray icon started"}
{"level":"info","time":"2026-08-09T17:48:57-03:00","caller":"server.go:149","message":"Serving frontend from embedded filesystem"}
{"level":"info","addr":":8091","time":"2026-08-09T17:48:57-03:00","caller":"server.go:205","message":"Starting API server"}
{"level":"info","usernames":["JediahSk","D4NIDx"],"animes_found":24,"time":"2026-08-09T17:49:05-03:00","caller":"verification.go:525","message":"Successfully fetched animes from Anilist"}
{"level":"info","method":"GET","path":"/api/v1/torrents","remote_addr":"192.168.0.100:39466","status":200,"duration":0.172186,"time":"2026-08-09T17:49:07-03:00","caller":"middleware.go:26","message":"HTTP request"}
{"level":"info","method":"GET","path":"/api/v1/torrents","remote_addr":"192.168.0.100:39466","status":200,"duration":0.020778,"time":"2026-08-09T17:49:07-03:00","caller":"middleware.go:26","message":"HTTP request"}
{"level":"info","method":"GET","path":"/","remote_addr":"192.168.0.100:39466","status":200,"duration":0.028408,"time":"2026-08-09T17:49:07-03:00","caller":"middleware.go:26","message":"HTTP request"}
{"level":"info","method":"GET","path":"/assets/index-Ax_qHwsE.js","remote_addr":"192.168.0.100:39466","status":200,"duration":4.541019,"time":"2026-08-09T17:49:07-03:00","caller":"middleware.go:26","message":"HTTP request"}
{"level":"info","method":"GET","path":"/assets/index-DaAEhw2G.css","remote_addr":"192.168.0.100:39478","status":200,"duration":4.203221,"time":"2026-08-09T17:49:07-03:00","caller":"middleware.go:26","message":"HTTP request"}
{"level":"info","method":"GET","path":"/api/v1/torrents","remote_addr":"192.168.0.100:39466","status":200,"duration":0.034185,"time":"2026-08-09T17:49:07-03:00","caller":"middleware.go:26","message":"HTTP request"}
{"level":"info","method":"GET","path":"/api/v1/status","remote_addr":"192.168.0.100:39466","status":200,"duration":0.182742,"time":"2026-08-09T17:49:07-03:00","caller":"middleware.go:26","message":"HTTP request"}
{"level":"info","method":"GET","path":"/api/v1/status","remote_addr":"192.168.0.100:39466","status":200,"duration":0.10737,"time":"2026-08-09T17:49:07-03:00","caller":"middleware.go:26","message":"HTTP request"}
{"level":"info","clients":1,"time":"2026-08-09T17:49:07-03:00","caller":"websocket.go:97","message":"WebSocket client connected"}
{"level":"info","method":"GET","path":"/api/v1/torrents","remote_addr":"192.168.0.100:39482","status":200,"duration":0.025815,"time":"2026-08-09T17:49:07-03:00","caller":"middleware.go:26","message":"HTTP request"}
{"level":"info","method":"GET","path":"/api/v1/config","remote_addr":"192.168.0.100:39480","status":200,"duration":0.168649,"time":"2026-08-09T17:49:07-03:00","caller":"middleware.go:26","message":"HTTP request"}
{"level":"info","method":"GET","path":"/assets/manrope-latin-700-normal-BZp_XxE4.woff2","remote_addr":"192.168.0.100:39480","status":200,"duration":0.069704,"time":"2026-08-09T17:49:07-03:00","caller":"middleware.go:26","message":"HTTP request"}
{"level":"info","method":"GET","path":"/assets/manrope-latin-600-normal-4f0koTD-.woff2","remote_addr":"192.168.0.100:39482","status":200,"duration":0.093093,"time":"2026-08-09T17:49:07-03:00","caller":"middleware.go:26","message":"HTTP request"}
{"level":"info","method":"GET","path":"/assets/manrope-latin-400-normal-PaqtzbVb.woff2","remote_addr":"192.168.0.100:39466","status":200,"duration":0.046555,"time":"2026-08-09T17:49:07-03:00","caller":"middleware.go:26","message":"HTTP request"}
{"level":"info","method":"GET","path":"/assets/manrope-latin-800-normal-BfWYOv1c.woff2","remote_addr":"192.168.0.100:39502","status":200,"duration":0.073482,"time":"2026-08-09T17:49:07-03:00","caller":"middleware.go:26","message":"HTTP request"}
{"level":"info","method":"GET","path":"/assets/manrope-latin-500-normal-BYYD-dBL.woff2","remote_addr":"192.168.0.100:39516","status":200,"duration":0.089833,"time":"2026-08-09T17:49:07-03:00","caller":"middleware.go:26","message":"HTTP request"}
{"level":"info","method":"GET","path":"/assets/jetbrains-mono-latin-400-normal-V6pRDFza.woff2","remote_addr":"192.168.0.100:39516","status":200,"duration":0.131686,"time":"2026-08-09T17:49:07-03:00","caller":"middleware.go:26","message":"HTTP request"}
{"level":"info","method":"GET","path":"/favicon.png","remote_addr":"192.168.0.100:39516","status":200,"duration":0.349557,"time":"2026-08-09T17:49:07-03:00","caller":"middleware.go:26","message":"HTTP request"}
{"level":"info","anime":"Mushoku Tensei: Jobless Reincarnation Season 3","time":"2026-08-09T17:49:08-03:00","caller":"episodes.go:35","message":"Processing anime episodes"}
{"level":"info","anime":"The World Is Dancing","time":"2026-08-09T17:49:08-03:00","caller":"episodes.go:35","message":"Processing anime episodes"}
{"level":"info","anime":"The 100 Girlfriends Who Really, Really, Really, Really, REALLY Love You Season 3","time":"2026-08-09T17:49:08-03:00","caller":"episodes.go:35","message":"Processing anime episodes"}
{"level":"info","anime":"Daemons of the Shadow Realm","time":"2026-08-09T17:49:08-03:00","caller":"episodes.go:35","message":"Processing anime episodes"}
{"level":"info","anime":"Chainsmoker Cat","time":"2026-08-09T17:49:08-03:00","caller":"episodes.go:35","message":"Processing anime episodes"}
{"level":"info","anime":"From Old Country Bumpkin to Master Swordsman II","time":"2026-08-09T17:49:08-03:00","caller":"episodes.go:35","message":"Processing anime episodes"}
{"level":"info","title":"katainaka no ossan kensei ni naru ii","torrents_found":20,"attempt":1,"time":"2026-08-09T17:49:11-03:00","caller":"search.go:65","message":"Found multiple episodes torrents on Nyaa"}
{"level":"info","hash":"f4bc1d4d152137b90b969025ba98231170129cf6","name":"[Erai-raws] Katainaka no Ossan, Kensei ni Naru II - 01 [1080p AMZN WEB-DL AVC EAC3][MultiSub][13F1C02B]","time":"2026-08-09T17:49:11-03:00","caller":"session.go:88","message":"Added torrent to embedded client"}
{"level":"info","episode":"From Old Country Bumpkin to Master Swordsman II - Episode 1","hash":"f4bc1d4d152137b90b969025ba98231170129cf6","time":"2026-08-09T17:49:11-03:00","caller":"episodes.go:335","message":"Successfully added episode to embedded torrent client"}
{"level":"info","hash":"1f81feaa93bab2e7b7d5aa847a1bcb32f9a5bd9f","name":"[Erai-raws] Katainaka no Ossan, Kensei ni Naru II - 02 [1080p AMZN WEB-DL AVC EAC3][MultiSub][E27C3F25]","time":"2026-08-09T17:49:11-03:00","caller":"session.go:88","message":"Added torrent to embedded client"}
{"level":"info","episode":"From Old Country Bumpkin to Master Swordsman II - Episode 2","hash":"1f81feaa93bab2e7b7d5aa847a1bcb32f9a5bd9f","time":"2026-08-09T17:49:11-03:00","caller":"episodes.go:335","message":"Successfully added episode to embedded torrent client"}
{"level":"info","hash":"6be9adc6733b437def03cbbd8e62d2780503962a","name":"[Erai-raws] Katainaka no Ossan, Kensei ni Naru II - 03 [1080p AMZN WEB-DL AVC EAC3][MultiSub][FD042123]","time":"2026-08-09T17:49:11-03:00","caller":"session.go:88","message":"Added torrent to embedded client"}
{"level":"info","episode":"From Old Country Bumpkin to Master Swordsman II - Episode 3","hash":"6be9adc6733b437def03cbbd8e62d2780503962a","time":"2026-08-09T17:49:11-03:00","caller":"episodes.go:335","message":"Successfully added episode to embedded torrent client"}
{"level":"info","hash":"397c1385a7523c208b7a2ad3f1ddb3adb9a1ec83","name":"[Erai-raws] Katainaka no Ossan, Kensei ni Naru II - 04 [1080p AMZN WEB-DL AVC EAC3][MultiSub][8AC2992E]","time":"2026-08-09T17:49:11-03:00","caller":"session.go:88","message":"Added torrent to embedded client"}
{"level":"info","hash":"397c1385a7523c208b7a2ad3f1ddb3adb9a1ec83","time":"2026-08-09T17:49:11-03:00","caller":"session.go:124","message":"Paused torrent"}
{"level":"info","episode":"From Old Country Bumpkin to Master Swordsman II - Episode 4","hash":"397c1385a7523c208b7a2ad3f1ddb3adb9a1ec83","time":"2026-08-09T17:49:11-03:00","caller":"episodes.go:335","message":"Successfully added episode to embedded torrent client"}
{"level":"info","hash":"94750498b9ac853909aa56d05a024106e329b018","name":"[Erai-raws] Katainaka no Ossan, Kensei ni Naru II - 05 [1080p AMZN WEB-DL AVC EAC3][MultiSub][B01748EC]","time":"2026-08-09T17:49:11-03:00","caller":"session.go:88","message":"Added torrent to embedded client"}
{"level":"info","hash":"94750498b9ac853909aa56d05a024106e329b018","time":"2026-08-09T17:49:11-03:00","caller":"session.go:124","message":"Paused torrent"}
{"level":"info","episode":"From Old Country Bumpkin to Master Swordsman II - Episode 5","hash":"94750498b9ac853909aa56d05a024106e329b018","time":"2026-08-09T17:49:11-03:00","caller":"episodes.go:335","message":"Successfully added episode to embedded torrent client"}
{"level":"info","anime":"Love Unseen Beneath the Clear Night Sky","time":"2026-08-09T17:49:11-03:00","caller":"episodes.go:35","message":"Processing anime episodes"}
{"level":"info","anime":"Jaadugar: A Witch in Mongolia","time":"2026-08-09T17:49:11-03:00","caller":"episodes.go:35","message":"Processing anime episodes"}
{"level":"info","title":"mushoku tensei iii isekai ittara honki dasu","torrents_found":4,"attempt":1,"time":"2026-08-09T17:49:11-03:00","caller":"search.go:65","message":"Found multiple episodes torrents on Nyaa"}
{"level":"info","hash":"a6dc4f46320e205a3c8e80974a6e0d3d1483ecb3","name":"[Erai-raws] Mushoku Tensei III: Isekai Ittara Honki Dasu - 07 [1080p CR WEB-DL AVC AAC][MultiSub][F56F9CC9]","time":"2026-08-09T17:49:11-03:00","caller":"session.go:88","message":"Added torrent to embedded client"}
{"level":"info","hash":"a6dc4f46320e205a3c8e80974a6e0d3d1483ecb3","time":"2026-08-09T17:49:11-03:00","caller":"session.go:124","message":"Paused torrent"}
{"level":"info","episode":"Mushoku Tensei: Jobless Reincarnation Season 3 - Episode 7","hash":"a6dc4f46320e205a3c8e80974a6e0d3d1483ecb3","time":"2026-08-09T17:49:11-03:00","caller":"episodes.go:335","message":"Successfully added episode to embedded torrent client"}
{"level":"info","anime":"You and I Are Polar Opposites Season 2","time":"2026-08-09T17:49:11-03:00","caller":"episodes.go:35","message":"Processing anime episodes"}
{"level":"info","title":"yomi no tsugai","torrents_found":35,"attempt":1,"time":"2026-08-09T17:49:12-03:00","caller":"search.go:65","message":"Found multiple episodes torrents on Nyaa"}
{"level":"info","hash":"1a5ffbccee0f096a918782686029657f56d88c39","name":"[SubsPlease] Yomi no Tsugai - 13 (1080p) [4F80A340].mkv","time":"2026-08-09T17:49:12-03:00","caller":"session.go:88","message":"Added torrent to embedded client"}
{"level":"info","hash":"1a5ffbccee0f096a918782686029657f56d88c39","time":"2026-08-09T17:49:12-03:00","caller":"session.go:124","message":"Paused torrent"}
{"level":"info","episode":"Daemons of the Shadow Realm - Episode 13","hash":"1a5ffbccee0f096a918782686029657f56d88c39","time":"2026-08-09T17:49:12-03:00","caller":"episodes.go:335","message":"Successfully added episode to embedded torrent client"}
{"level":"info","hash":"bf39b706242716f913fcff5ac401e18a7c0f8282","name":"[SubsPlease] Yomi no Tsugai - 14v2 (1080p) [983D7BB5].mkv","time":"2026-08-09T17:49:12-03:00","caller":"session.go:88","message":"Added torrent to embedded client"}
{"level":"info","hash":"bf39b706242716f913fcff5ac401e18a7c0f8282","time":"2026-08-09T17:49:12-03:00","caller":"session.go:124","message":"Paused torrent"}
{"level":"info","episode":"Daemons of the Shadow Realm - Episode 14","hash":"bf39b706242716f913fcff5ac401e18a7c0f8282","time":"2026-08-09T17:49:12-03:00","caller":"episodes.go:335","message":"Successfully added episode to embedded torrent client"}
{"level":"info","hash":"4153cb2cda51cd1d1b0e2324bcd5e2d19845b91f","name":"[SubsPlease] Yomi no Tsugai - 15 (1080p) [634FD68D].mkv","time":"2026-08-09T17:49:12-03:00","caller":"session.go:88","message":"Added torrent to embedded client"}
{"level":"info","hash":"4153cb2cda51cd1d1b0e2324bcd5e2d19845b91f","time":"2026-08-09T17:49:12-03:00","caller":"session.go:124","message":"Paused torrent"}
{"level":"info","episode":"Daemons of the Shadow Realm - Episode 15","hash":"4153cb2cda51cd1d1b0e2324bcd5e2d19845b91f","time":"2026-08-09T17:49:12-03:00","caller":"episodes.go:335","message":"Successfully added episode to embedded torrent client"}
{"level":"info","hash":"4e53b93f45235478ea8643ae0f255882a46d6967","name":"[SubsPlease] Yomi no Tsugai - 16 (1080p) [AF419C47].mkv","time":"2026-08-09T17:49:12-03:00","caller":"session.go:88","message":"Added torrent to embedded client"}
{"level":"info","hash":"4e53b93f45235478ea8643ae0f255882a46d6967","time":"2026-08-09T17:49:12-03:00","caller":"session.go:124","message":"Paused torrent"}
{"level":"info","episode":"Daemons of the Shadow Realm - Episode 16","hash":"4e53b93f45235478ea8643ae0f255882a46d6967","time":"2026-08-09T17:49:12-03:00","caller":"episodes.go:335","message":"Successfully added episode to embedded torrent client"}
{"level":"info","hash":"873d2a7b6d684f911850dc593578024442d28ecd","name":"[SubsPlease] Yomi no Tsugai - 17 (1080p) [01D3DF19].mkv","time":"2026-08-09T17:49:12-03:00","caller":"session.go:88","message":"Added torrent to embedded client"}
{"level":"info","hash":"873d2a7b6d684f911850dc593578024442d28ecd","time":"2026-08-09T17:49:12-03:00","caller":"session.go:124","message":"Paused torrent"}
{"level":"info","episode":"Daemons of the Shadow Realm - Episode 17","hash":"873d2a7b6d684f911850dc593578024442d28ecd","time":"2026-08-09T17:49:12-03:00","caller":"episodes.go:335","message":"Successfully added episode to embedded torrent client"}
{"level":"info","hash":"af34b5cf885d9617b895ac6d4df6b498334ddcdd","name":"[SubsPlease] Yomi no Tsugai - 18 (1080p) [DD1CA4BC].mkv","time":"2026-08-09T17:49:12-03:00","caller":"session.go:88","message":"Added torrent to embedded client"}
{"level":"info","hash":"af34b5cf885d9617b895ac6d4df6b498334ddcdd","time":"2026-08-09T17:49:12-03:00","caller":"session.go:124","message":"Paused torrent"}
{"level":"info","episode":"Daemons of the Shadow Realm - Episode 18","hash":"af34b5cf885d9617b895ac6d4df6b498334ddcdd","time":"2026-08-09T17:49:12-03:00","caller":"episodes.go:335","message":"Successfully added episode to embedded torrent client"}
{"level":"info","anime":"Smoking Behind the Supermarket with You","time":"2026-08-09T17:49:12-03:00","caller":"episodes.go:35","message":"Processing anime episodes"}
{"level":"info","anime":"Sparks of Tomorrow","time":"2026-08-09T17:49:12-03:00","caller":"episodes.go:35","message":"Processing anime episodes"}
{"level":"info","method":"GET","path":"/api/v1/torrents","remote_addr":"192.168.0.100:39516","status":200,"duration":0.330131,"time":"2026-08-09T17:49:12-03:00","caller":"middleware.go:26","message":"HTTP request"}
{"level":"info","title":"world is dancing","torrents_found":32,"attempt":1,"time":"2026-08-09T17:49:13-03:00","caller":"search.go:65","message":"Found multiple episodes torrents on Nyaa"}
{"level":"info","hash":"672fe567235e14c2f56ee196c2197b159991138a","name":"[SubsPlease] World Is Dancing - 03 (1080p) [5174566E].mkv","time":"2026-08-09T17:49:13-03:00","caller":"session.go:88","message":"Added torrent to embedded client"}
{"level":"info","hash":"672fe567235e14c2f56ee196c2197b159991138a","time":"2026-08-09T17:49:13-03:00","caller":"session.go:124","message":"Paused torrent"}
{"level":"info","episode":"The World Is Dancing - Episode 3","hash":"672fe567235e14c2f56ee196c2197b159991138a","time":"2026-08-09T17:49:13-03:00","caller":"episodes.go:335","message":"Successfully added episode to embedded torrent client"}
{"level":"info","hash":"80382ec014a33b84074c519eb04a826a134ec1c7","name":"[SubsPlease] World Is Dancing - 04 (1080p) [DE41F423].mkv","time":"2026-08-09T17:49:13-03:00","caller":"session.go:88","message":"Added torrent to embedded client"}
{"level":"info","hash":"80382ec014a33b84074c519eb04a826a134ec1c7","time":"2026-08-09T17:49:13-03:00","caller":"session.go:124","message":"Paused torrent"}
{"level":"info","episode":"The World Is Dancing - Episode 4","hash":"80382ec014a33b84074c519eb04a826a134ec1c7","time":"2026-08-09T17:49:13-03:00","caller":"episodes.go:335","message":"Successfully added episode to embedded torrent client"}
{"level":"info","hash":"3d5d990cc9470fc8f942f71a539fbfc3eec7ddfc","name":"[SubsPlease] World Is Dancing - 05 (1080p) [8C6E78C2].mkv","time":"2026-08-09T17:49:13-03:00","caller":"session.go:88","message":"Added torrent to embedded client"}
{"level":"info","hash":"3d5d990cc9470fc8f942f71a539fbfc3eec7ddfc","time":"2026-08-09T17:49:13-03:00","caller":"session.go:124","message":"Paused torrent"}
{"level":"info","episode":"The World Is Dancing - Episode 5","hash":"3d5d990cc9470fc8f942f71a539fbfc3eec7ddfc","time":"2026-08-09T17:49:13-03:00","caller":"episodes.go:335","message":"Successfully added episode to embedded torrent client"}
{"level":"info","hash":"4cc9650c640983b0c99d6b7716e4253da996a5d8","name":"[SubsPlease] World Is Dancing - 06 (1080p) [50DE468A].mkv","time":"2026-08-09T17:49:13-03:00","caller":"session.go:88","message":"Added torrent to embedded client"}
{"level":"info","hash":"4cc9650c640983b0c99d6b7716e4253da996a5d8","time":"2026-08-09T17:49:13-03:00","caller":"session.go:124","message":"Paused torrent"}
{"level":"info","episode":"The World Is Dancing - Episode 6","hash":"4cc9650c640983b0c99d6b7716e4253da996a5d8","time":"2026-08-09T17:49:13-03:00","caller":"episodes.go:335","message":"Successfully added episode to embedded torrent client"}
{"level":"info","anime":"KAIJU GIRL CARAMELISE","time":"2026-08-09T17:49:13-03:00","caller":"episodes.go:35","message":"Processing anime episodes"}
{"level":"info","anime":"The Cat and the Dragon","time":"2026-08-09T17:49:13-03:00","caller":"episodes.go:35","message":"Processing anime episodes"}
{"level":"info","method":"GET","path":"/api/v1/animes","remote_addr":"192.168.0.100:39472","status":200,"duration":6842.69197,"time":"2026-08-09T17:49:14-03:00","caller":"middleware.go:26","message":"HTTP request"}
{"level":"info","method":"GET","path":"/api/v1/animes","remote_addr":"192.168.0.100:39478","status":200,"duration":8182.175167,"time":"2026-08-09T17:49:15-03:00","caller":"middleware.go:26","message":"HTTP request"}
{"level":"info","method":"GET","path":"/assets/jetbrains-mono-latin-700-normal-BYuf6tUa.woff2","remote_addr":"192.168.0.100:39478","status":200,"duration":0.099037,"time":"2026-08-09T17:49:15-03:00","caller":"middleware.go:26","message":"HTTP request"}
{"level":"info","title":"tenmaku no jaadugar","torrents_found":40,"attempt":1,"time":"2026-08-09T17:49:16-03:00","caller":"search.go:65","message":"Found multiple episodes torrents on Nyaa"}
{"level":"info","hash":"bdb1c523c0b74e6c090767074a23156468427087","name":"[SubsPlease] Tenmaku no Jaadugar - 04 (1080p) [7588D531].mkv","time":"2026-08-09T17:49:16-03:00","caller":"session.go:88","message":"Added torrent to embedded client"}
{"level":"info","hash":"bdb1c523c0b74e6c090767074a23156468427087","time":"2026-08-09T17:49:16-03:00","caller":"session.go:124","message":"Paused torrent"}
{"level":"info","episode":"Jaadugar: A Witch in Mongolia - Episode 4","hash":"bdb1c523c0b74e6c090767074a23156468427087","time":"2026-08-09T17:49:16-03:00","caller":"episodes.go:335","message":"Successfully added episode to embedded torrent client"}
{"level":"info","hash":"662b68efa02eb1e73629b60342da338771d9f870","name":"[SubsPlease] Tenmaku no Jaadugar - 05 (1080p) [12D67191].mkv","time":"2026-08-09T17:49:16-03:00","caller":"session.go:88","message":"Added torrent to embedded client"}
{"level":"info","hash":"662b68efa02eb1e73629b60342da338771d9f870","time":"2026-08-09T17:49:16-03:00","caller":"session.go:124","message":"Paused torrent"}
{"level":"info","episode":"Jaadugar: A Witch in Mongolia - Episode 5","hash":"662b68efa02eb1e73629b60342da338771d9f870","time":"2026-08-09T17:49:16-03:00","caller":"episodes.go:335","message":"Successfully added episode to embedded torrent client"}
{"level":"info","hash":"8edffc20928073da4fd4283eb863d44b72e5a2e1","name":"[SubsPlease] Tenmaku no Jaadugar - 06 (1080p) [3E131AC7].mkv","time":"2026-08-09T17:49:16-03:00","caller":"session.go:88","message":"Added torrent to embedded client"}
{"level":"info","hash":"8edffc20928073da4fd4283eb863d44b72e5a2e1","time":"2026-08-09T17:49:16-03:00","caller":"session.go:124","message":"Paused torrent"}
{"level":"info","episode":"Jaadugar: A Witch in Mongolia - Episode 6","hash":"8edffc20928073da4fd4283eb863d44b72e5a2e1","time":"2026-08-09T17:49:16-03:00","caller":"episodes.go:335","message":"Successfully added episode to embedded torrent client"}
{"level":"info","hash":"14f194a4249833b76bd276699bb40f0947cdc5f1","name":"[SubsPlease] Tenmaku no Jaadugar - 07 (1080p) [B891C005].mkv","time":"2026-08-09T17:49:16-03:00","caller":"session.go:88","message":"Added torrent to embedded client"}
{"level":"info","hash":"14f194a4249833b76bd276699bb40f0947cdc5f1","time":"2026-08-09T17:49:16-03:00","caller":"session.go:124","message":"Paused torrent"}
{"level":"info","episode":"Jaadugar: A Witch in Mongolia - Episode 7","hash":"14f194a4249833b76bd276699bb40f0947cdc5f1","time":"2026-08-09T17:49:16-03:00","caller":"episodes.go:335","message":"Successfully added episode to embedded torrent client"}
{"level":"info","anime":"THE GHOST IN THE SHELL","time":"2026-08-09T17:49:16-03:00","caller":"episodes.go:35","message":"Processing anime episodes"}
{"level":"info","title":"seihantai na kimi to boku 2nd season","torrents_found":5,"attempt":1,"time":"2026-08-09T17:49:16-03:00","caller":"search.go:65","message":"Found multiple episodes torrents on Nyaa"}
{"level":"info","hash":"2a19fd7489880fa5b27316d928a8e4af961ff31d","name":"[Erai-raws] Seihantai na Kimi to Boku 2nd Season - 06 [1080p CR WEB-DL AVC AAC][MultiSub][D7BFEDB8]","time":"2026-08-09T17:49:16-03:00","caller":"session.go:88","message":"Added torrent to embedded client"}
{"level":"info","hash":"2a19fd7489880fa5b27316d928a8e4af961ff31d","time":"2026-08-09T17:49:16-03:00","caller":"session.go:124","message":"Paused torrent"}
{"level":"info","episode":"You and I Are Polar Opposites Season 2 - Episode 6","hash":"2a19fd7489880fa5b27316d928a8e4af961ff31d","time":"2026-08-09T17:49:16-03:00","caller":"episodes.go:335","message":"Successfully added episode to embedded torrent client"}
{"level":"info","anime":"The Insipid Prince's Furtive Grab for the Throne","time":"2026-08-09T17:49:16-03:00","caller":"episodes.go:35","message":"Processing anime episodes"}
{"level":"info","title":"nijusseiki denki mokuroku eureka evrika","torrents_found":5,"attempt":1,"time":"2026-08-09T17:49:17-03:00","caller":"search.go:65","message":"Found multiple episodes torrents on Nyaa"}
{"level":"info","hash":"8b97c6905ccd4b30729cb12c35f4f67f9adf1ce0","name":"[DKB] Nijusseiki Denki Mokuroku: Eureka Evrika - S01E01 [1080p][HEVC x265 10bit][Dual-Audio][Multi-Subs][weekly]","time":"2026-08-09T17:49:17-03:00","caller":"session.go:88","message":"Added torrent to embedded client"}
{"level":"info","hash":"8b97c6905ccd4b30729cb12c35f4f67f9adf1ce0","time":"2026-08-09T17:49:17-03:00","caller":"session.go:124","message":"Paused torrent"}
{"level":"info","episode":"Sparks of Tomorrow - Episode 1","hash":"8b97c6905ccd4b30729cb12c35f4f67f9adf1ce0","time":"2026-08-09T17:49:17-03:00","caller":"episodes.go:335","message":"Successfully added episode to embedded torrent client"}
{"level":"info","hash":"acf6fb9038f3a6762e70038e3dfde11d445a304d","name":"[DKB] Nijusseiki Denki Mokuroku: Eureka Evrika - S01E02 [1080p][HEVC x265 10bit][Dual-Audio][Multi-Subs][weekly]","time":"2026-08-09T17:49:17-03:00","caller":"session.go:88","message":"Added torrent to embedded client"}
{"level":"info","hash":"acf6fb9038f3a6762e70038e3dfde11d445a304d","time":"2026-08-09T17:49:17-03:00","caller":"session.go:124","message":"Paused torrent"}
{"level":"info","episode":"Sparks of Tomorrow - Episode 2","hash":"acf6fb9038f3a6762e70038e3dfde11d445a304d","time":"2026-08-09T17:49:17-03:00","caller":"episodes.go:335","message":"Successfully added episode to embedded torrent client"}
{"level":"info","hash":"03e008e16e027e52247b816a587088bf498788cf","name":"[DKB] Nijusseiki Denki Mokuroku: Eureka Evrika - S01E03 [1080p][HEVC x265 10bit][Dual-Audio][Multi-Subs][weekly]","time":"2026-08-09T17:49:17-03:00","caller":"session.go:88","message":"Added torrent to embedded client"}
{"level":"info","hash":"03e008e16e027e52247b816a587088bf498788cf","time":"2026-08-09T17:49:17-03:00","caller":"session.go:124","message":"Paused torrent"}
{"level":"info","episode":"Sparks of Tomorrow - Episode 3","hash":"03e008e16e027e52247b816a587088bf498788cf","time":"2026-08-09T17:49:17-03:00","caller":"episodes.go:335","message":"Successfully added episode to embedded torrent client"}
{"level":"info","hash":"9fbc26dc32a76e5e55e54b2cbbda199d622603a7","name":"[DKB] Nijusseiki Denki Mokuroku: Eureka Evrika - S01E04 [1080p][HEVC x265 10bit][Dual-Audio][Multi-Subs][weekly]","time":"2026-08-09T17:49:17-03:00","caller":"session.go:88","message":"Added torrent to embedded client"}
{"level":"info","hash":"9fbc26dc32a76e5e55e54b2cbbda199d622603a7","time":"2026-08-09T17:49:17-03:00","caller":"session.go:124","message":"Paused torrent"}
{"level":"info","episode":"Sparks of Tomorrow - Episode 4","hash":"9fbc26dc32a76e5e55e54b2cbbda199d622603a7","time":"2026-08-09T17:49:17-03:00","caller":"episodes.go:335","message":"Successfully added episode to embedded torrent client"}
{"level":"info","hash":"ceb15922f0f15e24ccd7f07c10629be8d9a0215f","name":"[DKB] Nijusseiki Denki Mokuroku: Eureka Evrika - S01E05 [1080p][HEVC x265 10bit][Dual-Audio][Multi-Subs][weekly]","time":"2026-08-09T17:49:17-03:00","caller":"session.go:88","message":"Added torrent to embedded client"}
{"level":"info","hash":"ceb15922f0f15e24ccd7f07c10629be8d9a0215f","time":"2026-08-09T17:49:17-03:00","caller":"session.go:124","message":"Paused torrent"}
{"level":"info","episode":"Sparks of Tomorrow - Episode 5","hash":"ceb15922f0f15e24ccd7f07c10629be8d9a0215f","time":"2026-08-09T17:49:17-03:00","caller":"episodes.go:335","message":"Successfully added episode to embedded torrent client"}
{"level":"info","method":"GET","path":"/api/v1/torrents","remote_addr":"192.168.0.100:39478","status":200,"duration":0.759429,"time":"2026-08-09T17:49:17-03:00","caller":"middleware.go:26","message":"HTTP request"}
{"level":"info","method":"GET","path":"/api/v1/torrents","remote_addr":"192.168.0.100:39516","status":200,"duration":1.054782,"time":"2026-08-09T17:49:17-03:00","caller":"middleware.go:26","message":"HTTP request"}
{"level":"info","title":"Kimi no Koto ga Dai Dai Dai Dai Daisuki na 100-nin no Kanojo 3rd Season","torrents_found":5,"attempt":2,"time":"2026-08-09T17:49:17-03:00","caller":"search.go:65","message":"Found multiple episodes torrents on Nyaa"}
{"level":"info","hash":"0f4fc41c21f8a01a48efcb627fa5a8da9295a2bf","name":"[Erai-raws] Kimi no Koto ga Dai Dai Dai Dai Daisuki na 100-nin no Kanojo S3 - 06 [1080p CR WEB-DL AVC AAC][MultiSub][FE5EBB51]","time":"2026-08-09T17:49:17-03:00","caller":"session.go:88","message":"Added torrent to embedded client"}
{"level":"info","hash":"0f4fc41c21f8a01a48efcb627fa5a8da9295a2bf","time":"2026-08-09T17:49:17-03:00","caller":"session.go:124","message":"Paused torrent"}
{"level":"info","episode":"The 100 Girlfriends Who Really, Really, Really, Really, REALLY Love You Season 3 - Episode 6","hash":"0f4fc41c21f8a01a48efcb627fa5a8da9295a2bf","time":"2026-08-09T17:49:17-03:00","caller":"episodes.go:335","message":"Successfully added episode to embedded torrent client"}
{"level":"info","anime":"The Frontier Lord Begins with Zero Subjects","time":"2026-08-09T17:49:17-03:00","caller":"episodes.go:35","message":"Processing anime episodes"}
{"level":"info","title":"neko to ryuu","torrents_found":63,"attempt":1,"time":"2026-08-09T17:49:18-03:00","caller":"search.go:65","message":"Found multiple episodes torrents on Nyaa"}
{"level":"info","hash":"fcb4a44919ae7cf564a15eecf8d3c67f7cba2220","name":"[SubsPlease] Neko to Ryuu - 01 (1080p) [B8EF4B26].mkv","time":"2026-08-09T17:49:18-03:00","caller":"session.go:88","message":"Added torrent to embedded client"}
{"level":"info","hash":"fcb4a44919ae7cf564a15eecf8d3c67f7cba2220","time":"2026-08-09T17:49:18-03:00","caller":"session.go:124","message":"Paused torrent"}
{"level":"info","episode":"The Cat and the Dragon - Episode 1","hash":"fcb4a44919ae7cf564a15eecf8d3c67f7cba2220","time":"2026-08-09T17:49:18-03:00","caller":"episodes.go:335","message":"Successfully added episode to embedded torrent client"}
{"level":"info","hash":"5212e74ab460ad9c4e09f0474bcbcce5f5ecb9f2","name":"[SubsPlease] Neko to Ryuu - 02 (1080p) [974F8B53].mkv","time":"2026-08-09T17:49:19-03:00","caller":"session.go:88","message":"Added torrent to embedded client"}
{"level":"info","hash":"5212e74ab460ad9c4e09f0474bcbcce5f5ecb9f2","time":"2026-08-09T17:49:19-03:00","caller":"session.go:124","message":"Paused torrent"}
{"level":"info","episode":"The Cat and the Dragon - Episode 2","hash":"5212e74ab460ad9c4e09f0474bcbcce5f5ecb9f2","time":"2026-08-09T17:49:19-03:00","caller":"episodes.go:335","message":"Successfully added episode to embedded torrent client"}
{"level":"info","hash":"98606584b82f06e54992ac8e0c981450c7bdd35f","name":"[SubsPlease] Neko to Ryuu - 03 (1080p) [F9673836].mkv","time":"2026-08-09T17:49:19-03:00","caller":"session.go:88","message":"Added torrent to embedded client"}
{"level":"info","hash":"98606584b82f06e54992ac8e0c981450c7bdd35f","time":"2026-08-09T17:49:19-03:00","caller":"session.go:124","message":"Paused torrent"}
{"level":"info","episode":"The Cat and the Dragon - Episode 3","hash":"98606584b82f06e54992ac8e0c981450c7bdd35f","time":"2026-08-09T17:49:19-03:00","caller":"episodes.go:335","message":"Successfully added episode to embedded torrent client"}
{"level":"info","hash":"442db719631996ae570bae1b57e56a9bbe338c8c","name":"[SubsPlease] Neko to Ryuu - 04 (1080p) [BBFBB912].mkv","time":"2026-08-09T17:49:19-03:00","caller":"session.go:88","message":"Added torrent to embedded client"}
{"level":"info","hash":"442db719631996ae570bae1b57e56a9bbe338c8c","time":"2026-08-09T17:49:19-03:00","caller":"session.go:124","message":"Paused torrent"}
{"level":"info","episode":"The Cat and the Dragon - Episode 4","hash":"442db719631996ae570bae1b57e56a9bbe338c8c","time":"2026-08-09T17:49:19-03:00","caller":"episodes.go:335","message":"Successfully added episode to embedded torrent client"}
{"level":"info","hash":"ecf80f73f1088a71120e1dac79d42b0eecbfa429","name":"[SubsPlease] Neko to Ryuu - 05 (1080p) [E270CDF0].mkv","time":"2026-08-09T17:49:19-03:00","caller":"session.go:88","message":"Added torrent to embedded client"}
{"level":"info","hash":"ecf80f73f1088a71120e1dac79d42b0eecbfa429","time":"2026-08-09T17:49:19-03:00","caller":"session.go:124","message":"Paused torrent"}
{"level":"info","episode":"The Cat and the Dragon - Episode 5","hash":"ecf80f73f1088a71120e1dac79d42b0eecbfa429","time":"2026-08-09T17:49:19-03:00","caller":"episodes.go:335","message":"Successfully added episode to embedded torrent client"}
{"level":"info","hash":"f7adcca47a27db278fdb4bdb3fe46b39bac39fd8","name":"[SubsPlease] Neko to Ryuu - 06 (1080p) [119E9BD4].mkv","time":"2026-08-09T17:49:19-03:00","caller":"session.go:88","message":"Added torrent to embedded client"}
{"level":"info","hash":"f7adcca47a27db278fdb4bdb3fe46b39bac39fd8","time":"2026-08-09T17:49:19-03:00","caller":"session.go:124","message":"Paused torrent"}
{"level":"info","episode":"The Cat and the Dragon - Episode 6","hash":"f7adcca47a27db278fdb4bdb3fe46b39bac39fd8","time":"2026-08-09T17:49:19-03:00","caller":"episodes.go:335","message":"Successfully added episode to embedded torrent client"}
{"level":"info","hash":"028898126c8526e785f0613fc4752c81b1fae72f","name":"[SubsPlease] Neko to Ryuu - 07 (1080p) [96403CD2].mkv","time":"2026-08-09T17:49:19-03:00","caller":"session.go:88","message":"Added torrent to embedded client"}
{"level":"info","hash":"028898126c8526e785f0613fc4752c81b1fae72f","time":"2026-08-09T17:49:19-03:00","caller":"session.go:124","message":"Paused torrent"}
{"level":"info","episode":"The Cat and the Dragon - Episode 7","hash":"028898126c8526e785f0613fc4752c81b1fae72f","time":"2026-08-09T17:49:19-03:00","caller":"episodes.go:335","message":"Successfully added episode to embedded torrent client"}
{"level":"info","anime":"A Livid Lady’s Guide to Getting Even: How I Crushed My Homeland with My Mighty Grimoires","time":"2026-08-09T17:49:19-03:00","caller":"episodes.go:35","message":"Processing anime episodes"}
{"level":"info","title":"koukaku kidoutai the ghost in the shell","torrents_found":5,"attempt":1,"time":"2026-08-09T17:49:20-03:00","caller":"search.go:65","message":"Found multiple episodes torrents on Nyaa"}
{"level":"info","hash":"42e7f2ec28c2313e5af1c42f2ae8fae366068cfd","name":"[Judas] Koukaku Kidoutai (2026) (The Ghost in the Shell) - S01E01 [1080p][HEVC x265 10bit][Dual-Audio][Multi-Subs] (Weekly)","time":"2026-08-09T17:49:20-03:00","caller":"session.go:88","message":"Added torrent to embedded client"}
{"level":"info","hash":"42e7f2ec28c2313e5af1c42f2ae8fae366068cfd","time":"2026-08-09T17:49:20-03:00","caller":"session.go:124","message":"Paused torrent"}
{"level":"info","episode":"THE GHOST IN THE SHELL - Episode 1","hash":"42e7f2ec28c2313e5af1c42f2ae8fae366068cfd","time":"2026-08-09T17:49:20-03:00","caller":"episodes.go:335","message":"Successfully added episode to embedded torrent client"}
{"level":"info","hash":"594bc91b6635b240a0f21bbca87a5a96503059d6","name":"[Judas] Koukaku Kidoutai (2026) (The Ghost in the Shell) - S01E02 [1080p][HEVC x265 10bit][Dual-Audio][Multi-Subs] (Weekly)","time":"2026-08-09T17:49:20-03:00","caller":"session.go:88","message":"Added torrent to embedded client"}
{"level":"info","hash":"594bc91b6635b240a0f21bbca87a5a96503059d6","time":"2026-08-09T17:49:20-03:00","caller":"session.go:124","message":"Paused torrent"}
{"level":"info","episode":"THE GHOST IN THE SHELL - Episode 2","hash":"594bc91b6635b240a0f21bbca87a5a96503059d6","time":"2026-08-09T17:49:20-03:00","caller":"episodes.go:335","message":"Successfully added episode to embedded torrent client"}
{"level":"info","hash":"4cc95a4e68b0e8e408170fc928c947e2a214f4a8","name":"[Judas] Koukaku Kidoutai (2026) (The Ghost in the Shell) - S01E03 [1080p][HEVC x265 10bit][Dual-Audio][Multi-Subs] (Weekly)","time":"2026-08-09T17:49:20-03:00","caller":"session.go:88","message":"Added torrent to embedded client"}
{"level":"info","hash":"4cc95a4e68b0e8e408170fc928c947e2a214f4a8","time":"2026-08-09T17:49:20-03:00","caller":"session.go:124","message":"Paused torrent"}
{"level":"info","episode":"THE GHOST IN THE SHELL - Episode 3","hash":"4cc95a4e68b0e8e408170fc928c947e2a214f4a8","time":"2026-08-09T17:49:20-03:00","caller":"episodes.go:335","message":"Successfully added episode to embedded torrent client"}
{"level":"info","hash":"bec3330cc8c8785ef7e62ed481b1c6fcf4f6d88c","name":"[Judas] Koukaku Kidoutai (2026) (The Ghost in the Shell) - S01E04 [1080p][HEVC x265 10bit][Dual-Audio][Multi-Subs] (Weekly)","time":"2026-08-09T17:49:20-03:00","caller":"session.go:88","message":"Added torrent to embedded client"}
{"level":"info","hash":"bec3330cc8c8785ef7e62ed481b1c6fcf4f6d88c","time":"2026-08-09T17:49:20-03:00","caller":"session.go:124","message":"Paused torrent"}
{"level":"info","episode":"THE GHOST IN THE SHELL - Episode 4","hash":"bec3330cc8c8785ef7e62ed481b1c6fcf4f6d88c","time":"2026-08-09T17:49:20-03:00","caller":"episodes.go:335","message":"Successfully added episode to embedded torrent client"}
{"level":"info","hash":"079c7bf051cd3c5192406d760075636f3a42c95b","name":"[Judas] Koukaku Kidoutai (2026) (The Ghost in the Shell) - S01E05 [1080p][HEVC x265 10bit][Dual-Audio][Multi-Subs] (Weekly)","time":"2026-08-09T17:49:20-03:00","caller":"session.go:88","message":"Added torrent to embedded client"}
{"level":"info","hash":"079c7bf051cd3c5192406d760075636f3a42c95b","time":"2026-08-09T17:49:20-03:00","caller":"session.go:124","message":"Paused torrent"}
{"level":"info","episode":"THE GHOST IN THE SHELL - Episode 5","hash":"079c7bf051cd3c5192406d760075636f3a42c95b","time":"2026-08-09T17:49:20-03:00","caller":"episodes.go:335","message":"Successfully added episode to embedded torrent client"}
{"level":"info","anime":"The Villager of Level 999","time":"2026-08-09T17:49:20-03:00","caller":"episodes.go:35","message":"Processing anime episodes"}
{"level":"info","method":"GET","path":"/api/v1/torrents","remote_addr":"192.168.0.100:39516","status":200,"duration":0.752651,"time":"2026-08-09T17:49:22-03:00","caller":"middleware.go:26","message":"HTTP request"}
{"level":"info","title":"lv999 no murabito","torrents_found":18,"attempt":1,"time":"2026-08-09T17:49:25-03:00","caller":"search.go:65","message":"Found multiple episodes torrents on Nyaa"}
{"level":"info","hash":"84b31ccacfec40be5ee696042775dcd493c3c1b9","name":"[SubsPlease] Lv999 no Murabito - 06 (1080p) [D34AAA98].mkv","time":"2026-08-09T17:49:25-03:00","caller":"session.go:88","message":"Added torrent to embedded client"}
{"level":"info","hash":"84b31ccacfec40be5ee696042775dcd493c3c1b9","time":"2026-08-09T17:49:25-03:00","caller":"session.go:124","message":"Paused torrent"}
{"level":"info","episode":"The Villager of Level 999 - Episode 6","hash":"84b31ccacfec40be5ee696042775dcd493c3c1b9","time":"2026-08-09T17:49:25-03:00","caller":"episodes.go:335","message":"Successfully added episode to embedded torrent client"}
{"level":"info","hash":"dd4c9b88c9053fd33e82efe82a215a3ed54fa9ec","name":"[SubsPlease] Lv999 no Murabito - 07 (1080p) [451CACE8].mkv","time":"2026-08-09T17:49:26-03:00","caller":"session.go:88","message":"Added torrent to embedded client"}
{"level":"info","hash":"dd4c9b88c9053fd33e82efe82a215a3ed54fa9ec","time":"2026-08-09T17:49:26-03:00","caller":"session.go:124","message":"Paused torrent"}
{"level":"info","episode":"The Villager of Level 999 - Episode 7","hash":"dd4c9b88c9053fd33e82efe82a215a3ed54fa9ec","time":"2026-08-09T17:49:26-03:00","caller":"episodes.go:335","message":"Successfully added episode to embedded torrent client"}
{"level":"info","anime":"Hanaori-san Still Wants to Fight in the Next Life","time":"2026-08-09T17:49:26-03:00","caller":"episodes.go:35","message":"Processing anime episodes"}
{"level":"info","method":"GET","path":"/api/v1/torrents","remote_addr":"192.168.0.100:39516","status":200,"duration":1.103449,"time":"2026-08-09T17:49:27-03:00","caller":"middleware.go:26","message":"HTTP request"}
{"level":"info","method":"GET","path":"/api/v1/torrents","remote_addr":"192.168.0.100:39478","status":200,"duration":1.019134,"time":"2026-08-09T17:49:27-03:00","caller":"middleware.go:26","message":"HTTP request"}
{"level":"info","title":"Ryoumin 0-Nin Start no Henkyou Ryoushu-sama","torrents_found":11,"attempt":2,"time":"2026-08-09T17:49:27-03:00","caller":"search.go:65","message":"Found multiple episodes torrents on Nyaa"}
{"level":"info","hash":"9bdf9106b2b82576c7a9b022b425c72f46d2728b","name":"[SubsPlease] Ryoumin 0-nin Start no Henkyou Ryoushu-sama - 06 (1080p) [CC13FB41].mkv","time":"2026-08-09T17:49:27-03:00","caller":"session.go:88","message":"Added torrent to embedded client"}
{"level":"info","hash":"9bdf9106b2b82576c7a9b022b425c72f46d2728b","time":"2026-08-09T17:49:27-03:00","caller":"session.go:124","message":"Paused torrent"}
{"level":"info","episode":"The Frontier Lord Begins with Zero Subjects - Episode 6","hash":"9bdf9106b2b82576c7a9b022b425c72f46d2728b","time":"2026-08-09T17:49:27-03:00","caller":"episodes.go:335","message":"Successfully added episode to embedded torrent client"}
{"level":"info","anime":"I Became a Legend After My 10 Year-Long Last Stand","time":"2026-08-09T17:49:27-03:00","caller":"episodes.go:35","message":"Processing anime episodes"}
{"level":"info","title":"the insipid princes furtive grab for the throne","torrents_found":8,"attempt":3,"time":"2026-08-09T17:49:31-03:00","caller":"search.go:65","message":"Found multiple episodes torrents on Nyaa"}
{"level":"info","hash":"29519e7fcf5a8da4db5a454f23a069d7a9142516","name":"[ToonsHub] The Insipid Princes Furtive Grab for the Throne S01E02 1080p CR WEB-DL AAC2.0 H.264 (Saikyou Degarashi Ouji no Anyaku Teii Arasoi: Munou wo Enjiru SS Rank Ouji wa Koui Keishou-sen wo Kage kara Shihai suru, Multi-Subs)","time":"2026-08-09T17:49:31-03:00","caller":"session.go:88","message":"Added torrent to embedded client"}
{"level":"info","hash":"29519e7fcf5a8da4db5a454f23a069d7a9142516","time":"2026-08-09T17:49:31-03:00","caller":"session.go:124","message":"Paused torrent"}
{"level":"info","episode":"The Insipid Prince's Furtive Grab for the Throne - Episode 2","hash":"29519e7fcf5a8da4db5a454f23a069d7a9142516","time":"2026-08-09T17:49:31-03:00","caller":"episodes.go:335","message":"Successfully added episode to embedded torrent client"}
{"level":"info","hash":"ac2e73fd13363e7cd82178c0bc2c94f8eb51f89f","name":"[ToonsHub] The Insipid Princes Furtive Grab for the Throne S01E03 1080p CR WEB-DL AAC2.0 H.264 (Saikyou Degarashi Ouji no Anyaku Teii Arasoi: Munou wo Enjiru SS Rank Ouji wa Koui Keishou-sen wo Kage kara Shihai suru, Multi-Subs)","time":"2026-08-09T17:49:31-03:00","caller":"session.go:88","message":"Added torrent to embedded client"}
{"level":"info","hash":"ac2e73fd13363e7cd82178c0bc2c94f8eb51f89f","time":"2026-08-09T17:49:31-03:00","caller":"session.go:124","message":"Paused torrent"}
{"level":"info","episode":"The Insipid Prince's Furtive Grab for the Throne - Episode 3","hash":"ac2e73fd13363e7cd82178c0bc2c94f8eb51f89f","time":"2026-08-09T17:49:31-03:00","caller":"episodes.go:335","message":"Successfully added episode to embedded torrent client"}
{"level":"info","hash":"25ed3490ba1a03c894a1601ad17e92fd78e84a77","name":"[ToonsHub] The Insipid Princes Furtive Grab for the Throne S01E04 1080p CR WEB-DL AAC2.0 H.264 (Saikyou Degarashi Ouji no Anyaku Teii Arasoi: Munou wo Enjiru SS Rank Ouji wa Koui Keishou-sen wo Kage kara Shihai suru, Multi-Subs)","time":"2026-08-09T17:49:32-03:00","caller":"session.go:88","message":"Added torrent to embedded client"}
{"level":"info","hash":"25ed3490ba1a03c894a1601ad17e92fd78e84a77","time":"2026-08-09T17:49:32-03:00","caller":"session.go:124","message":"Paused torrent"}
{"level":"info","episode":"The Insipid Prince's Furtive Grab for the Throne - Episode 4","hash":"25ed3490ba1a03c894a1601ad17e92fd78e84a77","time":"2026-08-09T17:49:32-03:00","caller":"episodes.go:335","message":"Successfully added episode to embedded torrent client"}
{"level":"info","title":"sparks of tomorrow","torrents_found":4,"attempt":3,"time":"2026-08-09T17:49:32-03:00","caller":"search.go:65","message":"Found single episode torrents on Nyaa"}
{"level":"info","hash":"40b4300932694f3724c8948029ffbe55275c2913","name":"[ToonsHub] The Insipid Princes Furtive Grab for the Throne S01E05 1080p CR WEB-DL AAC2.0 H.264 (Saikyou Degarashi Ouji no Anyaku Teii Arasoi: Munou wo Enjiru SS Rank Ouji wa Koui Keishou-sen wo Kage kara Shihai suru, Multi-Subs)","time":"2026-08-09T17:49:32-03:00","caller":"session.go:88","message":"Added torrent to embedded client"}
{"level":"info","hash":"b7ace8d06ccca069ed0a626daa534a8b7ae2e490","name":"[ToonsHub] Sparks of Tomorrow S01E06 1080p NF WEB-DL DUAL AAC2.0 H.264 (Nijusseiki Denki Mokuroku: Eureka Evrika, Dual-Audio, Multi-Subs)","time":"2026-08-09T17:49:32-03:00","caller":"session.go:88","message":"Added torrent to embedded client"}
{"level":"info","hash":"40b4300932694f3724c8948029ffbe55275c2913","time":"2026-08-09T17:49:32-03:00","caller":"session.go:124","message":"Paused torrent"}
{"level":"info","episode":"The Insipid Prince's Furtive Grab for the Throne - Episode 5","hash":"40b4300932694f3724c8948029ffbe55275c2913","time":"2026-08-09T17:49:32-03:00","caller":"episodes.go:335","message":"Successfully added episode to embedded torrent client"}
{"level":"info","anime":"Dara-san of the Reiwa Era","time":"2026-08-09T17:49:32-03:00","caller":"episodes.go:35","message":"Processing anime episodes"}
{"level":"info","hash":"b7ace8d06ccca069ed0a626daa534a8b7ae2e490","time":"2026-08-09T17:49:32-03:00","caller":"session.go:124","message":"Paused torrent"}
{"level":"info","episode":"Sparks of Tomorrow - Episode 6","hash":"b7ace8d06ccca069ed0a626daa534a8b7ae2e490","time":"2026-08-09T17:49:32-03:00","caller":"episodes.go:335","message":"Successfully added episode to embedded torrent client"}
{"level":"info","anime":"I Want to Love You Till Your Dying Day","time":"2026-08-09T17:49:32-03:00","caller":"episodes.go:35","message":"Processing anime episodes"}
{"level":"info","method":"GET","path":"/api/v1/torrents","remote_addr":"192.168.0.100:39478","status":200,"duration":1.304728,"time":"2026-08-09T17:49:32-03:00","caller":"middleware.go:26","message":"HTTP request"}
{"level":"info","title":"a livid ladys guide to getting even how i crushed my homeland with my mighty grimoires","torrents_found":6,"attempt":3,"time":"2026-08-09T17:49:33-03:00","caller":"search.go:65","message":"Found multiple episodes torrents on Nyaa"}
{"level":"info","hash":"4d0d1eca15fa2506e825b8c4df3bde086a013e8f","name":"[ToonsHub] A Livid Ladys Guide to Getting Even How I Crushed My Homeland with My Mighty Grimoires S01E03 1080p CR WEB-DL AAC2.0 H.264 (Buchigire Reijou wa Houfuku wo Chikaimashita.: Madousho no Chikara de Sokoku wo Tataki Tsubushimasu, Multi-Subs)","time":"2026-08-09T17:49:33-03:00","caller":"session.go:88","message":"Added torrent to embedded client"}
{"level":"info","hash":"4d0d1eca15fa2506e825b8c4df3bde086a013e8f","time":"2026-08-09T17:49:33-03:00","caller":"session.go:124","message":"Paused torrent"}
{"level":"info","episode":"A Livid Lady’s Guide to Getting Even: How I Crushed My Homeland with My Mighty Grimoires - Episode 3","hash":"4d0d1eca15fa2506e825b8c4df3bde086a013e8f","time":"2026-08-09T17:49:33-03:00","caller":"episodes.go:335","message":"Successfully added episode to embedded torrent client"}
{"level":"info","hash":"e00362a950d2f280acb86657678a160fae805059","name":"[ToonsHub] A Livid Ladys Guide to Getting Even How I Crushed My Homeland with My Mighty Grimoires S01E04 1080p CR WEB-DL AAC2.0 H.264 (Buchigire Reijou wa Houfuku wo Chikaimashita.: Madousho no Chikara de Sokoku wo Tataki Tsubushimasu, Multi-Subs)","time":"2026-08-09T17:49:33-03:00","caller":"session.go:88","message":"Added torrent to embedded client"}
{"level":"info","hash":"e00362a950d2f280acb86657678a160fae805059","time":"2026-08-09T17:49:33-03:00","caller":"session.go:124","message":"Paused torrent"}
{"level":"info","episode":"A Livid Lady’s Guide to Getting Even: How I Crushed My Homeland with My Mighty Grimoires - Episode 4","hash":"e00362a950d2f280acb86657678a160fae805059","time":"2026-08-09T17:49:33-03:00","caller":"episodes.go:335","message":"Successfully added episode to embedded torrent client"}
{"level":"info","hash":"3a0e429b41c04890e0c25c85ec3458a5974c5868","name":"[ToonsHub] A Livid Ladys Guide to Getting Even How I Crushed My Homeland with My Mighty Grimoires S01E05 1080p CR WEB-DL AAC2.0 H.264 (Buchigire Reijou wa Houfuku wo Chikaimashita.: Madousho no Chikara de Sokoku wo Tataki Tsubushimasu, Multi-Subs)","time":"2026-08-09T17:49:33-03:00","caller":"session.go:88","message":"Added torrent to embedded client"}
{"level":"info","hash":"3a0e429b41c04890e0c25c85ec3458a5974c5868","time":"2026-08-09T17:49:33-03:00","caller":"session.go:124","message":"Paused torrent"}
{"level":"info","episode":"A Livid Lady’s Guide to Getting Even: How I Crushed My Homeland with My Mighty Grimoires - Episode 5","hash":"3a0e429b41c04890e0c25c85ec3458a5974c5868","time":"2026-08-09T17:49:33-03:00","caller":"episodes.go:335","message":"Successfully added episode to embedded torrent client"}
{"level":"info","anime":"BLACK TORCH","time":"2026-08-09T17:49:33-03:00","caller":"episodes.go:35","message":"Processing anime episodes"}
{"level":"info","title":"Hanaori-san wa Tensei Shite mo Kenka ga Shitai","torrents_found":12,"attempt":2,"time":"2026-08-09T17:49:35-03:00","caller":"search.go:65","message":"Found multiple episodes torrents on Nyaa"}
{"level":"info","hash":"cfc2c5c9a565afcc0f9b3731947eea9637f310a3","name":"[Erai-raws] Hanaori-san wa Tensei Shite mo Kenka ga Shitai - 04 [1080p CR WEB-DL AVC AAC][MultiSub][8DBFF7CC]","time":"2026-08-09T17:49:35-03:00","caller":"session.go:88","message":"Added torrent to embedded client"}
{"level":"info","hash":"cfc2c5c9a565afcc0f9b3731947eea9637f310a3","time":"2026-08-09T17:49:35-03:00","caller":"session.go:124","message":"Paused torrent"}
{"level":"info","episode":"Hanaori-san Still Wants to Fight in the Next Life - Episode 4","hash":"cfc2c5c9a565afcc0f9b3731947eea9637f310a3","time":"2026-08-09T17:49:35-03:00","caller":"episodes.go:335","message":"Successfully added episode to embedded torrent client"}
{"level":"info","hash":"e56a17a8b0dff7c2f8bd5c56b48f897876f91c47","name":"[Erai-raws] Hanaori-san wa Tensei Shite mo Kenka ga Shitai - 05 [1080p CR WEBRip HEVC AAC][MultiSub][CA198F37]","time":"2026-08-09T17:49:36-03:00","caller":"session.go:88","message":"Added torrent to embedded client"}
{"level":"info","hash":"e56a17a8b0dff7c2f8bd5c56b48f897876f91c47","time":"2026-08-09T17:49:36-03:00","caller":"session.go:124","message":"Paused torrent"}
{"level":"info","episode":"Hanaori-san Still Wants to Fight in the Next Life - Episode 5","hash":"e56a17a8b0dff7c2f8bd5c56b48f897876f91c47","time":"2026-08-09T17:49:36-03:00","caller":"episodes.go:335","message":"Successfully added episode to embedded torrent client"}
{"level":"info","anime":"Re:ZERO -Starting Life in Another World- Season 4","time":"2026-08-09T17:49:36-03:00","caller":"episodes.go:35","message":"Processing anime episodes"}
{"level":"info","title":"kimi ga shinu made koi wo shitai","torrents_found":27,"attempt":1,"time":"2026-08-09T17:49:37-03:00","caller":"search.go:65","message":"Found multiple episodes torrents on Nyaa"}
{"level":"info","hash":"6b0a00add9d338e96c0ffb4c20fb71491f1db343","name":"[SubsPlease] Kimi ga Shinu made Koi wo Shitai - 03 (1080p) [0743A00F].mkv","time":"2026-08-09T17:49:37-03:00","caller":"session.go:88","message":"Added torrent to embedded client"}
{"level":"info","hash":"6b0a00add9d338e96c0ffb4c20fb71491f1db343","time":"2026-08-09T17:49:37-03:00","caller":"session.go:124","message":"Paused torrent"}
{"level":"info","episode":"I Want to Love You Till Your Dying Day - Episode 3","hash":"6b0a00add9d338e96c0ffb4c20fb71491f1db343","time":"2026-08-09T17:49:37-03:00","caller":"episodes.go:335","message":"Successfully added episode to embedded torrent client"}
{"level":"info","hash":"06efc80ae55bc9158a5ec20f93242999779c616e","name":"[SubsPlease] Kimi ga Shinu made Koi wo Shitai - 04 (1080p) [F06DFED6].mkv","time":"2026-08-09T17:49:37-03:00","caller":"session.go:88","message":"Added torrent to embedded client"}
{"level":"info","hash":"06efc80ae55bc9158a5ec20f93242999779c616e","time":"2026-08-09T17:49:37-03:00","caller":"session.go:124","message":"Paused torrent"}
{"level":"info","episode":"I Want to Love You Till Your Dying Day - Episode 4","hash":"06efc80ae55bc9158a5ec20f93242999779c616e","time":"2026-08-09T17:49:37-03:00","caller":"episodes.go:335","message":"Successfully added episode to embedded torrent client"}
{"level":"info","hash":"9830139e97a234a178488e930613d6e03eac36fe","name":"[SubsPlease] Kimi ga Shinu made Koi wo Shitai - 05 (1080p) [F055ED9D].mkv","time":"2026-08-09T17:49:37-03:00","caller":"session.go:88","message":"Added torrent to embedded client"}
{"level":"info","hash":"9830139e97a234a178488e930613d6e03eac36fe","time":"2026-08-09T17:49:37-03:00","caller":"session.go:124","message":"Paused torrent"}
{"level":"info","episode":"I Want to Love You Till Your Dying Day - Episode 5","hash":"9830139e97a234a178488e930613d6e03eac36fe","time":"2026-08-09T17:49:37-03:00","caller":"episodes.go:335","message":"Successfully added episode to embedded torrent client"}
{"level":"info","method":"GET","path":"/api/v1/torrents","remote_addr":"192.168.0.100:39478","status":200,"duration":1.145561,"time":"2026-08-09T17:49:37-03:00","caller":"middleware.go:26","message":"HTTP request"}
{"level":"info","method":"GET","path":"/api/v1/torrents","remote_addr":"192.168.0.100:39502","status":200,"duration":1.432488,"time":"2026-08-09T17:49:37-03:00","caller":"middleware.go:26","message":"HTTP request"}
{"level":"info","title":"black torch","torrents_found":120,"attempt":1,"time":"2026-08-09T17:49:38-03:00","caller":"search.go:65","message":"Found multiple episodes torrents on Nyaa"}
{"level":"info","hash":"931672665f5c067fc7db388413ccc4f448571054","name":"[SubsPlease] Black Torch - 01 (1080p) [9700C311].mkv","time":"2026-08-09T17:49:38-03:00","caller":"session.go:88","message":"Added torrent to embedded client"}
{"level":"info","hash":"931672665f5c067fc7db388413ccc4f448571054","time":"2026-08-09T17:49:38-03:00","caller":"session.go:124","message":"Paused torrent"}
{"level":"info","episode":"BLACK TORCH - Episode 1","hash":"931672665f5c067fc7db388413ccc4f448571054","time":"2026-08-09T17:49:38-03:00","caller":"episodes.go:335","message":"Successfully added episode to embedded torrent client"}
{"level":"info","hash":"c815cdd0122dc8c1dd949b8dde1fe5aaed0b4561","name":"[SubsPlease] Black Torch - 02 (1080p) [0E48A7DA].mkv","time":"2026-08-09T17:49:38-03:00","caller":"session.go:88","message":"Added torrent to embedded client"}
{"level":"info","hash":"c815cdd0122dc8c1dd949b8dde1fe5aaed0b4561","time":"2026-08-09T17:49:38-03:00","caller":"session.go:124","message":"Paused torrent"}
{"level":"info","episode":"BLACK TORCH - Episode 2","hash":"c815cdd0122dc8c1dd949b8dde1fe5aaed0b4561","time":"2026-08-09T17:49:38-03:00","caller":"episodes.go:335","message":"Successfully added episode to embedded torrent client"}
{"level":"info","hash":"8309bfddea2d84fd14e10fb2b88904cab4b6631d","name":"[SubsPlease] Black Torch - 03 (1080p) [3FF9E46C].mkv","time":"2026-08-09T17:49:38-03:00","caller":"session.go:88","message":"Added torrent to embedded client"}
{"level":"info","hash":"8309bfddea2d84fd14e10fb2b88904cab4b6631d","time":"2026-08-09T17:49:38-03:00","caller":"session.go:124","message":"Paused torrent"}
{"level":"info","episode":"BLACK TORCH - Episode 3","hash":"8309bfddea2d84fd14e10fb2b88904cab4b6631d","time":"2026-08-09T17:49:38-03:00","caller":"episodes.go:335","message":"Successfully added episode to embedded torrent client"}
{"level":"info","hash":"8b2e87a26b428b7d77cd6026b361d082aeb21331","name":"[SubsPlease] Black Torch - 04 (1080p) [3B3FF21A].mkv","time":"2026-08-09T17:49:38-03:00","caller":"session.go:88","message":"Added torrent to embedded client"}
{"level":"info","hash":"8b2e87a26b428b7d77cd6026b361d082aeb21331","time":"2026-08-09T17:49:38-03:00","caller":"session.go:124","message":"Paused torrent"}
{"level":"info","episode":"BLACK TORCH - Episode 4","hash":"8b2e87a26b428b7d77cd6026b361d082aeb21331","time":"2026-08-09T17:49:38-03:00","caller":"episodes.go:335","message":"Successfully added episode to embedded torrent client"}
{"level":"info","hash":"99c737bea469fd467db6767d29fd6f34d8e275c8","name":"[SubsPlease] Black Torch - 05 (1080p) [8FFBEBF8].mkv","time":"2026-08-09T17:49:38-03:00","caller":"session.go:88","message":"Added torrent to embedded client"}
{"level":"info","hash":"99c737bea469fd467db6767d29fd6f34d8e275c8","time":"2026-08-09T17:49:38-03:00","caller":"session.go:124","message":"Paused torrent"}
{"level":"info","episode":"BLACK TORCH - Episode 5","hash":"99c737bea469fd467db6767d29fd6f34d8e275c8","time":"2026-08-09T17:49:38-03:00","caller":"episodes.go:335","message":"Successfully added episode to embedded torrent client"}
{"level":"info","hash":"c27b14f4fc4ef957085a47a1a2181eb966cfd5e3","name":"[SubsPlease] Black Torch - 06 (1080p) [A4761EA1].mkv","time":"2026-08-09T17:49:38-03:00","caller":"session.go:88","message":"Added torrent to embedded client"}
{"level":"info","hash":"c27b14f4fc4ef957085a47a1a2181eb966cfd5e3","time":"2026-08-09T17:49:38-03:00","caller":"session.go:124","message":"Paused torrent"}
{"level":"info","episode":"BLACK TORCH - Episode 6","hash":"c27b14f4fc4ef957085a47a1a2181eb966cfd5e3","time":"2026-08-09T17:49:38-03:00","caller":"episodes.go:335","message":"Successfully added episode to embedded torrent client"}
{"level":"info","title":"Reiwa no Dara-san","torrents_found":50,"attempt":2,"time":"2026-08-09T17:49:39-03:00","caller":"search.go:65","message":"Found multiple episodes torrents on Nyaa"}
{"level":"info","hash":"0745fd8f82ad8817b03150119e58479f11e7d4f4","name":"[SubsPlease] Reiwa no Dara-san - 02 (1080p) [EC814851].mkv","time":"2026-08-09T17:49:39-03:00","caller":"session.go:88","message":"Added torrent to embedded client"}
{"level":"info","hash":"0745fd8f82ad8817b03150119e58479f11e7d4f4","time":"2026-08-09T17:49:39-03:00","caller":"session.go:124","message":"Paused torrent"}
{"level":"info","episode":"Dara-san of the Reiwa Era - Episode 2","hash":"0745fd8f82ad8817b03150119e58479f11e7d4f4","time":"2026-08-09T17:49:39-03:00","caller":"episodes.go:335","message":"Successfully added episode to embedded torrent client"}
{"level":"info","hash":"16f44e9b1286156029588435e0cd5557c6fdcc0a","name":"[SubsPlease] Reiwa no Dara-san - 03 (1080p) [B8887D1C].mkv","time":"2026-08-09T17:49:39-03:00","caller":"session.go:88","message":"Added torrent to embedded client"}
{"level":"info","hash":"16f44e9b1286156029588435e0cd5557c6fdcc0a","time":"2026-08-09T17:49:39-03:00","caller":"session.go:124","message":"Paused torrent"}
{"level":"info","episode":"Dara-san of the Reiwa Era - Episode 3","hash":"16f44e9b1286156029588435e0cd5557c6fdcc0a","time":"2026-08-09T17:49:39-03:00","caller":"episodes.go:335","message":"Successfully added episode to embedded torrent client"}
{"level":"info","hash":"330556b7a5d8a8e65d0274ef690d55070fcbe8a9","name":"[Ironclad] Reiwa no Dara-san - S01E04 [WEB.1080p.AV1] | Dara-San of the Reiwa Era (Multi-Subs, UNCENSORED) (Weekly)","time":"2026-08-09T17:49:39-03:00","caller":"session.go:88","message":"Added torrent to embedded client"}
{"level":"info","hash":"330556b7a5d8a8e65d0274ef690d55070fcbe8a9","time":"2026-08-09T17:49:39-03:00","caller":"session.go:124","message":"Paused torrent"}
{"level":"info","episode":"Dara-san of the Reiwa Era - Episode 4","hash":"330556b7a5d8a8e65d0274ef690d55070fcbe8a9","time":"2026-08-09T17:49:39-03:00","caller":"episodes.go:335","message":"Successfully added episode to embedded torrent client"}
{"level":"info","hash":"972aaa03fa1bd4bc0501b9f29b1d62b579b2f986","name":"[Ironclad] Reiwa no Dara-san - S01E05 [WEB.1080p.AV1] | Dara-San of the Reiwa Era (Multi-Subs, UNCENSORED) (Weekly)","time":"2026-08-09T17:49:39-03:00","caller":"session.go:88","message":"Added torrent to embedded client"}
{"level":"info","hash":"972aaa03fa1bd4bc0501b9f29b1d62b579b2f986","time":"2026-08-09T17:49:39-03:00","caller":"session.go:124","message":"Paused torrent"}
{"level":"info","episode":"Dara-san of the Reiwa Era - Episode 5","hash":"972aaa03fa1bd4bc0501b9f29b1d62b579b2f986","time":"2026-08-09T17:49:39-03:00","caller":"episodes.go:335","message":"Successfully added episode to embedded torrent client"}
{"level":"info","hash":"d221e4a4d11a0dc6288ee458e638c65ac024e433","name":"[Ironclad] Reiwa no Dara-san - S01E06 [WEB.1080p.AV1] | Dara-San of the Reiwa Era (Multi-Subs, UNCENSORED) (Weekly)","time":"2026-08-09T17:49:39-03:00","caller":"session.go:88","message":"Added torrent to embedded client"}
{"level":"info","hash":"d221e4a4d11a0dc6288ee458e638c65ac024e433","time":"2026-08-09T17:49:39-03:00","caller":"session.go:124","message":"Paused torrent"}
{"level":"info","episode":"Dara-san of the Reiwa Era - Episode 6","hash":"d221e4a4d11a0dc6288ee458e638c65ac024e433","time":"2026-08-09T17:49:39-03:00","caller":"episodes.go:335","message":"Successfully added episode to embedded torrent client"}
{"level":"info","title":"I Became a Legend After My 10 Year-Long Last Stand","torrents_found":1,"attempt":4,"time":"2026-08-09T17:49:41-03:00","caller":"search.go:65","message":"Found multiple episodes torrents on Nyaa"}
{"level":"info","hash":"ecbe565f39299acc8e5c5f65a7b3ddb8591e4554","name":"[ToonsHub] I Became a Legend after My 10 Year-Long Last Stand S01E06 1080p CR WEB-DL AAC2.0 H.264 (Koko wa Ore ni Makasete Saki ni Ike to Ittekara 10-nen ga Tattara Densetsu ni Natteita., Multi-Subs)","time":"2026-08-09T17:49:41-03:00","caller":"session.go:88","message":"Added torrent to embedded client"}
{"level":"info","hash":"ecbe565f39299acc8e5c5f65a7b3ddb8591e4554","time":"2026-08-09T17:49:41-03:00","caller":"session.go:124","message":"Paused torrent"}
{"level":"info","episode":"I Became a Legend After My 10 Year-Long Last Stand - Episode 6","hash":"ecbe565f39299acc8e5c5f65a7b3ddb8591e4554","time":"2026-08-09T17:49:41-03:00","caller":"episodes.go:335","message":"Successfully added episode to embedded torrent client"}
{"level":"info","count":67,"time":"2026-08-09T17:49:41-03:00","caller":"episodes.go:606","message":"Saved episodes to file"}
{"level":"info","animes_checked":24,"episodes_checked":310,"episodes_downloaded":67,"total_time":33813.606521,"avg_time_per_episode":109.07615,"time":"2026-08-09T17:49:41-03:00","caller":"verification.go:315","message":"Verification completed"}
{"level":"info","method":"GET","path":"/api/v1/torrents","remote_addr":"192.168.0.100:39502","status":200,"duration":1.86936,"time":"2026-08-09T17:49:42-03:00","caller":"middleware.go:26","message":"HTTP request"}
{"level":"info","method":"GET","path":"/api/v1/animes","remote_addr":"192.168.0.100:39516","status":200,"duration":7795.270029,"time":"2026-08-09T17:49:45-03:00","caller":"middleware.go:26","message":"HTTP request"}
{"level":"info","method":"GET","path":"/api/v1/torrents","remote_addr":"192.168.0.100:39516","status":200,"duration":2.39888,"time":"2026-08-09T17:49:47-03:00","caller":"middleware.go:26","message":"HTTP request"}
{"level":"info","method":"GET","path":"/api/v1/torrents","remote_addr":"192.168.0.100:39516","status":200,"duration":1.993378,"time":"2026-08-09T17:49:47-03:00","caller":"middleware.go:26","message":"HTTP request"}
{"level":"info","hash":"397c1385a7523c208b7a2ad3f1ddb3adb9a1ec83","time":"2026-08-09T17:49:48-03:00","caller":"session.go:142","message":"Resumed torrent"}
{"level":"info","hash":"94750498b9ac853909aa56d05a024106e329b018","time":"2026-08-09T17:49:52-03:00","caller":"session.go:142","message":"Resumed torrent"}
{"level":"info","hash":"f4bc1d4d152137b90b969025ba98231170129cf6","anime":"From Old Country Bumpkin to Master Swordsman II","files":1,"time":"2026-08-09T17:49:52-03:00","caller":"jobs.go:387","message":"Organized torrent into library"}
{"level":"info","id":"1786308588404980756","type":"organize","time":"2026-08-09T17:49:52-03:00","caller":"jobs.go:201","message":"Job queue: job completed"}
{"level":"info","hash":"1f81feaa93bab2e7b7d5aa847a1bcb32f9a5bd9f","anime":"From Old Country Bumpkin to Master Swordsman II","files":1,"time":"2026-08-09T17:49:52-03:00","caller":"jobs.go:387","message":"Organized torrent into library"}
{"level":"info","id":"1786308592156610236","type":"organize","time":"2026-08-09T17:49:52-03:00","caller":"jobs.go:201","message":"Job queue: job completed"}
{"level":"info","method":"GET","path":"/api/v1/torrents","remote_addr":"192.168.0.100:39516","status":200,"duration":2.065046,"time":"2026-08-09T17:49:52-03:00","caller":"middleware.go:26","message":"HTTP request"}
{"level":"info","method":"GET","path":"/api/v1/animes","remote_addr":"192.168.0.100:39502","status":200,"duration":8036.523605,"time":"2026-08-09T17:49:53-03:00","caller":"middleware.go:26","message":"HTTP request"}
{"level":"info","hash":"a6dc4f46320e205a3c8e80974a6e0d3d1483ecb3","time":"2026-08-09T17:49:57-03:00","caller":"session.go:142","message":"Resumed torrent"}
{"level":"info","method":"GET","path":"/api/v1/torrents","remote_addr":"192.168.0.100:39502","status":200,"duration":2.188787,"time":"2026-08-09T17:49:57-03:00","caller":"middleware.go:26","message":"HTTP request"}
{"level":"info","method":"GET","path":"/api/v1/torrents","remote_addr":"192.168.0.100:39502","status":200,"duration":2.001675,"time":"2026-08-09T17:49:57-03:00","caller":"middleware.go:26","message":"HTTP request"}
{"level":"info","hash":"6be9adc6733b437def03cbbd8e62d2780503962a","anime":"From Old Country Bumpkin to Master Swordsman II","files":1,"time":"2026-08-09T17:50:02-03:00","caller":"jobs.go:387","message":"Organized torrent into library"}
{"level":"info","id":"1786308597396618070","type":"organize","time":"2026-08-09T17:50:02-03:00","caller":"jobs.go:201","message":"Job queue: job completed"}
{"level":"info","method":"GET","path":"/api/v1/torrents","remote_addr":"192.168.0.100:39502","status":200,"duration":2.208528,"time":"2026-08-09T17:50:02-03:00","caller":"middleware.go:26","message":"HTTP request"}
{"level":"info","method":"GET","path":"/api/v1/torrents","remote_addr":"192.168.0.100:39502","status":200,"duration":6.330434,"time":"2026-08-09T17:50:07-03:00","caller":"middleware.go:26","message":"HTTP request"}
{"level":"info","method":"GET","path":"/api/v1/torrents","remote_addr":"192.168.0.100:39502","status":200,"duration":2.283325,"time":"2026-08-09T17:50:12-03:00","caller":"middleware.go:26","message":"HTTP request"}
{"level":"info","method":"GET","path":"/api/v1/animes","remote_addr":"192.168.0.100:39516","status":200,"duration":7815.208875,"time":"2026-08-09T17:50:15-03:00","caller":"middleware.go:26","message":"HTTP request"}
{"level":"info","method":"GET","path":"/api/v1/torrents","remote_addr":"192.168.0.100:39516","status":200,"duration":2.523122,"time":"2026-08-09T17:50:17-03:00","caller":"middleware.go:26","message":"HTTP request"}
{"level":"info","method":"GET","path":"/api/v1/torrents","remote_addr":"192.168.0.100:39516","status":200,"duration":57.369887,"time":"2026-08-09T17:50:22-03:00","caller":"middleware.go:26","message":"HTTP request"}
{"level":"info","method":"GET","path":"/api/v1/torrents","remote_addr":"192.168.0.100:39516","status":200,"duration":53.754669,"time":"2026-08-09T17:50:27-03:00","caller":"middleware.go:26","message":"HTTP request"}
{"level":"info","hash":"1a5ffbccee0f096a918782686029657f56d88c39","time":"2026-08-09T17:50:28-03:00","caller":"session.go:142","message":"Resumed torrent"}
{"level":"info","hash":"397c1385a7523c208b7a2ad3f1ddb3adb9a1ec83","anime":"From Old Country Bumpkin to Master Swordsman II","files":1,"time":"2026-08-09T17:50:32-03:00","caller":"jobs.go:387","message":"Organized torrent into library"}
{"level":"info","id":"1786308628658085028","type":"organize","time":"2026-08-09T17:50:32-03:00","caller":"jobs.go:201","message":"Job queue: job completed"}
{"level":"info","method":"GET","path":"/api/v1/torrents","remote_addr":"192.168.0.100:39516","status":200,"duration":2.201547,"time":"2026-08-09T17:50:32-03:00","caller":"middleware.go:26","message":"HTTP request"}
{"level":"info","hash":"bf39b706242716f913fcff5ac401e18a7c0f8282","time":"2026-08-09T17:50:35-03:00","caller":"session.go:142","message":"Resumed torrent"}
{"level":"info","hash":"94750498b9ac853909aa56d05a024106e329b018","anime":"From Old Country Bumpkin to Master Swordsman II","files":1,"time":"2026-08-09T17:50:37-03:00","caller":"jobs.go:387","message":"Organized torrent into library"}
{"level":"info","id":"1786308635786113925","type":"organize","time":"2026-08-09T17:50:37-03:00","caller":"jobs.go:201","message":"Job queue: job completed"}
{"level":"info","method":"GET","path":"/api/v1/torrents","remote_addr":"192.168.0.100:39516","status":200,"duration":1.918786,"time":"2026-08-09T17:50:37-03:00","caller":"middleware.go:26","message":"HTTP request"}
{"level":"info","method":"GET","path":"/api/v1/torrents","remote_addr":"192.168.0.100:39516","status":200,"duration":1.887822,"time":"2026-08-09T17:50:42-03:00","caller":"middleware.go:26","message":"HTTP request"}
{"level":"info","method":"GET","path":"/api/v1/animes","remote_addr":"192.168.0.100:39502","status":200,"duration":5895.201056,"time":"2026-08-09T17:50:43-03:00","caller":"middleware.go:26","message":"HTTP request"}
{"level":"info","method":"GET","path":"/api/v1/torrents","remote_addr":"192.168.0.100:39502","status":200,"duration":2.134527,"time":"2026-08-09T17:50:47-03:00","caller":"middleware.go:26","message":"HTTP request"}
{"level":"info","method":"GET","path":"/api/v1/torrents","remote_addr":"192.168.0.100:39502","status":200,"duration":1.987379,"time":"2026-08-09T17:50:52-03:00","caller":"middleware.go:26","message":"HTTP request"}
{"level":"info","method":"GET","path":"/api/v1/torrents","remote_addr":"192.168.0.100:39502","status":200,"duration":1.885101,"time":"2026-08-09T17:50:57-03:00","caller":"middleware.go:26","message":"HTTP request"}
{"level":"info","method":"GET","path":"/api/v1/animes","remote_addr":"192.168.0.100:39502","status":200,"duration":7930.991617,"time":"2026-08-09T17:51:15-03:00","caller":"middleware.go:26","message":"HTTP request"}
{"level":"info","hash":"4153cb2cda51cd1d1b0e2324bcd5e2d19845b91f","time":"2026-08-09T17:51:17-03:00","caller":"session.go:142","message":"Resumed torrent"}
{"level":"info","hash":"a6dc4f46320e205a3c8e80974a6e0d3d1483ecb3","anime":"Mushoku Tensei: Jobless Reincarnation Season 3","files":1,"time":"2026-08-09T17:51:22-03:00","caller":"jobs.go:387","message":"Organized torrent into library"}
{"level":"info","id":"1786308677309670318","type":"organize","time":"2026-08-09T17:51:22-03:00","caller":"jobs.go:201","message":"Job queue: job completed"}
{"level":"info","method":"GET","path":"/api/v1/torrents","remote_addr":"192.168.0.100:39502","status":200,"duration":3.524552,"time":"2026-08-09T17:51:27-03:00","caller":"middleware.go:26","message":"HTTP request"}
{"level":"info","hash":"4e53b93f45235478ea8643ae0f255882a46d6967","time":"2026-08-09T17:51:42-03:00","caller":"session.go:142","message":"Resumed torrent"}
{"level":"info","method":"GET","path":"/api/v1/animes","remote_addr":"192.168.0.100:39502","status":200,"duration":6687.400066,"time":"2026-08-09T17:51:44-03:00","caller":"middleware.go:26","message":"HTTP request"}
{"level":"info","hash":"1a5ffbccee0f096a918782686029657f56d88c39","anime":"Daemons of the Shadow Realm","files":1,"time":"2026-08-09T17:51:47-03:00","caller":"jobs.go:387","message":"Organized torrent into library"}
{"level":"info","id":"1786308702740885828","type":"organize","time":"2026-08-09T17:51:47-03:00","caller":"jobs.go:201","message":"Job queue: job completed"}
{"level":"info","hash":"873d2a7b6d684f911850dc593578024442d28ecd","time":"2026-08-09T17:51:47-03:00","caller":"session.go:142","message":"Resumed torrent"}
{"level":"info","hash":"bf39b706242716f913fcff5ac401e18a7c0f8282","anime":"Daemons of the Shadow Realm","files":1,"time":"2026-08-09T17:51:52-03:00","caller":"jobs.go:387","message":"Organized torrent into library"}
{"level":"info","id":"1786308707437037830","type":"organize","time":"2026-08-09T17:51:52-03:00","caller":"jobs.go:201","message":"Job queue: job completed"}
{"level":"info","method":"GET","path":"/api/v1/animes","remote_addr":"192.168.0.100:39502","status":200,"duration":6722.710179,"time":"2026-08-09T17:52:14-03:00","caller":"middleware.go:26","message":"HTTP request"}
{"level":"info","method":"GET","path":"/api/v1/torrents","remote_addr":"192.168.0.100:39502","status":200,"duration":43.532238,"time":"2026-08-09T17:52:19-03:00","caller":"middleware.go:26","message":"HTTP request"}
{"level":"info","method":"GET","path":"/api/v1/torrents","remote_addr":"192.168.0.100:39516","status":200,"duration":2.642678,"time":"2026-08-09T17:52:19-03:00","caller":"middleware.go:26","message":"HTTP request"}
{"level":"info","method":"GET","path":"/api/v1/torrents","remote_addr":"192.168.0.100:39516","status":200,"duration":2.562918,"time":"2026-08-09T17:52:22-03:00","caller":"middleware.go:26","message":"HTTP request"}
{"level":"info","hash":"af34b5cf885d9617b895ac6d4df6b498334ddcdd","time":"2026-08-09T17:52:24-03:00","caller":"session.go:142","message":"Resumed torrent"}
{"level":"info","hash":"4153cb2cda51cd1d1b0e2324bcd5e2d19845b91f","anime":"Daemons of the Shadow Realm","files":1,"time":"2026-08-09T17:52:27-03:00","caller":"jobs.go:387","message":"Organized torrent into library"}
{"level":"info","id":"1786308744049818296","type":"organize","time":"2026-08-09T17:52:27-03:00","caller":"jobs.go:201","message":"Job queue: job completed"}
{"level":"info","method":"GET","path":"/api/v1/torrents","remote_addr":"192.168.0.100:39516","status":200,"duration":2.979272,"time":"2026-08-09T17:52:27-03:00","caller":"middleware.go:26","message":"HTTP request"}
{"level":"info","method":"GET","path":"/api/v1/torrents","remote_addr":"192.168.0.100:39516","status":200,"duration":1.939415,"time":"2026-08-09T17:52:29-03:00","caller":"middleware.go:26","message":"HTTP request"}
{"level":"info","method":"GET","path":"/api/v1/torrents","remote_addr":"192.168.0.100:39516","status":200,"duration":3.10781,"time":"2026-08-09T17:52:32-03:00","caller":"middleware.go:26","message":"HTTP request"}
{"level":"info","method":"GET","path":"/api/v1/torrents","remote_addr":"192.168.0.100:39516","status":200,"duration":9.026056,"time":"2026-08-09T17:52:37-03:00","caller":"middleware.go:26","message":"HTTP request"}
{"level":"info","method":"GET","path":"/api/v1/torrents","remote_addr":"192.168.0.100:39516","status":200,"duration":1.948693,"time":"2026-08-09T17:52:42-03:00","caller":"middleware.go:26","message":"HTTP request"}
{"level":"info","method":"GET","path":"/api/v1/animes","remote_addr":"192.168.0.100:39502","status":200,"duration":5791.215691,"time":"2026-08-09T17:52:43-03:00","caller":"middleware.go:26","message":"HTTP request"}
{"level":"info","hash":"672fe567235e14c2f56ee196c2197b159991138a","time":"2026-08-09T17:52:45-03:00","caller":"session.go:142","message":"Resumed torrent"}
{"level":"info","hash":"4e53b93f45235478ea8643ae0f255882a46d6967","anime":"Daemons of the Shadow Realm","files":1,"time":"2026-08-09T17:52:47-03:00","caller":"jobs.go:387","message":"Organized torrent into library"}
{"level":"info","id":"1786308765376638350","type":"organize","time":"2026-08-09T17:52:47-03:00","caller":"jobs.go:201","message":"Job queue: job completed"}
{"level":"info","method":"GET","path":"/api/v1/torrents","remote_addr":"192.168.0.100:39502","status":200,"duration":2.539289,"time":"2026-08-09T17:52:47-03:00","caller":"middleware.go:26","message":"HTTP request"}
{"level":"info","method":"GET","path":"/api/v1/torrents","remote_addr":"192.168.0.100:39502","status":200,"duration":2.08299,"time":"2026-08-09T17:52:52-03:00","caller":"middleware.go:26","message":"HTTP request"}
{"level":"info","method":"GET","path":"/api/v1/torrents","remote_addr":"192.168.0.100:39502","status":200,"duration":2.348955,"time":"2026-08-09T17:52:57-03:00","caller":"middleware.go:26","message":"HTTP request"}
{"level":"info","hash":"80382ec014a33b84074c519eb04a826a134ec1c7","time":"2026-08-09T17:53:01-03:00","caller":"session.go:142","message":"Resumed torrent"}
{"level":"info","hash":"873d2a7b6d684f911850dc593578024442d28ecd","anime":"Daemons of the Shadow Realm","files":1,"time":"2026-08-09T17:53:02-03:00","caller":"jobs.go:387","message":"Organized torrent into library"}
{"level":"info","id":"1786308781543064128","type":"organize","time":"2026-08-09T17:53:02-03:00","caller":"jobs.go:201","message":"Job queue: job completed"}
{"level":"info","method":"GET","path":"/api/v1/torrents","remote_addr":"192.168.0.100:39502","status":200,"duration":3.308569,"time":"2026-08-09T17:53:02-03:00","caller":"middleware.go:26","message":"HTTP request"}
{"level":"info","method":"GET","path":"/api/v1/torrents","remote_addr":"192.168.0.100:39502","status":200,"duration":3.093606,"time":"2026-08-09T17:53:07-03:00","caller":"middleware.go:26","message":"HTTP request"}
{"level":"info","method":"GET","path":"/api/v1/torrents","remote_addr":"192.168.0.100:39502","status":200,"duration":3.365848,"time":"2026-08-09T17:53:12-03:00","caller":"middleware.go:26","message":"HTTP request"}
{"level":"info","method":"GET","path":"/api/v1/animes","remote_addr":"192.168.0.100:39516","status":200,"duration":7243.062555,"time":"2026-08-09T17:53:15-03:00","caller":"middleware.go:26","message":"HTTP request"}
{"level":"info","method":"GET","path":"/api/v1/torrents","remote_addr":"192.168.0.100:39516","status":200,"duration":1.877211,"time":"2026-08-09T17:53:17-03:00","caller":"middleware.go:26","message":"HTTP request"}
{"level":"info","method":"GET","path":"/api/v1/torrents","remote_addr":"192.168.0.100:39516","status":200,"duration":1.853138,"time":"2026-08-09T17:53:22-03:00","caller":"middleware.go:26","message":"HTTP request"}
{"level":"info","method":"GET","path":"/api/v1/torrents","remote_addr":"192.168.0.100:39516","status":200,"duration":2.902346,"time":"2026-08-09T17:53:27-03:00","caller":"middleware.go:26","message":"HTTP request"}
{"level":"info","hash":"3d5d990cc9470fc8f942f71a539fbfc3eec7ddfc","time":"2026-08-09T17:53:28-03:00","caller":"session.go:142","message":"Resumed torrent"}
{"level":"info","hash":"af34b5cf885d9617b895ac6d4df6b498334ddcdd","anime":"Daemons of the Shadow Realm","files":1,"time":"2026-08-09T17:53:32-03:00","caller":"jobs.go:387","message":"Organized torrent into library"}
{"level":"info","id":"1786308808988777998","type":"organize","time":"2026-08-09T17:53:32-03:00","caller":"jobs.go:201","message":"Job queue: job completed"}
{"level":"info","method":"GET","path":"/api/v1/torrents","remote_addr":"192.168.0.100:39516","status":200,"duration":1.899045,"time":"2026-08-09T17:53:32-03:00","caller":"middleware.go:26","message":"HTTP request"}
{"level":"info","hash":"4cc9650c640983b0c99d6b7716e4253da996a5d8","time":"2026-08-09T17:53:59-03:00","caller":"session.go:142","message":"Resumed torrent"}
{"level":"info","hash":"672fe567235e14c2f56ee196c2197b159991138a","anime":"The World Is Dancing","files":1,"time":"2026-08-09T17:54:02-03:00","caller":"jobs.go:387","message":"Organized torrent into library"}
{"level":"info","id":"1786308839583785623","type":"organize","time":"2026-08-09T17:54:02-03:00","caller":"jobs.go:201","message":"Job queue: job completed"}
{"level":"info","hash":"bdb1c523c0b74e6c090767074a23156468427087","time":"2026-08-09T17:54:22-03:00","caller":"session.go:142","message":"Resumed torrent"}
{"level":"info","hash":"80382ec014a33b84074c519eb04a826a134ec1c7","anime":"The World Is Dancing","files":1,"time":"2026-08-09T17:54:22-03:00","caller":"jobs.go:387","message":"Organized torrent into library"}
{"level":"info","id":"1786308862189402289","type":"organize","time":"2026-08-09T17:54:22-03:00","caller":"jobs.go:201","message":"Job queue: job completed"}
{"level":"info","method":"GET","path":"/api/v1/torrents","remote_addr":"192.168.0.100:39516","status":200,"duration":2.121361,"time":"2026-08-09T17:54:27-03:00","caller":"middleware.go:26","message":"HTTP request"}
{"level":"info","method":"GET","path":"/api/v1/animes","remote_addr":"192.168.0.100:39502","status":200,"duration":13595.688396,"time":"2026-08-09T17:54:41-03:00","caller":"middleware.go:26","message":"HTTP request"}
{"level":"info","method":"GET","path":"/api/v1/torrents","remote_addr":"192.168.0.100:39502","status":200,"duration":2.473937,"time":"2026-08-09T17:54:48-03:00","caller":"middleware.go:26","message":"HTTP request"}
{"level":"info","method":"GET","path":"/api/v1/torrents","remote_addr":"192.168.0.100:39516","status":200,"duration":2.159935,"time":"2026-08-09T17:54:48-03:00","caller":"middleware.go:26","message":"HTTP request"}
{"level":"info","clients":0,"time":"2026-08-09T17:54:50-03:00","caller":"websocket.go:106","message":"WebSocket client disconnected"}
{"level":"info","clients":1,"time":"2026-08-09T17:54:50-03:00","caller":"websocket.go:97","message":"WebSocket client connected"}
{"level":"info","method":"GET","path":"/api/v1/torrents","remote_addr":"192.168.0.100:39516","status":200,"duration":1.969897,"time":"2026-08-09T17:54:50-03:00","caller":"middleware.go:26","message":"HTTP request"}
{"level":"info","method":"GET","path":"/api/v1/torrents","remote_addr":"192.168.0.100:39516","status":200,"duration":2.988605,"time":"2026-08-09T17:54:52-03:00","caller":"middleware.go:26","message":"HTTP request"}
{"level":"info","method":"GET","path":"/api/v1/torrents","remote_addr":"192.168.0.100:39516","status":200,"duration":2.10788,"time":"2026-08-09T17:54:54-03:00","caller":"middleware.go:26","message":"HTTP request"}
{"level":"info","method":"GET","path":"/api/v1/torrents","remote_addr":"192.168.0.100:39516","status":200,"duration":1.882508,"time":"2026-08-09T17:54:57-03:00","caller":"middleware.go:26","message":"HTTP request"}
{"level":"info","hash":"662b68efa02eb1e73629b60342da338771d9f870","time":"2026-08-09T17:54:58-03:00","caller":"session.go:142","message":"Resumed torrent"}
{"level":"info","method":"GET","path":"/api/v1/torrents","remote_addr":"192.168.0.100:39516","status":200,"duration":3.091421,"time":"2026-08-09T17:54:59-03:00","caller":"middleware.go:26","message":"HTTP request"}
{"level":"info","method":"GET","path":"/api/v1/torrents","remote_addr":"192.168.0.100:39516","status":200,"duration":3.882887,"time":"2026-08-09T17:55:01-03:00","caller":"middleware.go:26","message":"HTTP request"}
{"level":"info","hash":"3d5d990cc9470fc8f942f71a539fbfc3eec7ddfc","anime":"The World Is Dancing","files":1,"time":"2026-08-09T17:55:02-03:00","caller":"jobs.go:387","message":"Organized torrent into library"}
{"level":"info","id":"1786308898969588313","type":"organize","time":"2026-08-09T17:55:02-03:00","caller":"jobs.go:201","message":"Job queue: job completed"}
{"level":"warn","webhook":"ntfy","status":429,"time":"2026-08-09T17:55:02-03:00","caller":"notifications.go:106","message":"Webhook returned error status"}
{"level":"info","method":"GET","path":"/api/v1/torrents","remote_addr":"192.168.0.100:39516","status":200,"duration":1.980583,"time":"2026-08-09T17:55:03-03:00","caller":"middleware.go:26","message":"HTTP request"}
{"level":"info","method":"GET","path":"/api/v1/torrents","remote_addr":"192.168.0.100:39516","status":200,"duration":2.072305,"time":"2026-08-09T17:55:04-03:00","caller":"middleware.go:26","message":"HTTP request"}
{"level":"info","method":"GET","path":"/api/v1/torrents","remote_addr":"192.168.0.100:39516","status":200,"duration":2.539066,"time":"2026-08-09T17:55:04-03:00","caller":"middleware.go:26","message":"HTTP request"}
{"level":"info","clients":0,"time":"2026-08-09T17:55:06-03:00","caller":"websocket.go:106","message":"WebSocket client disconnected"}
{"level":"info","clients":1,"time":"2026-08-09T17:55:06-03:00","caller":"websocket.go:97","message":"WebSocket client connected"}
{"level":"info","method":"GET","path":"/api/v1/status","remote_addr":"192.168.0.100:39516","status":200,"duration":0.162371,"time":"2026-08-09T17:55:06-03:00","caller":"middleware.go:26","message":"HTTP request"}
{"level":"info","method":"GET","path":"/api/v1/config","remote_addr":"192.168.0.100:45360","status":200,"duration":0.160389,"time":"2026-08-09T17:55:06-03:00","caller":"middleware.go:26","message":"HTTP request"}
{"level":"info","method":"GET","path":"/api/v1/torrents","remote_addr":"192.168.0.100:45366","status":200,"duration":2.111805,"time":"2026-08-09T17:55:06-03:00","caller":"middleware.go:26","message":"HTTP request"}
{"level":"info","method":"GET","path":"/api/v1/torrents","remote_addr":"192.168.0.100:45360","status":200,"duration":2.470362,"time":"2026-08-09T17:55:11-03:00","caller":"middleware.go:26","message":"HTTP request"}
{"level":"info","hash":"8edffc20928073da4fd4283eb863d44b72e5a2e1","time":"2026-08-09T17:55:14-03:00","caller":"session.go:142","message":"Resumed torrent"}
{"level":"info","method":"GET","path":"/api/v1/torrents","remote_addr":"192.168.0.100:45360","status":200,"duration":2.462547,"time":"2026-08-09T17:55:16-03:00","caller":"middleware.go:26","message":"HTTP request"}
{"level":"info","hash":"4cc9650c640983b0c99d6b7716e4253da996a5d8","anime":"The World Is Dancing","files":1,"time":"2026-08-09T17:55:17-03:00","caller":"jobs.go:387","message":"Organized torrent into library"}
{"level":"info","id":"1786308914240934074","type":"organize","time":"2026-08-09T17:55:17-03:00","caller":"jobs.go:201","message":"Job queue: job completed"}
{"level":"warn","webhook":"ntfy","status":429,"time":"2026-08-09T17:55:17-03:00","caller":"notifications.go:106","message":"Webhook returned error status"}
{"level":"info","method":"GET","path":"/api/v1/animes","remote_addr":"192.168.0.100:45366","status":200,"duration":10129.175339,"time":"2026-08-09T17:55:21-03:00","caller":"middleware.go:26","message":"HTTP request"}
{"level":"info","method":"GET","path":"/api/v1/torrents","remote_addr":"192.168.0.100:45366","status":200,"duration":2.138064,"time":"2026-08-09T17:55:21-03:00","caller":"middleware.go:26","message":"HTTP request"}
{"level":"warn","error":"error making request: Post \"https://graphql.anilist.co\": context deadline exceeded (Client.Timeout exceeded while awaiting headers)","username":"D4NIDx","time":"2026-08-09T17:55:22-03:00","caller":"anilist.go:278","message":"Failed to fetch customLists map"}
{"level":"info","method":"GET","path":"/api/v1/animes","remote_addr":"192.168.0.100:39502","status":200,"duration":36502.438802,"time":"2026-08-09T17:55:25-03:00","caller":"middleware.go:26","message":"HTTP request"}
{"level":"info","hash":"14f194a4249833b76bd276699bb40f0947cdc5f1","time":"2026-08-09T17:55:26-03:00","caller":"session.go:142","message":"Resumed torrent"}
{"level":"info","method":"GET","path":"/api/v1/torrents","remote_addr":"192.168.0.100:45360","status":200,"duration":2.180176,"time":"2026-08-09T17:55:26-03:00","caller":"middleware.go:26","message":"HTTP request"}
{"level":"info","hash":"bdb1c523c0b74e6c090767074a23156468427087","anime":"Jaadugar: A Witch in Mongolia","files":1,"time":"2026-08-09T17:55:27-03:00","caller":"jobs.go:387","message":"Organized torrent into library"}
{"level":"info","id":"1786308926240925810","type":"organize","time":"2026-08-09T17:55:27-03:00","caller":"jobs.go:201","message":"Job queue: job completed"}
{"level":"warn","webhook":"ntfy","status":429,"time":"2026-08-09T17:55:27-03:00","caller":"notifications.go:106","message":"Webhook returned error status"}
{"level":"info","method":"GET","path":"/api/v1/torrents","remote_addr":"192.168.0.100:45360","status":200,"duration":2.081842,"time":"2026-08-09T17:55:31-03:00","caller":"middleware.go:26","message":"HTTP request"}
{"level":"info","method":"GET","path":"/api/v1/animes","remote_addr":"192.168.0.100:45366","status":200,"duration":7063.453002,"time":"2026-08-09T17:55:32-03:00","caller":"middleware.go:26","message":"HTTP request"}
{"level":"info","method":"GET","path":"/api/v1/animes","remote_addr":"192.168.0.100:39502","status":200,"duration":6686.361519,"time":"2026-08-09T17:55:32-03:00","caller":"middleware.go:26","message":"HTTP request"}
{"level":"info","method":"GET","path":"/api/v1/torrents","remote_addr":"192.168.0.100:39502","status":200,"duration":2.458066,"time":"2026-08-09T17:55:36-03:00","caller":"middleware.go:26","message":"HTTP request"}
{"level":"info","method":"GET","path":"/api/v1/torrents","remote_addr":"192.168.0.100:39502","status":200,"duration":1.861268,"time":"2026-08-09T17:55:41-03:00","caller":"middleware.go:26","message":"HTTP request"}
{"level":"info","method":"GET","path":"/api/v1/animes","remote_addr":"192.168.0.100:45366","status":200,"duration":8736.820778,"time":"2026-08-09T17:55:45-03:00","caller":"middleware.go:26","message":"HTTP request"}
{"level":"info","method":"GET","path":"/api/v1/torrents","remote_addr":"192.168.0.100:45366","status":200,"duration":1.896045,"time":"2026-08-09T17:55:46-03:00","caller":"middleware.go:26","message":"HTTP request"}
{"level":"info","method":"GET","path":"/api/v1/torrents","remote_addr":"192.168.0.100:45366","status":200,"duration":2.410047,"time":"2026-08-09T17:55:51-03:00","caller":"middleware.go:26","message":"HTTP request"}
{"level":"info","method":"GET","path":"/api/v1/torrents","remote_addr":"192.168.0.100:45366","status":200,"duration":2.417603,"time":"2026-08-09T17:55:56-03:00","caller":"middleware.go:26","message":"HTTP request"}
{"level":"info","method":"GET","path":"/api/v1/torrents","remote_addr":"192.168.0.100:45366","status":200,"duration":2.350492,"time":"2026-08-09T17:56:01-03:00","caller":"middleware.go:26","message":"HTTP request"}
{"level":"info","method":"GET","path":"/api/v1/torrents","remote_addr":"192.168.0.100:45366","status":200,"duration":1.931323,"time":"2026-08-09T17:56:06-03:00","caller":"middleware.go:26","message":"HTTP request"}
{"level":"info","method":"GET","path":"/api/v1/torrents","remote_addr":"192.168.0.100:45366","status":200,"duration":1.988286,"time":"2026-08-09T17:56:11-03:00","caller":"middleware.go:26","message":"HTTP request"}
{"level":"info","method":"GET","path":"/api/v1/animes","remote_addr":"192.168.0.100:39502","status":200,"duration":6717.749464,"time":"2026-08-09T17:56:13-03:00","caller":"middleware.go:26","message":"HTTP request"}
{"level":"info","method":"GET","path":"/api/v1/torrents","remote_addr":"192.168.0.100:39502","status":200,"duration":2.013879,"time":"2026-08-09T17:56:27-03:00","caller":"middleware.go:26","message":"HTTP request"}
{"level":"info","hash":"2a19fd7489880fa5b27316d928a8e4af961ff31d","time":"2026-08-09T17:56:33-03:00","caller":"session.go:142","message":"Resumed torrent"}
{"level":"info","hash":"662b68efa02eb1e73629b60342da338771d9f870","anime":"Jaadugar: A Witch in Mongolia","files":1,"time":"2026-08-09T17:56:37-03:00","caller":"jobs.go:387","message":"Organized torrent into library"}
{"level":"info","id":"1786308993468137481","type":"organize","time":"2026-08-09T17:56:37-03:00","caller":"jobs.go:201","message":"Job queue: job completed"}
{"level":"warn","webhook":"ntfy","status":429,"time":"2026-08-09T17:56:37-03:00","caller":"notifications.go:106","message":"Webhook returned error status"}
{"level":"info","method":"GET","path":"/api/v1/animes","remote_addr":"192.168.0.100:39502","status":200,"duration":5500.822497,"time":"2026-08-09T17:56:42-03:00","caller":"middleware.go:26","message":"HTTP request"}
{"level":"info","hash":"8b97c6905ccd4b30729cb12c35f4f67f9adf1ce0","time":"2026-08-09T17:57:11-03:00","caller":"session.go:142","message":"Resumed torrent"}
{"level":"info","method":"GET","path":"/api/v1/animes","remote_addr":"192.168.0.100:39502","status":200,"duration":5288.283577,"time":"2026-08-09T17:57:12-03:00","caller":"middleware.go:26","message":"HTTP request"}
{"level":"info","hash":"8edffc20928073da4fd4283eb863d44b72e5a2e1","anime":"Jaadugar: A Witch in Mongolia","files":1,"time":"2026-08-09T17:57:12-03:00","caller":"jobs.go:387","message":"Organized torrent into library"}
{"level":"info","id":"1786309031672622684","type":"organize","time":"2026-08-09T17:57:12-03:00","caller":"jobs.go:201","message":"Job queue: job completed"}
{"level":"warn","webhook":"ntfy","status":429,"time":"2026-08-09T17:57:12-03:00","caller":"notifications.go:106","message":"Webhook returned error status"}
{"level":"info","hash":"acf6fb9038f3a6762e70038e3dfde11d445a304d","time":"2026-08-09T17:57:25-03:00","caller":"session.go:142","message":"Resumed torrent"}
{"level":"info","hash":"14f194a4249833b76bd276699bb40f0947cdc5f1","anime":"Jaadugar: A Witch in Mongolia","files":1,"time":"2026-08-09T17:57:27-03:00","caller":"jobs.go:387","message":"Organized torrent into library"}
{"level":"info","id":"1786309045294742398","type":"organize","time":"2026-08-09T17:57:27-03:00","caller":"jobs.go:201","message":"Job queue: job completed"}
{"level":"warn","webhook":"ntfy","status":429,"time":"2026-08-09T17:57:27-03:00","caller":"notifications.go:106","message":"Webhook returned error status"}
{"level":"info","method":"GET","path":"/api/v1/torrents","remote_addr":"192.168.0.100:39502","status":200,"duration":1.908527,"time":"2026-08-09T17:57:27-03:00","caller":"middleware.go:26","message":"HTTP request"}
{"level":"info","method":"GET","path":"/api/v1/animes","remote_addr":"192.168.0.100:39502","status":200,"duration":4375.825091,"time":"2026-08-09T17:57:41-03:00","caller":"middleware.go:26","message":"HTTP request"}
{"level":"info","hash":"03e008e16e027e52247b816a587088bf498788cf","time":"2026-08-09T17:57:49-03:00","caller":"session.go:142","message":"Resumed torrent"}
{"level":"info","hash":"2a19fd7489880fa5b27316d928a8e4af961ff31d","anime":"You and I Are Polar Opposites Season 2","files":1,"time":"2026-08-09T17:57:52-03:00","caller":"jobs.go:387","message":"Organized torrent into library"}
{"level":"info","id":"1786309069807699084","type":"organize","time":"2026-08-09T17:57:52-03:00","caller":"jobs.go:201","message":"Job queue: job completed"}
{"level":"warn","webhook":"ntfy","status":429,"time":"2026-08-09T17:57:52-03:00","caller":"notifications.go:106","message":"Webhook returned error status"}
{"level":"info","method":"GET","path":"/api/v1/animes","remote_addr":"192.168.0.100:39502","status":200,"duration":6773.138231,"time":"2026-08-09T17:58:13-03:00","caller":"middleware.go:26","message":"HTTP request"}
{"level":"info","method":"GET","path":"/api/v1/torrents","remote_addr":"192.168.0.100:39502","status":200,"duration":2.062249,"time":"2026-08-09T17:58:27-03:00","caller":"middleware.go:26","message":"HTTP request"}
{"level":"info","hash":"9fbc26dc32a76e5e55e54b2cbbda199d622603a7","time":"2026-08-09T17:59:00-03:00","caller":"session.go:142","message":"Resumed torrent"}
{"level":"info","hash":"8b97c6905ccd4b30729cb12c35f4f67f9adf1ce0","anime":"Sparks of Tomorrow","files":1,"time":"2026-08-09T17:59:02-03:00","caller":"jobs.go:387","message":"Organized torrent into library"}
{"level":"info","id":"1786309140473841739","type":"organize","time":"2026-08-09T17:59:02-03:00","caller":"jobs.go:201","message":"Job queue: job completed"}
{"level":"warn","webhook":"ntfy","status":429,"time":"2026-08-09T17:59:02-03:00","caller":"notifications.go:106","message":"Webhook returned error status"}
{"level":"info","method":"GET","path":"/api/v1/torrents","remote_addr":"192.168.0.100:39502","status":200,"duration":1.980934,"time":"2026-08-09T17:59:27-03:00","caller":"middleware.go:26","message":"HTTP request"}
{"level":"info","method":"GET","path":"/api/v1/animes","remote_addr":"192.168.0.100:45366","status":200,"duration":8596.193704,"time":"2026-08-09T17:59:36-03:00","caller":"middleware.go:26","message":"HTTP request"}
{"level":"info","usernames":["JediahSk","D4NIDx"],"animes_found":24,"time":"2026-08-09T17:59:50-03:00","caller":"verification.go:525","message":"Successfully fetched animes from Anilist"}
{"level":"info","anime":"Chainsmoker Cat","time":"2026-08-09T17:59:54-03:00","caller":"episodes.go:35","message":"Processing anime episodes"}
{"level":"info","anime":"Mushoku Tensei: Jobless Reincarnation Season 3","time":"2026-08-09T17:59:54-03:00","caller":"episodes.go:35","message":"Processing anime episodes"}
{"level":"info","anime":"Smoking Behind the Supermarket with You","time":"2026-08-09T17:59:54-03:00","caller":"episodes.go:35","message":"Processing anime episodes"}
{"level":"info","anime":"KAIJU GIRL CARAMELISE","time":"2026-08-09T17:59:54-03:00","caller":"episodes.go:35","message":"Processing anime episodes"}
{"level":"info","anime":"Sparks of Tomorrow","time":"2026-08-09T17:59:54-03:00","caller":"episodes.go:35","message":"Processing anime episodes"}
{"level":"info","anime":"Jaadugar: A Witch in Mongolia","time":"2026-08-09T17:59:54-03:00","caller":"episodes.go:35","message":"Processing anime episodes"}
{"level":"info","anime":"The Frontier Lord Begins with Zero Subjects","time":"2026-08-09T17:59:54-03:00","caller":"episodes.go:35","message":"Processing anime episodes"}
{"level":"info","anime":"THE GHOST IN THE SHELL","time":"2026-08-09T17:59:54-03:00","caller":"episodes.go:35","message":"Processing anime episodes"}
{"level":"info","anime":"The Villager of Level 999","time":"2026-08-09T17:59:54-03:00","caller":"episodes.go:35","message":"Processing anime episodes"}
{"level":"info","anime":"I Became a Legend After My 10 Year-Long Last Stand","time":"2026-08-09T17:59:54-03:00","caller":"episodes.go:35","message":"Processing anime episodes"}
{"level":"info","anime":"Love Unseen Beneath the Clear Night Sky","time":"2026-08-09T17:59:54-03:00","caller":"episodes.go:35","message":"Processing anime episodes"}
{"level":"info","anime":"The Cat and the Dragon","time":"2026-08-09T17:59:54-03:00","caller":"episodes.go:35","message":"Processing anime episodes"}
{"level":"info","anime":"The Insipid Prince's Furtive Grab for the Throne","time":"2026-08-09T17:59:54-03:00","caller":"episodes.go:35","message":"Processing anime episodes"}
{"level":"info","anime":"A Livid Lady’s Guide to Getting Even: How I Crushed My Homeland with My Mighty Grimoires","time":"2026-08-09T17:59:54-03:00","caller":"episodes.go:35","message":"Processing anime episodes"}
{"level":"info","anime":"I Want to Love You Till Your Dying Day","time":"2026-08-09T17:59:54-03:00","caller":"episodes.go:35","message":"Processing anime episodes"}
{"level":"info","anime":"BLACK TORCH","time":"2026-08-09T17:59:54-03:00","caller":"episodes.go:35","message":"Processing anime episodes"}
{"level":"info","anime":"Re:ZERO -Starting Life in Another World- Season 4","time":"2026-08-09T17:59:54-03:00","caller":"episodes.go:35","message":"Processing anime episodes"}
{"level":"info","anime":"Hanaori-san Still Wants to Fight in the Next Life","time":"2026-08-09T17:59:54-03:00","caller":"episodes.go:35","message":"Processing anime episodes"}
{"level":"info","anime":"The 100 Girlfriends Who Really, Really, Really, Really, REALLY Love You Season 3","time":"2026-08-09T17:59:54-03:00","caller":"episodes.go:35","message":"Processing anime episodes"}
{"level":"info","anime":"Dara-san of the Reiwa Era","time":"2026-08-09T17:59:54-03:00","caller":"episodes.go:35","message":"Processing anime episodes"}
{"level":"info","anime":"Daemons of the Shadow Realm","time":"2026-08-09T17:59:54-03:00","caller":"episodes.go:35","message":"Processing anime episodes"}
{"level":"info","anime":"You and I Are Polar Opposites Season 2","time":"2026-08-09T17:59:54-03:00","caller":"episodes.go:35","message":"Processing anime episodes"}
{"level":"info","anime":"From Old Country Bumpkin to Master Swordsman II","time":"2026-08-09T17:59:54-03:00","caller":"episodes.go:35","message":"Processing anime episodes"}
{"level":"info","anime":"The World Is Dancing","time":"2026-08-09T17:59:54-03:00","caller":"episodes.go:35","message":"Processing anime episodes"}
{"level":"info","animes_checked":24,"episodes_checked":310,"episodes_downloaded":0,"total_time":0.857263,"avg_time_per_episode":0.002765,"time":"2026-08-09T17:59:54-03:00","caller":"verification.go:315","message":"Verification completed"}
{"level":"info","hash":"ceb15922f0f15e24ccd7f07c10629be8d9a0215f","time":"2026-08-09T17:59:58-03:00","caller":"session.go:142","message":"Resumed torrent"}
{"level":"info","hash":"acf6fb9038f3a6762e70038e3dfde11d445a304d","anime":"Sparks of Tomorrow","files":1,"time":"2026-08-09T18:00:02-03:00","caller":"jobs.go:387","message":"Organized torrent into library"}
{"level":"info","id":"1786309198301272822","type":"organize","time":"2026-08-09T18:00:02-03:00","caller":"jobs.go:201","message":"Job queue: job completed"}
{"level":"info","hash":"0f4fc41c21f8a01a48efcb627fa5a8da9295a2bf","time":"2026-08-09T18:00:02-03:00","caller":"session.go:142","message":"Resumed torrent"}
{"level":"warn","webhook":"ntfy","status":429,"time":"2026-08-09T18:00:02-03:00","caller":"notifications.go:106","message":"Webhook returned error status"}
{"level":"info","method":"GET","path":"/api/v1/animes","remote_addr":"192.168.0.100:45366","status":200,"duration":9884.575689,"time":"2026-08-09T18:00:04-03:00","caller":"middleware.go:26","message":"HTTP request"}
{"level":"info","hash":"03e008e16e027e52247b816a587088bf498788cf","anime":"Sparks of Tomorrow","files":1,"time":"2026-08-09T18:00:07-03:00","caller":"jobs.go:387","message":"Organized torrent into library"}
{"level":"info","id":"1786309202423172961","type":"organize","time":"2026-08-09T18:00:07-03:00","caller":"jobs.go:201","message":"Job queue: job completed"}
{"level":"warn","webhook":"ntfy","status":429,"time":"2026-08-09T18:00:07-03:00","caller":"notifications.go:106","message":"Webhook returned error status"}
{"level":"info","method":"GET","path":"/api/v1/torrents","remote_addr":"192.168.0.100:45366","status":200,"duration":1.996361,"time":"2026-08-09T18:00:27-03:00","caller":"middleware.go:26","message":"HTTP request"}
{"level":"info","method":"GET","path":"/api/v1/animes","remote_addr":"192.168.0.100:39502","status":200,"duration":7716.286533,"time":"2026-08-09T18:00:35-03:00","caller":"middleware.go:26","message":"HTTP request"}
{"level":"info","hash":"fcb4a44919ae7cf564a15eecf8d3c67f7cba2220","time":"2026-08-09T18:00:46-03:00","caller":"session.go:142","message":"Resumed torrent"}
{"level":"info","hash":"9fbc26dc32a76e5e55e54b2cbbda199d622603a7","anime":"Sparks of Tomorrow","files":1,"time":"2026-08-09T18:00:47-03:00","caller":"jobs.go:387","message":"Organized torrent into library"}
{"level":"info","id":"1786309246035983200","type":"organize","time":"2026-08-09T18:00:47-03:00","caller":"jobs.go:201","message":"Job queue: job completed"}
{"level":"warn","webhook":"ntfy","status":429,"time":"2026-08-09T18:00:47-03:00","caller":"notifications.go:106","message":"Webhook returned error status"}
{"level":"info","hash":"5212e74ab460ad9c4e09f0474bcbcce5f5ecb9f2","time":"2026-08-09T18:01:10-03:00","caller":"session.go:142","message":"Resumed torrent"}
{"level":"info","hash":"0f4fc41c21f8a01a48efcb627fa5a8da9295a2bf","anime":"The 100 Girlfriends Who Really, Really, Really, Really, REALLY Love You Season 3","files":1,"time":"2026-08-09T18:01:12-03:00","caller":"jobs.go:387","message":"Organized torrent into library"}
{"level":"info","id":"1786309270138778797","type":"organize","time":"2026-08-09T18:01:12-03:00","caller":"jobs.go:201","message":"Job queue: job completed"}
{"level":"warn","webhook":"ntfy","status":429,"time":"2026-08-09T18:01:12-03:00","caller":"notifications.go:106","message":"Webhook returned error status"}
{"level":"info","method":"GET","path":"/api/v1/torrents","remote_addr":"192.168.0.100:39502","status":200,"duration":2.579567,"time":"2026-08-09T18:01:27-03:00","caller":"middleware.go:26","message":"HTTP request"}
{"level":"info","method":"GET","path":"/api/v1/animes","remote_addr":"192.168.0.100:45366","status":200,"duration":6271.064477,"time":"2026-08-09T18:01:34-03:00","caller":"middleware.go:26","message":"HTTP request"}
{"level":"info","hash":"98606584b82f06e54992ac8e0c981450c7bdd35f","time":"2026-08-09T18:01:35-03:00","caller":"session.go:142","message":"Resumed torrent"}
{"level":"info","hash":"ceb15922f0f15e24ccd7f07c10629be8d9a0215f","anime":"Sparks of Tomorrow","files":1,"time":"2026-08-09T18:01:37-03:00","caller":"jobs.go:387","message":"Organized torrent into library"}
{"level":"info","id":"1786309295407598256","type":"organize","time":"2026-08-09T18:01:37-03:00","caller":"jobs.go:201","message":"Job queue: job completed"}
{"level":"warn","webhook":"ntfy","status":429,"time":"2026-08-09T18:01:37-03:00","caller":"notifications.go:106","message":"Webhook returned error status"}
{"level":"info","hash":"442db719631996ae570bae1b57e56a9bbe338c8c","time":"2026-08-09T18:02:03-03:00","caller":"session.go:142","message":"Resumed torrent"}
{"level":"info","hash":"fcb4a44919ae7cf564a15eecf8d3c67f7cba2220","anime":"The Cat and the Dragon","files":1,"time":"2026-08-09T18:02:07-03:00","caller":"jobs.go:387","message":"Organized torrent into library"}
{"level":"info","id":"1786309323879033418","type":"organize","time":"2026-08-09T18:02:07-03:00","caller":"jobs.go:201","message":"Job queue: job completed"}
{"level":"warn","webhook":"ntfy","status":429,"time":"2026-08-09T18:02:07-03:00","caller":"notifications.go:106","message":"Webhook returned error status"}
{"level":"info","method":"GET","path":"/api/v1/torrents","remote_addr":"192.168.0.100:45366","status":200,"duration":6.183859,"time":"2026-08-09T18:02:27-03:00","caller":"middleware.go:26","message":"HTTP request"}
{"level":"info","method":"GET","path":"/api/v1/animes","remote_addr":"192.168.0.100:39502","status":200,"duration":5913.317066,"time":"2026-08-09T18:02:33-03:00","caller":"middleware.go:26","message":"HTTP request"}
{"level":"info","hash":"ecf80f73f1088a71120e1dac79d42b0eecbfa429","time":"2026-08-09T18:02:38-03:00","caller":"session.go:142","message":"Resumed torrent"}
{"level":"info","hash":"5212e74ab460ad9c4e09f0474bcbcce5f5ecb9f2","anime":"The Cat and the Dragon","files":1,"time":"2026-08-09T18:02:42-03:00","caller":"jobs.go:387","message":"Organized torrent into library"}
{"level":"info","id":"1786309358672839572","type":"organize","time":"2026-08-09T18:02:42-03:00","caller":"jobs.go:201","message":"Job queue: job completed"}
{"level":"warn","webhook":"ntfy","status":429,"time":"2026-08-09T18:02:42-03:00","caller":"notifications.go:106","message":"Webhook returned error status"}
{"level":"info","hash":"f7adcca47a27db278fdb4bdb3fe46b39bac39fd8","time":"2026-08-09T18:03:06-03:00","caller":"session.go:142","message":"Resumed torrent"}
{"level":"info","hash":"98606584b82f06e54992ac8e0c981450c7bdd35f","anime":"The Cat and the Dragon","files":1,"time":"2026-08-09T18:03:07-03:00","caller":"jobs.go:387","message":"Organized torrent into library"}
{"level":"info","id":"1786309386940658230","type":"organize","time":"2026-08-09T18:03:07-03:00","caller":"jobs.go:201","message":"Job queue: job completed"}
{"level":"warn","webhook":"ntfy","status":429,"time":"2026-08-09T18:03:07-03:00","caller":"notifications.go:106","message":"Webhook returned error status"}
{"level":"info","method":"GET","path":"/api/v1/torrents","remote_addr":"192.168.0.100:39502","status":200,"duration":2.738105,"time":"2026-08-09T18:03:27-03:00","caller":"middleware.go:26","message":"HTTP request"}
{"level":"info","method":"GET","path":"/api/v1/animes","remote_addr":"192.168.0.100:45366","status":200,"duration":7316.935691,"time":"2026-08-09T18:03:35-03:00","caller":"middleware.go:26","message":"HTTP request"}
{"level":"info","hash":"028898126c8526e785f0613fc4752c81b1fae72f","time":"2026-08-09T18:03:48-03:00","caller":"session.go:142","message":"Resumed torrent"}
{"level":"info","hash":"442db719631996ae570bae1b57e56a9bbe338c8c","anime":"The Cat and the Dragon","files":1,"time":"2026-08-09T18:03:52-03:00","caller":"jobs.go:387","message":"Organized torrent into library"}
{"level":"info","id":"1786309428356734624","type":"organize","time":"2026-08-09T18:03:52-03:00","caller":"jobs.go:201","message":"Job queue: job completed"}
{"level":"warn","webhook":"ntfy","status":429,"time":"2026-08-09T18:03:52-03:00","caller":"notifications.go:106","message":"Webhook returned error status"}
{"level":"info","hash":"42e7f2ec28c2313e5af1c42f2ae8fae366068cfd","time":"2026-08-09T18:04:21-03:00","caller":"session.go:142","message":"Resumed torrent"}
{"level":"info","hash":"ecf80f73f1088a71120e1dac79d42b0eecbfa429","anime":"The Cat and the Dragon","files":1,"time":"2026-08-09T18:04:22-03:00","caller":"jobs.go:387","message":"Organized torrent into library"}
{"level":"info","id":"1786309461489802950","type":"organize","time":"2026-08-09T18:04:22-03:00","caller":"jobs.go:201","message":"Job queue: job completed"}
{"level":"warn","webhook":"ntfy","status":429,"time":"2026-08-09T18:04:22-03:00","caller":"notifications.go:106","message":"Webhook returned error status"}
{"level":"info","method":"GET","path":"/api/v1/torrents","remote_addr":"192.168.0.100:45366","status":200,"duration":2.011212,"time":"2026-08-09T18:04:27-03:00","caller":"middleware.go:26","message":"HTTP request"}
{"level":"info","method":"GET","path":"/api/v1/animes","remote_addr":"192.168.0.100:39502","status":200,"duration":9591.284618,"time":"2026-08-09T18:04:37-03:00","caller":"middleware.go:26","message":"HTTP request"}
{"level":"info","hash":"594bc91b6635b240a0f21bbca87a5a96503059d6","time":"2026-08-09T18:05:01-03:00","caller":"session.go:142","message":"Resumed torrent"}
{"level":"info","hash":"f7adcca47a27db278fdb4bdb3fe46b39bac39fd8","anime":"The Cat and the Dragon","files":1,"time":"2026-08-09T18:05:02-03:00","caller":"jobs.go:387","message":"Organized torrent into library"}
{"level":"info","id":"1786309501818228992","type":"organize","time":"2026-08-09T18:05:02-03:00","caller":"jobs.go:201","message":"Job queue: job completed"}
{"level":"warn","webhook":"ntfy","status":429,"time":"2026-08-09T18:05:02-03:00","caller":"notifications.go:106","message":"Webhook returned error status"}
{"level":"info","hash":"4cc95a4e68b0e8e408170fc928c947e2a214f4a8","time":"2026-08-09T18:05:16-03:00","caller":"session.go:142","message":"Resumed torrent"}
{"level":"info","hash":"028898126c8526e785f0613fc4752c81b1fae72f","anime":"The Cat and the Dragon","files":1,"time":"2026-08-09T18:05:17-03:00","caller":"jobs.go:387","message":"Organized torrent into library"}
{"level":"info","id":"1786309516353541779","type":"organize","time":"2026-08-09T18:05:17-03:00","caller":"jobs.go:201","message":"Job queue: job completed"}
{"level":"warn","webhook":"ntfy","status":429,"time":"2026-08-09T18:05:17-03:00","caller":"notifications.go:106","message":"Webhook returned error status"}
{"level":"info","method":"GET","path":"/api/v1/torrents","remote_addr":"192.168.0.100:39502","status":200,"duration":14.75873,"time":"2026-08-09T18:05:27-03:00","caller":"middleware.go:26","message":"HTTP request"}
{"level":"info","method":"GET","path":"/api/v1/animes","remote_addr":"192.168.0.100:45366","status":200,"duration":9014.431583,"time":"2026-08-09T18:05:36-03:00","caller":"middleware.go:26","message":"HTTP request"}
{"level":"info","hash":"bec3330cc8c8785ef7e62ed481b1c6fcf4f6d88c","time":"2026-08-09T18:05:38-03:00","caller":"session.go:142","message":"Resumed torrent"}
{"level":"info","hash":"594bc91b6635b240a0f21bbca87a5a96503059d6","anime":"THE GHOST IN THE SHELL","files":1,"time":"2026-08-09T18:05:42-03:00","caller":"jobs.go:387","message":"Organized torrent into library"}
{"level":"info","id":"1786309538146669424","type":"organize","time":"2026-08-09T18:05:42-03:00","caller":"jobs.go:201","message":"Job queue: job completed"}
{"level":"warn","webhook":"ntfy","status":429,"time":"2026-08-09T18:05:42-03:00","caller":"notifications.go:106","message":"Webhook returned error status"}
{"level":"info","hash":"079c7bf051cd3c5192406d760075636f3a42c95b","time":"2026-08-09T18:05:49-03:00","caller":"session.go:142","message":"Resumed torrent"}
{"level":"info","hash":"84b31ccacfec40be5ee696042775dcd493c3c1b9","time":"2026-08-09T18:05:51-03:00","caller":"session.go:142","message":"Resumed torrent"}
{"level":"info","hash":"42e7f2ec28c2313e5af1c42f2ae8fae366068cfd","anime":"THE GHOST IN THE SHELL","files":1,"time":"2026-08-09T18:05:52-03:00","caller":"jobs.go:387","message":"Organized torrent into library"}
{"level":"info","id":"1786309549470853000","type":"organize","time":"2026-08-09T18:05:52-03:00","caller":"jobs.go:201","message":"Job queue: job completed"}
{"level":"info","hash":"4cc95a4e68b0e8e408170fc928c947e2a214f4a8","anime":"THE GHOST IN THE SHELL","files":1,"time":"2026-08-09T18:05:52-03:00","caller":"jobs.go:387","message":"Organized torrent into library"}
{"level":"info","id":"1786309551031326285","type":"organize","time":"2026-08-09T18:05:52-03:00","caller":"jobs.go:201","message":"Job queue: job completed"}
{"level":"warn","webhook":"ntfy","status":429,"time":"2026-08-09T18:05:52-03:00","caller":"notifications.go:106","message":"Webhook returned error status"}
{"level":"warn","webhook":"ntfy","status":429,"time":"2026-08-09T18:05:52-03:00","caller":"notifications.go:106","message":"Webhook returned error status"}
{"level":"info","hash":"dd4c9b88c9053fd33e82efe82a215a3ed54fa9ec","time":"2026-08-09T18:06:18-03:00","caller":"session.go:142","message":"Resumed torrent"}
{"level":"info","hash":"bec3330cc8c8785ef7e62ed481b1c6fcf4f6d88c","anime":"THE GHOST IN THE SHELL","files":1,"time":"2026-08-09T18:06:22-03:00","caller":"jobs.go:387","message":"Organized torrent into library"}
{"level":"info","id":"1786309578684304823","type":"organize","time":"2026-08-09T18:06:22-03:00","caller":"jobs.go:201","message":"Job queue: job completed"}
{"level":"warn","webhook":"ntfy","status":429,"time":"2026-08-09T18:06:22-03:00","caller":"notifications.go:106","message":"Webhook returned error status"}
{"level":"info","method":"GET","path":"/api/v1/torrents","remote_addr":"192.168.0.100:45366","status":200,"duration":290.452761,"time":"2026-08-09T18:06:28-03:00","caller":"middleware.go:26","message":"HTTP request"}
{"level":"info","method":"GET","path":"/api/v1/animes","remote_addr":"192.168.0.100:39502","status":200,"duration":4150.379089,"time":"2026-08-09T18:06:31-03:00","caller":"middleware.go:26","message":"HTTP request"}
{"level":"info","hash":"9bdf9106b2b82576c7a9b022b425c72f46d2728b","time":"2026-08-09T18:06:46-03:00","caller":"session.go:142","message":"Resumed torrent"}
{"level":"info","hash":"079c7bf051cd3c5192406d760075636f3a42c95b","anime":"THE GHOST IN THE SHELL","files":1,"time":"2026-08-09T18:06:47-03:00","caller":"jobs.go:387","message":"Organized torrent into library"}
{"level":"info","id":"1786309606070469712","type":"organize","time":"2026-08-09T18:06:47-03:00","caller":"jobs.go:201","message":"Job queue: job completed"}
{"level":"warn","webhook":"ntfy","status":429,"time":"2026-08-09T18:06:47-03:00","caller":"notifications.go:106","message":"Webhook returned error status"}
{"level":"info","method":"GET","path":"/api/v1/torrents","remote_addr":"192.168.0.100:39502","status":200,"duration":207.977149,"time":"2026-08-09T18:07:27-03:00","caller":"middleware.go:26","message":"HTTP request"}
{"level":"info","method":"GET","path":"/api/v1/animes","remote_addr":"192.168.0.100:45366","status":200,"duration":3873.806136,"time":"2026-08-09T18:07:31-03:00","caller":"middleware.go:26","message":"HTTP request"}
{"level":"info","hash":"29519e7fcf5a8da4db5a454f23a069d7a9142516","time":"2026-08-09T18:07:36-03:00","caller":"session.go:142","message":"Resumed torrent"}
{"level":"info","hash":"84b31ccacfec40be5ee696042775dcd493c3c1b9","anime":"The Villager of Level 999","files":1,"time":"2026-08-09T18:07:37-03:00","caller":"jobs.go:387","message":"Organized torrent into library"}
{"level":"info","id":"1786309656814216451","type":"organize","time":"2026-08-09T18:07:37-03:00","caller":"jobs.go:201","message":"Job queue: job completed"}
{"level":"warn","webhook":"ntfy","status":429,"time":"2026-08-09T18:07:37-03:00","caller":"notifications.go:106","message":"Webhook returned error status"}
{"level":"info","hash":"ac2e73fd13363e7cd82178c0bc2c94f8eb51f89f","time":"2026-08-09T18:08:25-03:00","caller":"session.go:142","message":"Resumed torrent"}
{"level":"info","hash":"25ed3490ba1a03c894a1601ad17e92fd78e84a77","time":"2026-08-09T18:08:26-03:00","caller":"session.go:142","message":"Resumed torrent"}
{"level":"info","hash":"dd4c9b88c9053fd33e82efe82a215a3ed54fa9ec","anime":"The Villager of Level 999","files":1,"time":"2026-08-09T18:08:27-03:00","caller":"jobs.go:387","message":"Organized torrent into library"}
{"level":"info","id":"1786309705708490131","type":"organize","time":"2026-08-09T18:08:27-03:00","caller":"jobs.go:201","message":"Job queue: job completed"}
{"level":"info","hash":"9bdf9106b2b82576c7a9b022b425c72f46d2728b","anime":"The Frontier Lord Begins with Zero Subjects","files":1,"time":"2026-08-09T18:08:27-03:00","caller":"jobs.go:387","message":"Organized torrent into library"}
{"level":"info","id":"1786309706904376641","type":"organize","time":"2026-08-09T18:08:27-03:00","caller":"jobs.go:201","message":"Job queue: job completed"}
{"level":"warn","webhook":"ntfy","status":429,"time":"2026-08-09T18:08:27-03:00","caller":"notifications.go:106","message":"Webhook returned error status"}
{"level":"warn","webhook":"ntfy","status":429,"time":"2026-08-09T18:08:27-03:00","caller":"notifications.go:106","message":"Webhook returned error status"}
{"level":"info","method":"GET","path":"/api/v1/torrents","remote_addr":"192.168.0.100:45366","status":200,"duration":2.020619,"time":"2026-08-09T18:08:27-03:00","caller":"middleware.go:26","message":"HTTP request"}
{"level":"info","method":"GET","path":"/api/v1/animes","remote_addr":"192.168.0.100:39502","status":200,"duration":2425.530424,"time":"2026-08-09T18:08:30-03:00","caller":"middleware.go:26","message":"HTTP request"}
{"level":"info","method":"GET","path":"/api/v1/torrents","remote_addr":"192.168.0.100:39502","status":200,"duration":388.685702,"time":"2026-08-09T18:09:28-03:00","caller":"middleware.go:26","message":"HTTP request"}
{"level":"info","method":"GET","path":"/api/v1/animes","remote_addr":"192.168.0.100:45366","status":200,"duration":2717.679734,"time":"2026-08-09T18:09:30-03:00","caller":"middleware.go:26","message":"HTTP request"}
{"level":"info","usernames":["JediahSk","D4NIDx"],"animes_found":24,"time":"2026-08-09T18:09:57-03:00","caller":"verification.go:525","message":"Successfully fetched animes from Anilist"}
{"level":"info","anime":"Mushoku Tensei: Jobless Reincarnation Season 3","time":"2026-08-09T18:09:59-03:00","caller":"episodes.go:35","message":"Processing anime episodes"}
{"level":"info","anime":"From Old Country Bumpkin to Master Swordsman II","time":"2026-08-09T18:09:59-03:00","caller":"episodes.go:35","message":"Processing anime episodes"}
{"level":"info","anime":"The Villager of Level 999","time":"2026-08-09T18:09:59-03:00","caller":"episodes.go:35","message":"Processing anime episodes"}
{"level":"info","anime":"Jaadugar: A Witch in Mongolia","time":"2026-08-09T18:09:59-03:00","caller":"episodes.go:35","message":"Processing anime episodes"}
{"level":"info","anime":"The 100 Girlfriends Who Really, Really, Really, Really, REALLY Love You Season 3","time":"2026-08-09T18:09:59-03:00","caller":"episodes.go:35","message":"Processing anime episodes"}
{"level":"info","anime":"Chainsmoker Cat","time":"2026-08-09T18:09:59-03:00","caller":"episodes.go:35","message":"Processing anime episodes"}
{"level":"info","anime":"I Became a Legend After My 10 Year-Long Last Stand","time":"2026-08-09T18:09:59-03:00","caller":"episodes.go:35","message":"Processing anime episodes"}
{"level":"info","anime":"Daemons of the Shadow Realm","time":"2026-08-09T18:09:59-03:00","caller":"episodes.go:35","message":"Processing anime episodes"}
{"level":"info","anime":"Love Unseen Beneath the Clear Night Sky","time":"2026-08-09T18:09:59-03:00","caller":"episodes.go:35","message":"Processing anime episodes"}
{"level":"info","anime":"The Cat and the Dragon","time":"2026-08-09T18:09:59-03:00","caller":"episodes.go:35","message":"Processing anime episodes"}
{"level":"info","anime":"Smoking Behind the Supermarket with You","time":"2026-08-09T18:09:59-03:00","caller":"episodes.go:35","message":"Processing anime episodes"}
{"level":"info","anime":"THE GHOST IN THE SHELL","time":"2026-08-09T18:09:59-03:00","caller":"episodes.go:35","message":"Processing anime episodes"}
{"level":"info","anime":"The Insipid Prince's Furtive Grab for the Throne","time":"2026-08-09T18:09:59-03:00","caller":"episodes.go:35","message":"Processing anime episodes"}
{"level":"info","anime":"You and I Are Polar Opposites Season 2","time":"2026-08-09T18:09:59-03:00","caller":"episodes.go:35","message":"Processing anime episodes"}
{"level":"info","anime":"The Frontier Lord Begins with Zero Subjects","time":"2026-08-09T18:09:59-03:00","caller":"episodes.go:35","message":"Processing anime episodes"}
{"level":"info","anime":"A Livid Lady’s Guide to Getting Even: How I Crushed My Homeland with My Mighty Grimoires","time":"2026-08-09T18:09:59-03:00","caller":"episodes.go:35","message":"Processing anime episodes"}
{"level":"info","anime":"Hanaori-san Still Wants to Fight in the Next Life","time":"2026-08-09T18:09:59-03:00","caller":"episodes.go:35","message":"Processing anime episodes"}
{"level":"info","anime":"Dara-san of the Reiwa Era","time":"2026-08-09T18:09:59-03:00","caller":"episodes.go:35","message":"Processing anime episodes"}
{"level":"info","anime":"BLACK TORCH","time":"2026-08-09T18:09:59-03:00","caller":"episodes.go:35","message":"Processing anime episodes"}
{"level":"info","anime":"The World Is Dancing","time":"2026-08-09T18:09:59-03:00","caller":"episodes.go:35","message":"Processing anime episodes"}
{"level":"info","anime":"Re:ZERO -Starting Life in Another World- Season 4","time":"2026-08-09T18:09:59-03:00","caller":"episodes.go:35","message":"Processing anime episodes"}
{"level":"info","anime":"Sparks of Tomorrow","time":"2026-08-09T18:09:59-03:00","caller":"episodes.go:35","message":"Processing anime episodes"}
{"level":"info","anime":"I Want to Love You Till Your Dying Day","time":"2026-08-09T18:09:59-03:00","caller":"episodes.go:35","message":"Processing anime episodes"}
{"level":"info","anime":"KAIJU GIRL CARAMELISE","time":"2026-08-09T18:09:59-03:00","caller":"episodes.go:35","message":"Processing anime episodes"}
{"level":"info","animes_checked":24,"episodes_checked":310,"episodes_downloaded":0,"total_time":1.289673,"avg_time_per_episode":0.00416,"time":"2026-08-09T18:09:59-03:00","caller":"verification.go:315","message":"Verification completed"}
{"level":"info","method":"GET","path":"/api/v1/animes","remote_addr":"192.168.0.100:45366","status":200,"duration":2819.262523,"time":"2026-08-09T18:10:02-03:00","caller":"middleware.go:26","message":"HTTP request"}
{"level":"info","method":"GET","path":"/api/v1/torrents","remote_addr":"192.168.0.100:45366","status":200,"duration":2.292861,"time":"2026-08-09T18:10:27-03:00","caller":"middleware.go:26","message":"HTTP request"}
{"level":"info","method":"GET","path":"/api/v1/animes","remote_addr":"192.168.0.100:39502","status":200,"duration":6625.513132,"time":"2026-08-09T18:10:34-03:00","caller":"middleware.go:26","message":"HTTP request"}
{"level":"info","hash":"40b4300932694f3724c8948029ffbe55275c2913","time":"2026-08-09T18:10:47-03:00","caller":"session.go:142","message":"Resumed torrent"}
{"level":"info","hash":"ac2e73fd13363e7cd82178c0bc2c94f8eb51f89f","anime":"The Insipid Prince's Furtive Grab for the Throne","files":1,"time":"2026-08-09T18:10:52-03:00","caller":"jobs.go:387","message":"Organized torrent into library"}
{"level":"info","id":"1786309847811556657","type":"organize","time":"2026-08-09T18:10:52-03:00","caller":"jobs.go:201","message":"Job queue: job completed"}
{"level":"warn","webhook":"ntfy","status":429,"time":"2026-08-09T18:10:52-03:00","caller":"notifications.go:106","message":"Webhook returned error status"}
{"level":"info","hash":"b7ace8d06ccca069ed0a626daa534a8b7ae2e490","time":"2026-08-09T18:11:01-03:00","caller":"session.go:142","message":"Resumed torrent"}
{"level":"info","hash":"29519e7fcf5a8da4db5a454f23a069d7a9142516","anime":"The Insipid Prince's Furtive Grab for the Throne","files":1,"time":"2026-08-09T18:11:02-03:00","caller":"jobs.go:387","message":"Organized torrent into library"}
{"level":"info","id":"1786309861748607702","type":"organize","time":"2026-08-09T18:11:02-03:00","caller":"jobs.go:201","message":"Job queue: job completed"}
{"level":"warn","webhook":"ntfy","status":429,"time":"2026-08-09T18:11:02-03:00","caller":"notifications.go:106","message":"Webhook returned error status"}
{"level":"info","method":"GET","path":"/api/v1/torrents","remote_addr":"192.168.0.100:39502","status":200,"duration":2.123935,"time":"2026-08-09T18:11:27-03:00","caller":"middleware.go:26","message":"HTTP request"}
{"level":"info","method":"GET","path":"/api/v1/animes","remote_addr":"192.168.0.100:45366","status":200,"duration":4063.717233,"time":"2026-08-09T18:11:31-03:00","caller":"middleware.go:26","message":"HTTP request"}
{"level":"info","hash":"4d0d1eca15fa2506e825b8c4df3bde086a013e8f","time":"2026-08-09T18:11:38-03:00","caller":"session.go:142","message":"Resumed torrent"}
{"level":"info","hash":"b7ace8d06ccca069ed0a626daa534a8b7ae2e490","anime":"Sparks of Tomorrow","files":1,"time":"2026-08-09T18:11:42-03:00","caller":"jobs.go:387","message":"Organized torrent into library"}
{"level":"info","id":"1786309899000183853","type":"organize","time":"2026-08-09T18:11:42-03:00","caller":"jobs.go:201","message":"Job queue: job completed"}
{"level":"warn","webhook":"ntfy","status":429,"time":"2026-08-09T18:11:42-03:00","caller":"notifications.go:106","message":"Webhook returned error status"}
{"level":"info","hash":"e00362a950d2f280acb86657678a160fae805059","time":"2026-08-09T18:12:05-03:00","caller":"session.go:142","message":"Resumed torrent"}
{"level":"info","hash":"25ed3490ba1a03c894a1601ad17e92fd78e84a77","anime":"The Insipid Prince's Furtive Grab for the Throne","files":1,"time":"2026-08-09T18:12:07-03:00","caller":"jobs.go:387","message":"Organized torrent into library"}
{"level":"info","id":"1786309925425912359","type":"organize","time":"2026-08-09T18:12:07-03:00","caller":"jobs.go:201","message":"Job queue: job completed"}
{"level":"warn","webhook":"ntfy","status":429,"time":"2026-08-09T18:12:07-03:00","caller":"notifications.go:106","message":"Webhook returned error status"}
{"level":"info","method":"GET","path":"/api/v1/torrents","remote_addr":"192.168.0.100:45366","status":200,"duration":1.965897,"time":"2026-08-09T18:12:27-03:00","caller":"middleware.go:26","message":"HTTP request"}
{"level":"info","method":"GET","path":"/api/v1/animes","remote_addr":"192.168.0.100:39502","status":200,"duration":21979.142759,"time":"2026-08-09T18:12:49-03:00","caller":"middleware.go:26","message":"HTTP request"}
{"level":"info","hash":"3a0e429b41c04890e0c25c85ec3458a5974c5868","time":"2026-08-09T18:13:11-03:00","caller":"session.go:142","message":"Resumed torrent"}
{"level":"info","hash":"40b4300932694f3724c8948029ffbe55275c2913","anime":"The Insipid Prince's Furtive Grab for the Throne","files":1,"time":"2026-08-09T18:13:12-03:00","caller":"jobs.go:387","message":"Organized torrent into library"}
{"level":"info","id":"1786309991244400164","type":"organize","time":"2026-08-09T18:13:12-03:00","caller":"jobs.go:201","message":"Job queue: job completed"}
{"level":"warn","webhook":"ntfy","status":429,"time":"2026-08-09T18:13:12-03:00","caller":"notifications.go:106","message":"Webhook returned error status"}
{"level":"info","method":"GET","path":"/api/v1/torrents","remote_addr":"192.168.0.100:39502","status":200,"duration":2.393251,"time":"2026-08-09T18:13:27-03:00","caller":"middleware.go:26","message":"HTTP request"}
{"level":"info","hash":"cfc2c5c9a565afcc0f9b3731947eea9637f310a3","time":"2026-08-09T18:13:29-03:00","caller":"session.go:142","message":"Resumed torrent"}
{"level":"info","method":"GET","path":"/api/v1/animes","remote_addr":"192.168.0.100:45366","status":200,"duration":2811.7773,"time":"2026-08-09T18:13:30-03:00","caller":"middleware.go:26","message":"HTTP request"}
{"level":"info","hash":"4d0d1eca15fa2506e825b8c4df3bde086a013e8f","anime":"A Livid Lady’s Guide to Getting Even: How I Crushed My Homeland with My Mighty Grimoires","files":1,"time":"2026-08-09T18:13:32-03:00","caller":"jobs.go:387","message":"Organized torrent into library"}
{"level":"info","id":"1786310009256823261","type":"organize","time":"2026-08-09T18:13:32-03:00","caller":"jobs.go:201","message":"Job queue: job completed"}
{"level":"warn","webhook":"ntfy","status":429,"time":"2026-08-09T18:13:32-03:00","caller":"notifications.go:106","message":"Webhook returned error status"}
{"level":"info","hash":"e56a17a8b0dff7c2f8bd5c56b48f897876f91c47","time":"2026-08-09T18:13:52-03:00","caller":"session.go:142","message":"Resumed torrent"}
{"level":"info","hash":"e00362a950d2f280acb86657678a160fae805059","anime":"A Livid Lady’s Guide to Getting Even: How I Crushed My Homeland with My Mighty Grimoires","files":1,"time":"2026-08-09T18:13:57-03:00","caller":"jobs.go:387","message":"Organized torrent into library"}
{"level":"info","id":"1786310032785328842","type":"organize","time":"2026-08-09T18:13:57-03:00","caller":"jobs.go:201","message":"Job queue: job completed"}
{"level":"warn","webhook":"ntfy","status":429,"time":"2026-08-09T18:13:57-03:00","caller":"notifications.go:106","message":"Webhook returned error status"}
{"level":"info","hash":"6b0a00add9d338e96c0ffb4c20fb71491f1db343","time":"2026-08-09T18:14:20-03:00","caller":"session.go:142","message":"Resumed torrent"}
{"level":"info","hash":"e56a17a8b0dff7c2f8bd5c56b48f897876f91c47","anime":"Hanaori-san Still Wants to Fight in the Next Life","files":1,"time":"2026-08-09T18:14:22-03:00","caller":"jobs.go:387","message":"Organized torrent into library"}
{"level":"info","id":"1786310060244207275","type":"organize","time":"2026-08-09T18:14:22-03:00","caller":"jobs.go:201","message":"Job queue: job completed"}
{"level":"warn","webhook":"ntfy","status":429,"time":"2026-08-09T18:14:22-03:00","caller":"notifications.go:106","message":"Webhook returned error status"}
{"level":"info","method":"GET","path":"/api/v1/torrents","remote_addr":"192.168.0.100:45366","status":200,"duration":2.074028,"time":"2026-08-09T18:14:27-03:00","caller":"middleware.go:26","message":"HTTP request"}
{"level":"info","hash":"06efc80ae55bc9158a5ec20f93242999779c616e","time":"2026-08-09T18:14:29-03:00","caller":"session.go:142","message":"Resumed torrent"}
{"level":"info","hash":"3a0e429b41c04890e0c25c85ec3458a5974c5868","anime":"A Livid Lady’s Guide to Getting Even: How I Crushed My Homeland with My Mighty Grimoires","files":1,"time":"2026-08-09T18:14:32-03:00","caller":"jobs.go:387","message":"Organized torrent into library"}
{"level":"info","id":"1786310069245751830","type":"organize","time":"2026-08-09T18:14:32-03:00","caller":"jobs.go:201","message":"Job queue: job completed"}
{"level":"warn","webhook":"ntfy","status":429,"time":"2026-08-09T18:14:32-03:00","caller":"notifications.go:106","message":"Webhook returned error status"}
{"level":"info","method":"GET","path":"/api/v1/animes","remote_addr":"192.168.0.100:39502","status":200,"duration":4704.572006,"time":"2026-08-09T18:14:32-03:00","caller":"middleware.go:26","message":"HTTP request"}
{"level":"info","method":"GET","path":"/api/v1/torrents","remote_addr":"192.168.0.100:39502","status":200,"duration":3.488165,"time":"2026-08-09T18:15:27-03:00","caller":"middleware.go:26","message":"HTTP request"}
{"level":"info","hash":"9830139e97a234a178488e930613d6e03eac36fe","time":"2026-08-09T18:15:30-03:00","caller":"session.go:142","message":"Resumed torrent"}
{"level":"info","method":"GET","path":"/api/v1/animes","remote_addr":"192.168.0.100:45366","status":200,"duration":3952.706944,"time":"2026-08-09T18:15:31-03:00","caller":"middleware.go:26","message":"HTTP request"}
{"level":"info","hash":"6b0a00add9d338e96c0ffb4c20fb71491f1db343","anime":"I Want to Love You Till Your Dying Day","files":1,"time":"2026-08-09T18:15:32-03:00","caller":"jobs.go:387","message":"Organized torrent into library"}
{"level":"info","id":"1786310130460412418","type":"organize","time":"2026-08-09T18:15:32-03:00","caller":"jobs.go:201","message":"Job queue: job completed"}
{"level":"warn","webhook":"ntfy","status":429,"time":"2026-08-09T18:15:32-03:00","caller":"notifications.go:106","message":"Webhook returned error status"}
{"level":"info","hash":"931672665f5c067fc7db388413ccc4f448571054","time":"2026-08-09T18:15:39-03:00","caller":"session.go:142","message":"Resumed torrent"}
{"level":"info","hash":"06efc80ae55bc9158a5ec20f93242999779c616e","anime":"I Want to Love You Till Your Dying Day","files":1,"time":"2026-08-09T18:15:42-03:00","caller":"jobs.go:387","message":"Organized torrent into library"}
{"level":"info","id":"1786310139794356722","type":"organize","time":"2026-08-09T18:15:42-03:00","caller":"jobs.go:201","message":"Job queue: job completed"}
{"level":"warn","webhook":"ntfy","status":429,"time":"2026-08-09T18:15:42-03:00","caller":"notifications.go:106","message":"Webhook returned error status"}
{"level":"info","hash":"c815cdd0122dc8c1dd949b8dde1fe5aaed0b4561","time":"2026-08-09T18:15:50-03:00","caller":"session.go:142","message":"Resumed torrent"}
{"level":"info","hash":"cfc2c5c9a565afcc0f9b3731947eea9637f310a3","anime":"Hanaori-san Still Wants to Fight in the Next Life","files":1,"time":"2026-08-09T18:15:52-03:00","caller":"jobs.go:387","message":"Organized torrent into library"}
{"level":"info","id":"1786310150259551225","type":"organize","time":"2026-08-09T18:15:52-03:00","caller":"jobs.go:201","message":"Job queue: job completed"}
{"level":"warn","webhook":"ntfy","status":429,"time":"2026-08-09T18:15:52-03:00","caller":"notifications.go:106","message":"Webhook returned error status"}
{"level":"info","method":"GET","path":"/api/v1/torrents","remote_addr":"192.168.0.100:45366","status":200,"duration":27.987595,"time":"2026-08-09T18:16:27-03:00","caller":"middleware.go:26","message":"HTTP request"}
{"level":"info","method":"GET","path":"/api/v1/animes","remote_addr":"192.168.0.100:39502","status":200,"duration":7197.941631,"time":"2026-08-09T18:16:34-03:00","caller":"middleware.go:26","message":"HTTP request"}
{"level":"info","hash":"8309bfddea2d84fd14e10fb2b88904cab4b6631d","time":"2026-08-09T18:17:02-03:00","caller":"session.go:142","message":"Resumed torrent"}
{"level":"info","hash":"9830139e97a234a178488e930613d6e03eac36fe","anime":"I Want to Love You Till Your Dying Day","files":1,"time":"2026-08-09T18:17:02-03:00","caller":"jobs.go:387","message":"Organized torrent into library"}
{"level":"info","id":"1786310222254209819","type":"organize","time":"2026-08-09T18:17:02-03:00","caller":"jobs.go:201","message":"Job queue: job completed"}
{"level":"warn","webhook":"ntfy","status":429,"time":"2026-08-09T18:17:02-03:00","caller":"notifications.go:106","message":"Webhook returned error status"}
{"level":"info","hash":"8b2e87a26b428b7d77cd6026b361d082aeb21331","time":"2026-08-09T18:17:24-03:00","caller":"session.go:142","message":"Resumed torrent"}
{"level":"info","hash":"931672665f5c067fc7db388413ccc4f448571054","anime":"BLACK TORCH","files":1,"time":"2026-08-09T18:17:27-03:00","caller":"jobs.go:387","message":"Organized torrent into library"}
{"level":"info","id":"1786310244190919158","type":"organize","time":"2026-08-09T18:17:27-03:00","caller":"jobs.go:201","message":"Job queue: job completed"}
{"level":"warn","webhook":"ntfy","status":429,"time":"2026-08-09T18:17:27-03:00","caller":"notifications.go:106","message":"Webhook returned error status"}
{"level":"info","method":"GET","path":"/api/v1/torrents","remote_addr":"192.168.0.100:39502","status":200,"duration":2.25701,"time":"2026-08-09T18:17:27-03:00","caller":"middleware.go:26","message":"HTTP request"}
{"level":"info","method":"GET","path":"/api/v1/animes","remote_addr":"192.168.0.100:45366","status":200,"duration":8689.051713,"time":"2026-08-09T18:17:36-03:00","caller":"middleware.go:26","message":"HTTP request"}
{"level":"info","hash":"99c737bea469fd467db6767d29fd6f34d8e275c8","time":"2026-08-09T18:17:46-03:00","caller":"session.go:142","message":"Resumed torrent"}
{"level":"info","hash":"c815cdd0122dc8c1dd949b8dde1fe5aaed0b4561","anime":"BLACK TORCH","files":1,"time":"2026-08-09T18:17:47-03:00","caller":"jobs.go:387","message":"Organized torrent into library"}
{"level":"info","id":"1786310266452655120","type":"organize","time":"2026-08-09T18:17:47-03:00","caller":"jobs.go:201","message":"Job queue: job completed"}
{"level":"warn","webhook":"ntfy","status":429,"time":"2026-08-09T18:17:47-03:00","caller":"notifications.go:106","message":"Webhook returned error status"}
{"level":"info","method":"GET","path":"/api/v1/torrents","remote_addr":"192.168.0.100:45366","status":200,"duration":4.094889,"time":"2026-08-09T18:18:27-03:00","caller":"middleware.go:26","message":"HTTP request"}
{"level":"info","method":"GET","path":"/api/v1/animes","remote_addr":"192.168.0.100:39502","status":200,"duration":4857.604168,"time":"2026-08-09T18:18:32-03:00","caller":"middleware.go:26","message":"HTTP request"}
{"level":"info","hash":"c27b14f4fc4ef957085a47a1a2181eb966cfd5e3","time":"2026-08-09T18:18:55-03:00","caller":"session.go:142","message":"Resumed torrent"}
{"level":"info","hash":"8309bfddea2d84fd14e10fb2b88904cab4b6631d","anime":"BLACK TORCH","files":1,"time":"2026-08-09T18:18:57-03:00","caller":"jobs.go:387","message":"Organized torrent into library"}
{"level":"info","id":"1786310335648248707","type":"organize","time":"2026-08-09T18:18:57-03:00","caller":"jobs.go:201","message":"Job queue: job completed"}
{"level":"warn","webhook":"ntfy","status":429,"time":"2026-08-09T18:18:57-03:00","caller":"notifications.go:106","message":"Webhook returned error status"}
{"level":"info","hash":"0745fd8f82ad8817b03150119e58479f11e7d4f4","time":"2026-08-09T18:19:14-03:00","caller":"session.go:142","message":"Resumed torrent"}
{"level":"info","hash":"8b2e87a26b428b7d77cd6026b361d082aeb21331","anime":"BLACK TORCH","files":1,"time":"2026-08-09T18:19:17-03:00","caller":"jobs.go:387","message":"Organized torrent into library"}
{"level":"info","id":"1786310354678757684","type":"organize","time":"2026-08-09T18:19:17-03:00","caller":"jobs.go:201","message":"Job queue: job completed"}
{"level":"warn","webhook":"ntfy","status":429,"time":"2026-08-09T18:19:17-03:00","caller":"notifications.go:106","message":"Webhook returned error status"}
{"level":"info","hash":"16f44e9b1286156029588435e0cd5557c6fdcc0a","time":"2026-08-09T18:19:25-03:00","caller":"session.go:142","message":"Resumed torrent"}
{"level":"info","hash":"99c737bea469fd467db6767d29fd6f34d8e275c8","anime":"BLACK TORCH","files":1,"time":"2026-08-09T18:19:27-03:00","caller":"jobs.go:387","message":"Organized torrent into library"}
{"level":"info","id":"1786310365404972086","type":"organize","time":"2026-08-09T18:19:27-03:00","caller":"jobs.go:201","message":"Job queue: job completed"}
{"level":"warn","webhook":"ntfy","status":429,"time":"2026-08-09T18:19:27-03:00","caller":"notifications.go:106","message":"Webhook returned error status"}
{"level":"info","method":"GET","path":"/api/v1/torrents","remote_addr":"192.168.0.100:39502","status":200,"duration":2.398382,"time":"2026-08-09T18:19:27-03:00","caller":"middleware.go:26","message":"HTTP request"}
{"level":"info","method":"GET","path":"/api/v1/animes","remote_addr":"192.168.0.100:45366","status":200,"duration":5119.151714,"time":"2026-08-09T18:19:32-03:00","caller":"middleware.go:26","message":"HTTP request"}
{"level":"info","usernames":["JediahSk","D4NIDx"],"animes_found":24,"time":"2026-08-09T18:20:04-03:00","caller":"verification.go:525","message":"Successfully fetched animes from Anilist"}
{"level":"info","anime":"Mushoku Tensei: Jobless Reincarnation Season 3","time":"2026-08-09T18:20:07-03:00","caller":"episodes.go:35","message":"Processing anime episodes"}
{"level":"info","anime":"The World Is Dancing","time":"2026-08-09T18:20:07-03:00","caller":"episodes.go:35","message":"Processing anime episodes"}
{"level":"info","anime":"The Cat and the Dragon","time":"2026-08-09T18:20:07-03:00","caller":"episodes.go:35","message":"Processing anime episodes"}
{"level":"info","anime":"Daemons of the Shadow Realm","time":"2026-08-09T18:20:07-03:00","caller":"episodes.go:35","message":"Processing anime episodes"}
{"level":"info","anime":"The Insipid Prince's Furtive Grab for the Throne","time":"2026-08-09T18:20:07-03:00","caller":"episodes.go:35","message":"Processing anime episodes"}
{"level":"info","anime":"The Frontier Lord Begins with Zero Subjects","time":"2026-08-09T18:20:07-03:00","caller":"episodes.go:35","message":"Processing anime episodes"}
{"level":"info","anime":"Love Unseen Beneath the Clear Night Sky","time":"2026-08-09T18:20:07-03:00","caller":"episodes.go:35","message":"Processing anime episodes"}
{"level":"info","anime":"Hanaori-san Still Wants to Fight in the Next Life","time":"2026-08-09T18:20:07-03:00","caller":"episodes.go:35","message":"Processing anime episodes"}
{"level":"info","anime":"Dara-san of the Reiwa Era","time":"2026-08-09T18:20:07-03:00","caller":"episodes.go:35","message":"Processing anime episodes"}
{"level":"info","anime":"BLACK TORCH","time":"2026-08-09T18:20:07-03:00","caller":"episodes.go:35","message":"Processing anime episodes"}
{"level":"info","anime":"I Want to Love You Till Your Dying Day","time":"2026-08-09T18:20:07-03:00","caller":"episodes.go:35","message":"Processing anime episodes"}
{"level":"info","anime":"Chainsmoker Cat","time":"2026-08-09T18:20:07-03:00","caller":"episodes.go:35","message":"Processing anime episodes"}
{"level":"info","anime":"Re:ZERO -Starting Life in Another World- Season 4","time":"2026-08-09T18:20:07-03:00","caller":"episodes.go:35","message":"Processing anime episodes"}
{"level":"info","anime":"Jaadugar: A Witch in Mongolia","time":"2026-08-09T18:20:07-03:00","caller":"episodes.go:35","message":"Processing anime episodes"}
{"level":"info","anime":"THE GHOST IN THE SHELL","time":"2026-08-09T18:20:07-03:00","caller":"episodes.go:35","message":"Processing anime episodes"}
{"level":"info","anime":"KAIJU GIRL CARAMELISE","time":"2026-08-09T18:20:07-03:00","caller":"episodes.go:35","message":"Processing anime episodes"}
{"level":"info","anime":"You and I Are Polar Opposites Season 2","time":"2026-08-09T18:20:07-03:00","caller":"episodes.go:35","message":"Processing anime episodes"}
{"level":"info","anime":"The Villager of Level 999","time":"2026-08-09T18:20:07-03:00","caller":"episodes.go:35","message":"Processing anime episodes"}
{"level":"info","anime":"The 100 Girlfriends Who Really, Really, Really, Really, REALLY Love You Season 3","time":"2026-08-09T18:20:07-03:00","caller":"episodes.go:35","message":"Processing anime episodes"}
{"level":"info","anime":"I Became a Legend After My 10 Year-Long Last Stand","time":"2026-08-09T18:20:07-03:00","caller":"episodes.go:35","message":"Processing anime episodes"}
{"level":"info","anime":"Sparks of Tomorrow","time":"2026-08-09T18:20:07-03:00","caller":"episodes.go:35","message":"Processing anime episodes"}
{"level":"info","anime":"Smoking Behind the Supermarket with You","time":"2026-08-09T18:20:07-03:00","caller":"episodes.go:35","message":"Processing anime episodes"}
{"level":"info","anime":"From Old Country Bumpkin to Master Swordsman II","time":"2026-08-09T18:20:07-03:00","caller":"episodes.go:35","message":"Processing anime episodes"}
{"level":"info","anime":"A Livid Lady’s Guide to Getting Even: How I Crushed My Homeland with My Mighty Grimoires","time":"2026-08-09T18:20:07-03:00","caller":"episodes.go:35","message":"Processing anime episodes"}
{"level":"info","animes_checked":24,"episodes_checked":310,"episodes_downloaded":0,"total_time":0.62341,"avg_time_per_episode":0.002011,"time":"2026-08-09T18:20:07-03:00","caller":"verification.go:315","message":"Verification completed"}
{"level":"info","method":"GET","path":"/api/v1/animes","remote_addr":"192.168.0.100:45366","status":200,"duration":4590.622895,"time":"2026-08-09T18:20:11-03:00","caller":"middleware.go:26","message":"HTTP request"}
{"level":"info","hash":"330556b7a5d8a8e65d0274ef690d55070fcbe8a9","time":"2026-08-09T18:20:22-03:00","caller":"session.go:142","message":"Resumed torrent"}
{"level":"info","hash":"c27b14f4fc4ef957085a47a1a2181eb966cfd5e3","anime":"BLACK TORCH","files":1,"time":"2026-08-09T18:20:22-03:00","caller":"jobs.go:387","message":"Organized torrent into library"}
{"level":"info","id":"1786310422192199938","type":"organize","time":"2026-08-09T18:20:22-03:00","caller":"jobs.go:201","message":"Job queue: job completed"}
{"level":"warn","webhook":"ntfy","status":429,"time":"2026-08-09T18:20:22-03:00","caller":"notifications.go:106","message":"Webhook returned error status"}
{"level":"info","method":"GET","path":"/api/v1/torrents","remote_addr":"192.168.0.100:45366","status":200,"duration":167.540862,"time":"2026-08-09T18:20:27-03:00","caller":"middleware.go:26","message":"HTTP request"}
{"level":"info","method":"GET","path":"/api/v1/animes","remote_addr":"192.168.0.100:39502","status":200,"duration":4075.031116,"time":"2026-08-09T18:20:31-03:00","caller":"middleware.go:26","message":"HTTP request"}
{"level":"info","clients":0,"time":"2026-08-09T18:20:44-03:00","caller":"websocket.go:106","message":"WebSocket client disconnected"}
{"level":"info","hash":"972aaa03fa1bd4bc0501b9f29b1d62b579b2f986","time":"2026-08-09T18:21:04-03:00","caller":"session.go:142","message":"Resumed torrent"}
{"level":"info","hash":"330556b7a5d8a8e65d0274ef690d55070fcbe8a9","anime":"Dara-san of the Reiwa Era","files":1,"time":"2026-08-09T18:21:07-03:00","caller":"jobs.go:387","message":"Organized torrent into library"}
{"level":"info","id":"1786310464421609423","type":"organize","time":"2026-08-09T18:21:07-03:00","caller":"jobs.go:201","message":"Job queue: job completed"}
{"level":"warn","webhook":"ntfy","status":429,"time":"2026-08-09T18:21:07-03:00","caller":"notifications.go:106","message":"Webhook returned error status"}
{"level":"info","hash":"d221e4a4d11a0dc6288ee458e638c65ac024e433","time":"2026-08-09T18:21:13-03:00","caller":"session.go:142","message":"Resumed torrent"}
{"level":"info","hash":"0745fd8f82ad8817b03150119e58479f11e7d4f4","anime":"Dara-san of the Reiwa Era","files":1,"time":"2026-08-09T18:21:17-03:00","caller":"jobs.go:387","message":"Organized torrent into library"}
{"level":"info","id":"1786310473457190435","type":"organize","time":"2026-08-09T18:21:17-03:00","caller":"jobs.go:201","message":"Job queue: job completed"}
{"level":"warn","webhook":"ntfy","status":429,"time":"2026-08-09T18:21:17-03:00","caller":"notifications.go:106","message":"Webhook returned error status"}
{"level":"info","hash":"ecbe565f39299acc8e5c5f65a7b3ddb8591e4554","time":"2026-08-09T18:21:35-03:00","caller":"session.go:142","message":"Resumed torrent"}
{"level":"info","hash":"16f44e9b1286156029588435e0cd5557c6fdcc0a","anime":"Dara-san of the Reiwa Era","files":1,"time":"2026-08-09T18:21:37-03:00","caller":"jobs.go:387","message":"Organized torrent into library"}
{"level":"info","id":"1786310495203754574","type":"organize","time":"2026-08-09T18:21:37-03:00","caller":"jobs.go:201","message":"Job queue: job completed"}
{"level":"warn","webhook":"ntfy","status":429,"time":"2026-08-09T18:21:37-03:00","caller":"notifications.go:106","message":"Webhook returned error status"}
{"level":"info","hash":"972aaa03fa1bd4bc0501b9f29b1d62b579b2f986","anime":"Dara-san of the Reiwa Era","files":1,"time":"2026-08-09T18:21:52-03:00","caller":"jobs.go:387","message":"Organized torrent into library"}
{"level":"info","id":"1786310511111815249","type":"organize","time":"2026-08-09T18:21:52-03:00","caller":"jobs.go:201","message":"Job queue: job completed"}
{"level":"warn","webhook":"ntfy","status":429,"time":"2026-08-09T18:21:52-03:00","caller":"notifications.go:106","message":"Webhook returned error status"}
{"level":"info","hash":"d221e4a4d11a0dc6288ee458e638c65ac024e433","anime":"Dara-san of the Reiwa Era","files":1,"time":"2026-08-09T18:22:07-03:00","caller":"jobs.go:387","message":"Organized torrent into library"}
{"level":"info","id":"1786310524213872597","type":"organize","time":"2026-08-09T18:22:07-03:00","caller":"jobs.go:201","message":"Job queue: job completed"}
{"level":"warn","webhook":"ntfy","status":429,"time":"2026-08-09T18:22:07-03:00","caller":"notifications.go:106","message":"Webhook returned error status"}
{"level":"info","hash":"ecbe565f39299acc8e5c5f65a7b3ddb8591e4554","anime":"I Became a Legend After My 10 Year-Long Last Stand","files":1,"time":"2026-08-09T18:22:37-03:00","caller":"jobs.go:387","message":"Organized torrent into library"}
{"level":"info","id":"1786310556177448934","type":"organize","time":"2026-08-09T18:22:37-03:00","caller":"jobs.go:201","message":"Job queue: job completed"}
{"level":"warn","webhook":"ntfy","status":429,"time":"2026-08-09T18:22:37-03:00","caller":"notifications.go:106","message":"Webhook returned error status"}
{"level":"info","usernames":["JediahSk","D4NIDx"],"animes_found":24,"time":"2026-08-09T18:30:11-03:00","caller":"verification.go:525","message":"Successfully fetched animes from Anilist"}
{"level":"info","anime":"Mushoku Tensei: Jobless Reincarnation Season 3","time":"2026-08-09T18:30:13-03:00","caller":"episodes.go:35","message":"Processing anime episodes"}
{"level":"info","anime":"From Old Country Bumpkin to Master Swordsman II","time":"2026-08-09T18:30:13-03:00","caller":"episodes.go:35","message":"Processing anime episodes"}
{"level":"info","anime":"The World Is Dancing","time":"2026-08-09T18:30:13-03:00","caller":"episodes.go:35","message":"Processing anime episodes"}
{"level":"info","anime":"Daemons of the Shadow Realm","time":"2026-08-09T18:30:13-03:00","caller":"episodes.go:35","message":"Processing anime episodes"}
{"level":"info","anime":"Love Unseen Beneath the Clear Night Sky","time":"2026-08-09T18:30:13-03:00","caller":"episodes.go:35","message":"Processing anime episodes"}
{"level":"info","anime":"You and I Are Polar Opposites Season 2","time":"2026-08-09T18:30:13-03:00","caller":"episodes.go:35","message":"Processing anime episodes"}
{"level":"info","anime":"Jaadugar: A Witch in Mongolia","time":"2026-08-09T18:30:13-03:00","caller":"episodes.go:35","message":"Processing anime episodes"}
{"level":"info","anime":"Chainsmoker Cat","time":"2026-08-09T18:30:13-03:00","caller":"episodes.go:35","message":"Processing anime episodes"}
{"level":"info","anime":"Sparks of Tomorrow","time":"2026-08-09T18:30:13-03:00","caller":"episodes.go:35","message":"Processing anime episodes"}
{"level":"info","anime":"The 100 Girlfriends Who Really, Really, Really, Really, REALLY Love You Season 3","time":"2026-08-09T18:30:13-03:00","caller":"episodes.go:35","message":"Processing anime episodes"}
{"level":"info","anime":"THE GHOST IN THE SHELL","time":"2026-08-09T18:30:13-03:00","caller":"episodes.go:35","message":"Processing anime episodes"}
{"level":"info","anime":"The Villager of Level 999","time":"2026-08-09T18:30:13-03:00","caller":"episodes.go:35","message":"Processing anime episodes"}
{"level":"info","anime":"I Became a Legend After My 10 Year-Long Last Stand","time":"2026-08-09T18:30:13-03:00","caller":"episodes.go:35","message":"Processing anime episodes"}
{"level":"info","anime":"The Frontier Lord Begins with Zero Subjects","time":"2026-08-09T18:30:13-03:00","caller":"episodes.go:35","message":"Processing anime episodes"}
{"level":"info","anime":"The Insipid Prince's Furtive Grab for the Throne","time":"2026-08-09T18:30:13-03:00","caller":"episodes.go:35","message":"Processing anime episodes"}
{"level":"info","anime":"The Cat and the Dragon","time":"2026-08-09T18:30:13-03:00","caller":"episodes.go:35","message":"Processing anime episodes"}
{"level":"info","anime":"BLACK TORCH","time":"2026-08-09T18:30:13-03:00","caller":"episodes.go:35","message":"Processing anime episodes"}
{"level":"info","anime":"Dara-san of the Reiwa Era","time":"2026-08-09T18:30:13-03:00","caller":"episodes.go:35","message":"Processing anime episodes"}
{"level":"info","anime":"I Want to Love You Till Your Dying Day","time":"2026-08-09T18:30:13-03:00","caller":"episodes.go:35","message":"Processing anime episodes"}
{"level":"info","anime":"Re:ZERO -Starting Life in Another World- Season 4","time":"2026-08-09T18:30:13-03:00","caller":"episodes.go:35","message":"Processing anime episodes"}
{"level":"info","anime":"KAIJU GIRL CARAMELISE","time":"2026-08-09T18:30:13-03:00","caller":"episodes.go:35","message":"Processing anime episodes"}
{"level":"info","anime":"A Livid Lady’s Guide to Getting Even: How I Crushed My Homeland with My Mighty Grimoires","time":"2026-08-09T18:30:13-03:00","caller":"episodes.go:35","message":"Processing anime episodes"}
{"level":"info","anime":"Smoking Behind the Supermarket with You","time":"2026-08-09T18:30:13-03:00","caller":"episodes.go:35","message":"Processing anime episodes"}
{"level":"info","anime":"Hanaori-san Still Wants to Fight in the Next Life","time":"2026-08-09T18:30:13-03:00","caller":"episodes.go:35","message":"Processing anime episodes"}
{"level":"info","animes_checked":24,"episodes_checked":310,"episodes_downloaded":0,"total_time":0.705095,"avg_time_per_episode":0.002274,"time":"2026-08-09T18:30:13-03:00","caller":"verification.go:315","message":"Verification completed"}
{"level":"info","usernames":["JediahSk","D4NIDx"],"animes_found":24,"time":"2026-08-09T18:40:15-03:00","caller":"verification.go:525","message":"Successfully fetched animes from Anilist"}
{"level":"info","anime":"Mushoku Tensei: Jobless Reincarnation Season 3","time":"2026-08-09T18:40:16-03:00","caller":"episodes.go:35","message":"Processing anime episodes"}
{"level":"info","anime":"Chainsmoker Cat","time":"2026-08-09T18:40:16-03:00","caller":"episodes.go:35","message":"Processing anime episodes"}
{"level":"info","anime":"From Old Country Bumpkin to Master Swordsman II","time":"2026-08-09T18:40:16-03:00","caller":"episodes.go:35","message":"Processing anime episodes"}
{"level":"info","anime":"Love Unseen Beneath the Clear Night Sky","time":"2026-08-09T18:40:16-03:00","caller":"episodes.go:35","message":"Processing anime episodes"}
{"level":"info","anime":"Jaadugar: A Witch in Mongolia","time":"2026-08-09T18:40:16-03:00","caller":"episodes.go:35","message":"Processing anime episodes"}
{"level":"info","anime":"The 100 Girlfriends Who Really, Really, Really, Really, REALLY Love You Season 3","time":"2026-08-09T18:40:16-03:00","caller":"episodes.go:35","message":"Processing anime episodes"}
{"level":"info","anime":"You and I Are Polar Opposites Season 2","time":"2026-08-09T18:40:16-03:00","caller":"episodes.go:35","message":"Processing anime episodes"}
{"level":"info","anime":"The Cat and the Dragon","time":"2026-08-09T18:40:16-03:00","caller":"episodes.go:35","message":"Processing anime episodes"}
{"level":"info","anime":"Daemons of the Shadow Realm","time":"2026-08-09T18:40:16-03:00","caller":"episodes.go:35","message":"Processing anime episodes"}
{"level":"info","anime":"The Insipid Prince's Furtive Grab for the Throne","time":"2026-08-09T18:40:16-03:00","caller":"episodes.go:35","message":"Processing anime episodes"}
{"level":"info","anime":"The World Is Dancing","time":"2026-08-09T18:40:16-03:00","caller":"episodes.go:35","message":"Processing anime episodes"}
{"level":"info","anime":"Sparks of Tomorrow","time":"2026-08-09T18:40:16-03:00","caller":"episodes.go:35","message":"Processing anime episodes"}
{"level":"info","anime":"A Livid Lady’s Guide to Getting Even: How I Crushed My Homeland with My Mighty Grimoires","time":"2026-08-09T18:40:16-03:00","caller":"episodes.go:35","message":"Processing anime episodes"}
{"level":"info","anime":"THE GHOST IN THE SHELL","time":"2026-08-09T18:40:16-03:00","caller":"episodes.go:35","message":"Processing anime episodes"}
{"level":"info","anime":"The Frontier Lord Begins with Zero Subjects","time":"2026-08-09T18:40:16-03:00","caller":"episodes.go:35","message":"Processing anime episodes"}
{"level":"info","anime":"Smoking Behind the Supermarket with You","time":"2026-08-09T18:40:16-03:00","caller":"episodes.go:35","message":"Processing anime episodes"}
{"level":"info","anime":"BLACK TORCH","time":"2026-08-09T18:40:16-03:00","caller":"episodes.go:35","message":"Processing anime episodes"}
{"level":"info","anime":"I Want to Love You Till Your Dying Day","time":"2026-08-09T18:40:16-03:00","caller":"episodes.go:35","message":"Processing anime episodes"}
{"level":"info","anime":"The Villager of Level 999","time":"2026-08-09T18:40:16-03:00","caller":"episodes.go:35","message":"Processing anime episodes"}
{"level":"info","anime":"Re:ZERO -Starting Life in Another World- Season 4","time":"2026-08-09T18:40:16-03:00","caller":"episodes.go:35","message":"Processing anime episodes"}
{"level":"info","anime":"I Became a Legend After My 10 Year-Long Last Stand","time":"2026-08-09T18:40:16-03:00","caller":"episodes.go:35","message":"Processing anime episodes"}
{"level":"info","anime":"Hanaori-san Still Wants to Fight in the Next Life","time":"2026-08-09T18:40:16-03:00","caller":"episodes.go:35","message":"Processing anime episodes"}
{"level":"info","anime":"KAIJU GIRL CARAMELISE","time":"2026-08-09T18:40:16-03:00","caller":"episodes.go:35","message":"Processing anime episodes"}
{"level":"info","anime":"Dara-san of the Reiwa Era","time":"2026-08-09T18:40:16-03:00","caller":"episodes.go:35","message":"Processing anime episodes"}
{"level":"info","animes_checked":24,"episodes_checked":310,"episodes_downloaded":0,"total_time":0.924819,"avg_time_per_episode":0.002983,"time":"2026-08-09T18:40:16-03:00","caller":"verification.go:315","message":"Verification completed"}
{"level":"info","usernames":["JediahSk","D4NIDx"],"animes_found":24,"time":"2026-08-09T18:50:19-03:00","caller":"verification.go:525","message":"Successfully fetched animes from Anilist"}
{"level":"info","anime":"Chainsmoker Cat","time":"2026-08-09T18:50:21-03:00","caller":"episodes.go:35","message":"Processing anime episodes"}
{"level":"info","anime":"Daemons of the Shadow Realm","time":"2026-08-09T18:50:21-03:00","caller":"episodes.go:35","message":"Processing anime episodes"}
{"level":"info","anime":"Jaadugar: A Witch in Mongolia","time":"2026-08-09T18:50:21-03:00","caller":"episodes.go:35","message":"Processing anime episodes"}
{"level":"info","anime":"You and I Are Polar Opposites Season 2","time":"2026-08-09T18:50:21-03:00","caller":"episodes.go:35","message":"Processing anime episodes"}
{"level":"info","anime":"Smoking Behind the Supermarket with You","time":"2026-08-09T18:50:21-03:00","caller":"episodes.go:35","message":"Processing anime episodes"}
{"level":"info","anime":"KAIJU GIRL CARAMELISE","time":"2026-08-09T18:50:21-03:00","caller":"episodes.go:35","message":"Processing anime episodes"}
{"level":"info","anime":"THE GHOST IN THE SHELL","time":"2026-08-09T18:50:21-03:00","caller":"episodes.go:35","message":"Processing anime episodes"}
{"level":"info","anime":"Sparks of Tomorrow","time":"2026-08-09T18:50:21-03:00","caller":"episodes.go:35","message":"Processing anime episodes"}
{"level":"info","anime":"The 100 Girlfriends Who Really, Really, Really, Really, REALLY Love You Season 3","time":"2026-08-09T18:50:21-03:00","caller":"episodes.go:35","message":"Processing anime episodes"}
{"level":"info","anime":"A Livid Lady’s Guide to Getting Even: How I Crushed My Homeland with My Mighty Grimoires","time":"2026-08-09T18:50:21-03:00","caller":"episodes.go:35","message":"Processing anime episodes"}
{"level":"info","anime":"From Old Country Bumpkin to Master Swordsman II","time":"2026-08-09T18:50:21-03:00","caller":"episodes.go:35","message":"Processing anime episodes"}
{"level":"info","anime":"Love Unseen Beneath the Clear Night Sky","time":"2026-08-09T18:50:21-03:00","caller":"episodes.go:35","message":"Processing anime episodes"}
{"level":"info","anime":"The World Is Dancing","time":"2026-08-09T18:50:21-03:00","caller":"episodes.go:35","message":"Processing anime episodes"}
{"level":"info","anime":"The Cat and the Dragon","time":"2026-08-09T18:50:21-03:00","caller":"episodes.go:35","message":"Processing anime episodes"}
{"level":"info","anime":"The Insipid Prince's Furtive Grab for the Throne","time":"2026-08-09T18:50:21-03:00","caller":"episodes.go:35","message":"Processing anime episodes"}
{"level":"info","anime":"BLACK TORCH","time":"2026-08-09T18:50:21-03:00","caller":"episodes.go:35","message":"Processing anime episodes"}
{"level":"info","anime":"The Frontier Lord Begins with Zero Subjects","time":"2026-08-09T18:50:21-03:00","caller":"episodes.go:35","message":"Processing anime episodes"}
{"level":"info","anime":"I Want to Love You Till Your Dying Day","time":"2026-08-09T18:50:21-03:00","caller":"episodes.go:35","message":"Processing anime episodes"}
{"level":"info","anime":"Re:ZERO -Starting Life in Another World- Season 4","time":"2026-08-09T18:50:21-03:00","caller":"episodes.go:35","message":"Processing anime episodes"}
{"level":"info","anime":"Dara-san of the Reiwa Era","time":"2026-08-09T18:50:21-03:00","caller":"episodes.go:35","message":"Processing anime episodes"}
{"level":"info","anime":"Hanaori-san Still Wants to Fight in the Next Life","time":"2026-08-09T18:50:21-03:00","caller":"episodes.go:35","message":"Processing anime episodes"}
{"level":"info","anime":"The Villager of Level 999","time":"2026-08-09T18:50:21-03:00","caller":"episodes.go:35","message":"Processing anime episodes"}
{"level":"info","anime":"Mushoku Tensei: Jobless Reincarnation Season 3","time":"2026-08-09T18:50:21-03:00","caller":"episodes.go:35","message":"Processing anime episodes"}
{"level":"info","anime":"I Became a Legend After My 10 Year-Long Last Stand","time":"2026-08-09T18:50:21-03:00","caller":"episodes.go:35","message":"Processing anime episodes"}
{"level":"info","animes_checked":24,"episodes_checked":310,"episodes_downloaded":0,"total_time":0.938485,"avg_time_per_episode":0.003027,"time":"2026-08-09T18:50:21-03:00","caller":"verification.go:315","message":"Verification completed"}
{"level":"info","usernames":["JediahSk","D4NIDx"],"animes_found":24,"time":"2026-08-09T19:00:30-03:00","caller":"verification.go:525","message":"Successfully fetched animes from Anilist"}
{"level":"info","anime":"The 100 Girlfriends Who Really, Really, Really, Really, REALLY Love You Season 3","time":"2026-08-09T19:00:31-03:00","caller":"episodes.go:35","message":"Processing anime episodes"}
{"level":"info","anime":"Mushoku Tensei: Jobless Reincarnation Season 3","time":"2026-08-09T19:00:31-03:00","caller":"episodes.go:35","message":"Processing anime episodes"}
{"level":"info","anime":"Chainsmoker Cat","time":"2026-08-09T19:00:31-03:00","caller":"episodes.go:35","message":"Processing anime episodes"}
{"level":"info","anime":"Love Unseen Beneath the Clear Night Sky","time":"2026-08-09T19:00:31-03:00","caller":"episodes.go:35","message":"Processing anime episodes"}
{"level":"info","anime":"Jaadugar: A Witch in Mongolia","time":"2026-08-09T19:00:31-03:00","caller":"episodes.go:35","message":"Processing anime episodes"}
{"level":"info","anime":"You and I Are Polar Opposites Season 2","time":"2026-08-09T19:00:31-03:00","caller":"episodes.go:35","message":"Processing anime episodes"}
{"level":"info","anime":"Smoking Behind the Supermarket with You","time":"2026-08-09T19:00:31-03:00","caller":"episodes.go:35","message":"Processing anime episodes"}
{"level":"info","anime":"Sparks of Tomorrow","time":"2026-08-09T19:00:31-03:00","caller":"episodes.go:35","message":"Processing anime episodes"}
{"level":"info","anime":"KAIJU GIRL CARAMELISE","time":"2026-08-09T19:00:31-03:00","caller":"episodes.go:35","message":"Processing anime episodes"}
{"level":"info","anime":"The Cat and the Dragon","time":"2026-08-09T19:00:31-03:00","caller":"episodes.go:35","message":"Processing anime episodes"}
{"level":"info","anime":"THE GHOST IN THE SHELL","time":"2026-08-09T19:00:31-03:00","caller":"episodes.go:35","message":"Processing anime episodes"}
{"level":"info","anime":"The Insipid Prince's Furtive Grab for the Throne","time":"2026-08-09T19:00:31-03:00","caller":"episodes.go:35","message":"Processing anime episodes"}
{"level":"info","anime":"The Frontier Lord Begins with Zero Subjects","time":"2026-08-09T19:00:31-03:00","caller":"episodes.go:35","message":"Processing anime episodes"}
{"level":"info","anime":"A Livid Lady’s Guide to Getting Even: How I Crushed My Homeland with My Mighty Grimoires","time":"2026-08-09T19:00:31-03:00","caller":"episodes.go:35","message":"Processing anime episodes"}
{"level":"info","anime":"The Villager of Level 999","time":"2026-08-09T19:00:31-03:00","caller":"episodes.go:35","message":"Processing anime episodes"}
{"level":"info","anime":"Hanaori-san Still Wants to Fight in the Next Life","time":"2026-08-09T19:00:31-03:00","caller":"episodes.go:35","message":"Processing anime episodes"}
{"level":"info","anime":"I Became a Legend After My 10 Year-Long Last Stand","time":"2026-08-09T19:00:31-03:00","caller":"episodes.go:35","message":"Processing anime episodes"}
{"level":"info","anime":"The World Is Dancing","time":"2026-08-09T19:00:31-03:00","caller":"episodes.go:35","message":"Processing anime episodes"}
{"level":"info","anime":"I Want to Love You Till Your Dying Day","time":"2026-08-09T19:00:31-03:00","caller":"episodes.go:35","message":"Processing anime episodes"}
{"level":"info","anime":"BLACK TORCH","time":"2026-08-09T19:00:31-03:00","caller":"episodes.go:35","message":"Processing anime episodes"}
{"level":"info","anime":"Re:ZERO -Starting Life in Another World- Season 4","time":"2026-08-09T19:00:31-03:00","caller":"episodes.go:35","message":"Processing anime episodes"}
{"level":"info","anime":"From Old Country Bumpkin to Master Swordsman II","time":"2026-08-09T19:00:31-03:00","caller":"episodes.go:35","message":"Processing anime episodes"}
{"level":"info","anime":"Daemons of the Shadow Realm","time":"2026-08-09T19:00:31-03:00","caller":"episodes.go:35","message":"Processing anime episodes"}
{"level":"info","anime":"Dara-san of the Reiwa Era","time":"2026-08-09T19:00:31-03:00","caller":"episodes.go:35","message":"Processing anime episodes"}
{"level":"info","animes_checked":24,"episodes_checked":310,"episodes_downloaded":0,"total_time":0.803615,"avg_time_per_episode":0.002592,"time":"2026-08-09T19:00:31-03:00","caller":"verification.go:315","message":"Verification completed"}
{"level":"info","usernames":["JediahSk","D4NIDx"],"animes_found":24,"time":"2026-08-09T19:10:33-03:00","caller":"verification.go:525","message":"Successfully fetched animes from Anilist"}
{"level":"info","anime":"Mushoku Tensei: Jobless Reincarnation Season 3","time":"2026-08-09T19:10:34-03:00","caller":"episodes.go:35","message":"Processing anime episodes"}
{"level":"info","anime":"Jaadugar: A Witch in Mongolia","time":"2026-08-09T19:10:34-03:00","caller":"episodes.go:35","message":"Processing anime episodes"}
{"level":"info","anime":"From Old Country Bumpkin to Master Swordsman II","time":"2026-08-09T19:10:34-03:00","caller":"episodes.go:35","message":"Processing anime episodes"}
{"level":"info","anime":"Chainsmoker Cat","time":"2026-08-09T19:10:34-03:00","caller":"episodes.go:35","message":"Processing anime episodes"}
{"level":"info","anime":"The 100 Girlfriends Who Really, Really, Really, Really, REALLY Love You Season 3","time":"2026-08-09T19:10:34-03:00","caller":"episodes.go:35","message":"Processing anime episodes"}
{"level":"info","anime":"Daemons of the Shadow Realm","time":"2026-08-09T19:10:34-03:00","caller":"episodes.go:35","message":"Processing anime episodes"}
{"level":"info","anime":"Love Unseen Beneath the Clear Night Sky","time":"2026-08-09T19:10:34-03:00","caller":"episodes.go:35","message":"Processing anime episodes"}
{"level":"info","anime":"Sparks of Tomorrow","time":"2026-08-09T19:10:34-03:00","caller":"episodes.go:35","message":"Processing anime episodes"}
{"level":"info","anime":"The Cat and the Dragon","time":"2026-08-09T19:10:34-03:00","caller":"episodes.go:35","message":"Processing anime episodes"}
{"level":"info","anime":"You and I Are Polar Opposites Season 2","time":"2026-08-09T19:10:34-03:00","caller":"episodes.go:35","message":"Processing anime episodes"}
{"level":"info","anime":"The Insipid Prince's Furtive Grab for the Throne","time":"2026-08-09T19:10:34-03:00","caller":"episodes.go:35","message":"Processing anime episodes"}
{"level":"info","anime":"Smoking Behind the Supermarket with You","time":"2026-08-09T19:10:34-03:00","caller":"episodes.go:35","message":"Processing anime episodes"}
{"level":"info","anime":"The Frontier Lord Begins with Zero Subjects","time":"2026-08-09T19:10:34-03:00","caller":"episodes.go:35","message":"Processing anime episodes"}
{"level":"info","anime":"Dara-san of the Reiwa Era","time":"2026-08-09T19:10:34-03:00","caller":"episodes.go:35","message":"Processing anime episodes"}
{"level":"info","anime":"A Livid Lady’s Guide to Getting Even: How I Crushed My Homeland with My Mighty Grimoires","time":"2026-08-09T19:10:34-03:00","caller":"episodes.go:35","message":"Processing anime episodes"}
{"level":"info","anime":"Hanaori-san Still Wants to Fight in the Next Life","time":"2026-08-09T19:10:34-03:00","caller":"episodes.go:35","message":"Processing anime episodes"}
{"level":"info","anime":"THE GHOST IN THE SHELL","time":"2026-08-09T19:10:34-03:00","caller":"episodes.go:35","message":"Processing anime episodes"}
{"level":"info","anime":"I Became a Legend After My 10 Year-Long Last Stand","time":"2026-08-09T19:10:34-03:00","caller":"episodes.go:35","message":"Processing anime episodes"}
{"level":"info","anime":"The Villager of Level 999","time":"2026-08-09T19:10:34-03:00","caller":"episodes.go:35","message":"Processing anime episodes"}
{"level":"info","anime":"I Want to Love You Till Your Dying Day","time":"2026-08-09T19:10:34-03:00","caller":"episodes.go:35","message":"Processing anime episodes"}
{"level":"info","anime":"The World Is Dancing","time":"2026-08-09T19:10:34-03:00","caller":"episodes.go:35","message":"Processing anime episodes"}
{"level":"info","anime":"BLACK TORCH","time":"2026-08-09T19:10:34-03:00","caller":"episodes.go:35","message":"Processing anime episodes"}
{"level":"info","anime":"KAIJU GIRL CARAMELISE","time":"2026-08-09T19:10:34-03:00","caller":"episodes.go:35","message":"Processing anime episodes"}
{"level":"info","anime":"Re:ZERO -Starting Life in Another World- Season 4","time":"2026-08-09T19:10:34-03:00","caller":"episodes.go:35","message":"Processing anime episodes"}
{"level":"info","animes_checked":24,"episodes_checked":310,"episodes_downloaded":0,"total_time":0.740688,"avg_time_per_episode":0.002389,"time":"2026-08-09T19:10:34-03:00","caller":"verification.go:315","message":"Verification completed"}
{"level":"info","usernames":["JediahSk","D4NIDx"],"animes_found":24,"time":"2026-08-09T19:20:37-03:00","caller":"verification.go:525","message":"Successfully fetched animes from Anilist"}
{"level":"info","anime":"The 100 Girlfriends Who Really, Really, Really, Really, REALLY Love You Season 3","time":"2026-08-09T19:20:39-03:00","caller":"episodes.go:35","message":"Processing anime episodes"}
{"level":"info","anime":"Daemons of the Shadow Realm","time":"2026-08-09T19:20:39-03:00","caller":"episodes.go:35","message":"Processing anime episodes"}
{"level":"info","anime":"Chainsmoker Cat","time":"2026-08-09T19:20:39-03:00","caller":"episodes.go:35","message":"Processing anime episodes"}
{"level":"info","anime":"You and I Are Polar Opposites Season 2","time":"2026-08-09T19:20:39-03:00","caller":"episodes.go:35","message":"Processing anime episodes"}
{"level":"info","anime":"Jaadugar: A Witch in Mongolia","time":"2026-08-09T19:20:39-03:00","caller":"episodes.go:35","message":"Processing anime episodes"}
{"level":"info","anime":"The Cat and the Dragon","time":"2026-08-09T19:20:39-03:00","caller":"episodes.go:35","message":"Processing anime episodes"}
{"level":"info","anime":"From Old Country Bumpkin to Master Swordsman II","time":"2026-08-09T19:20:39-03:00","caller":"episodes.go:35","message":"Processing anime episodes"}
{"level":"info","anime":"Sparks of Tomorrow","time":"2026-08-09T19:20:39-03:00","caller":"episodes.go:35","message":"Processing anime episodes"}
{"level":"info","anime":"KAIJU GIRL CARAMELISE","time":"2026-08-09T19:20:39-03:00","caller":"episodes.go:35","message":"Processing anime episodes"}
{"level":"info","anime":"THE GHOST IN THE SHELL","time":"2026-08-09T19:20:39-03:00","caller":"episodes.go:35","message":"Processing anime episodes"}
{"level":"info","anime":"Hanaori-san Still Wants to Fight in the Next Life","time":"2026-08-09T19:20:39-03:00","caller":"episodes.go:35","message":"Processing anime episodes"}
{"level":"info","anime":"The Villager of Level 999","time":"2026-08-09T19:20:39-03:00","caller":"episodes.go:35","message":"Processing anime episodes"}
{"level":"info","anime":"The Insipid Prince's Furtive Grab for the Throne","time":"2026-08-09T19:20:39-03:00","caller":"episodes.go:35","message":"Processing anime episodes"}
{"level":"info","anime":"I Became a Legend After My 10 Year-Long Last Stand","time":"2026-08-09T19:20:39-03:00","caller":"episodes.go:35","message":"Processing anime episodes"}
{"level":"info","anime":"The Frontier Lord Begins with Zero Subjects","time":"2026-08-09T19:20:39-03:00","caller":"episodes.go:35","message":"Processing anime episodes"}
{"level":"info","anime":"Love Unseen Beneath the Clear Night Sky","time":"2026-08-09T19:20:39-03:00","caller":"episodes.go:35","message":"Processing anime episodes"}
{"level":"info","anime":"A Livid Lady’s Guide to Getting Even: How I Crushed My Homeland with My Mighty Grimoires","time":"2026-08-09T19:20:39-03:00","caller":"episodes.go:35","message":"Processing anime episodes"}
{"level":"info","anime":"BLACK TORCH","time":"2026-08-09T19:20:39-03:00","caller":"episodes.go:35","message":"Processing anime episodes"}
{"level":"info","anime":"I Want to Love You Till Your Dying Day","time":"2026-08-09T19:20:39-03:00","caller":"episodes.go:35","message":"Processing anime episodes"}
{"level":"info","anime":"Dara-san of the Reiwa Era","time":"2026-08-09T19:20:39-03:00","caller":"episodes.go:35","message":"Processing anime episodes"}
{"level":"info","anime":"Re:ZERO -Starting Life in Another World- Season 4","time":"2026-08-09T19:20:39-03:00","caller":"episodes.go:35","message":"Processing anime episodes"}
{"level":"info","anime":"Mushoku Tensei: Jobless Reincarnation Season 3","time":"2026-08-09T19:20:39-03:00","caller":"episodes.go:35","message":"Processing anime episodes"}
{"level":"info","anime":"The World Is Dancing","time":"2026-08-09T19:20:39-03:00","caller":"episodes.go:35","message":"Processing anime episodes"}
{"level":"info","anime":"Smoking Behind the Supermarket with You","time":"2026-08-09T19:20:39-03:00","caller":"episodes.go:35","message":"Processing anime episodes"}
{"level":"info","animes_checked":24,"episodes_checked":310,"episodes_downloaded":0,"total_time":0.787244,"avg_time_per_episode":0.002539,"time":"2026-08-09T19:20:39-03:00","caller":"verification.go:315","message":"Verification completed"}
{"level":"info","usernames":["JediahSk","D4NIDx"],"animes_found":24,"time":"2026-08-09T19:30:41-03:00","caller":"verification.go:525","message":"Successfully fetched animes from Anilist"}
{"level":"info","anime":"Mushoku Tensei: Jobless Reincarnation Season 3","time":"2026-08-09T19:30:41-03:00","caller":"episodes.go:35","message":"Processing anime episodes"}
{"level":"info","anime":"Jaadugar: A Witch in Mongolia","time":"2026-08-09T19:30:41-03:00","caller":"episodes.go:35","message":"Processing anime episodes"}
{"level":"info","anime":"Chainsmoker Cat","time":"2026-08-09T19:30:41-03:00","caller":"episodes.go:35","message":"Processing anime episodes"}
{"level":"info","anime":"You and I Are Polar Opposites Season 2","time":"2026-08-09T19:30:41-03:00","caller":"episodes.go:35","message":"Processing anime episodes"}
{"level":"info","anime":"THE GHOST IN THE SHELL","time":"2026-08-09T19:30:41-03:00","caller":"episodes.go:35","message":"Processing anime episodes"}
{"level":"info","anime":"Smoking Behind the Supermarket with You","time":"2026-08-09T19:30:41-03:00","caller":"episodes.go:35","message":"Processing anime episodes"}
{"level":"info","anime":"Sparks of Tomorrow","time":"2026-08-09T19:30:41-03:00","caller":"episodes.go:35","message":"Processing anime episodes"}
{"level":"info","anime":"Daemons of the Shadow Realm","time":"2026-08-09T19:30:41-03:00","caller":"episodes.go:35","message":"Processing anime episodes"}
{"level":"info","anime":"From Old Country Bumpkin to Master Swordsman II","time":"2026-08-09T19:30:41-03:00","caller":"episodes.go:35","message":"Processing anime episodes"}
{"level":"info","anime":"I Became a Legend After My 10 Year-Long Last Stand","time":"2026-08-09T19:30:41-03:00","caller":"episodes.go:35","message":"Processing anime episodes"}
{"level":"info","anime":"A Livid Lady’s Guide to Getting Even: How I Crushed My Homeland with My Mighty Grimoires","time":"2026-08-09T19:30:41-03:00","caller":"episodes.go:35","message":"Processing anime episodes"}
{"level":"info","anime":"Hanaori-san Still Wants to Fight in the Next Life","time":"2026-08-09T19:30:41-03:00","caller":"episodes.go:35","message":"Processing anime episodes"}
{"level":"info","anime":"Love Unseen Beneath the Clear Night Sky","time":"2026-08-09T19:30:41-03:00","caller":"episodes.go:35","message":"Processing anime episodes"}
{"level":"info","anime":"Dara-san of the Reiwa Era","time":"2026-08-09T19:30:41-03:00","caller":"episodes.go:35","message":"Processing anime episodes"}
{"level":"info","anime":"The Cat and the Dragon","time":"2026-08-09T19:30:41-03:00","caller":"episodes.go:35","message":"Processing anime episodes"}
{"level":"info","anime":"BLACK TORCH","time":"2026-08-09T19:30:41-03:00","caller":"episodes.go:35","message":"Processing anime episodes"}
{"level":"info","anime":"The World Is Dancing","time":"2026-08-09T19:30:41-03:00","caller":"episodes.go:35","message":"Processing anime episodes"}
{"level":"info","anime":"The Frontier Lord Begins with Zero Subjects","time":"2026-08-09T19:30:41-03:00","caller":"episodes.go:35","message":"Processing anime episodes"}
{"level":"info","anime":"I Want to Love You Till Your Dying Day","time":"2026-08-09T19:30:41-03:00","caller":"episodes.go:35","message":"Processing anime episodes"}
{"level":"info","anime":"Re:ZERO -Starting Life in Another World- Season 4","time":"2026-08-09T19:30:41-03:00","caller":"episodes.go:35","message":"Processing anime episodes"}
{"level":"info","anime":"The Insipid Prince's Furtive Grab for the Throne","time":"2026-08-09T19:30:41-03:00","caller":"episodes.go:35","message":"Processing anime episodes"}
{"level":"info","anime":"KAIJU GIRL CARAMELISE","time":"2026-08-09T19:30:41-03:00","caller":"episodes.go:35","message":"Processing anime episodes"}
{"level":"info","anime":"The Villager of Level 999","time":"2026-08-09T19:30:41-03:00","caller":"episodes.go:35","message":"Processing anime episodes"}
{"level":"info","anime":"The 100 Girlfriends Who Really, Really, Really, Really, REALLY Love You Season 3","time":"2026-08-09T19:30:41-03:00","caller":"episodes.go:35","message":"Processing anime episodes"}
{"level":"info","animes_checked":24,"episodes_checked":310,"episodes_downloaded":0,"total_time":0.970652,"avg_time_per_episode":0.003131,"time":"2026-08-09T19:30:41-03:00","caller":"verification.go:315","message":"Verification completed"}
{"level":"info","usernames":["JediahSk","D4NIDx"],"animes_found":24,"time":"2026-08-09T19:40:44-03:00","caller":"verification.go:525","message":"Successfully fetched animes from Anilist"}
{"level":"info","anime":"Mushoku Tensei: Jobless Reincarnation Season 3","time":"2026-08-09T19:40:44-03:00","caller":"episodes.go:35","message":"Processing anime episodes"}
{"level":"info","anime":"Daemons of the Shadow Realm","time":"2026-08-09T19:40:44-03:00","caller":"episodes.go:35","message":"Processing anime episodes"}
{"level":"info","anime":"From Old Country Bumpkin to Master Swordsman II","time":"2026-08-09T19:40:44-03:00","caller":"episodes.go:35","message":"Processing anime episodes"}
{"level":"info","anime":"Jaadugar: A Witch in Mongolia","time":"2026-08-09T19:40:44-03:00","caller":"episodes.go:35","message":"Processing anime episodes"}
{"level":"info","anime":"The Insipid Prince's Furtive Grab for the Throne","time":"2026-08-09T19:40:44-03:00","caller":"episodes.go:35","message":"Processing anime episodes"}
{"level":"info","anime":"The Frontier Lord Begins with Zero Subjects","time":"2026-08-09T19:40:44-03:00","caller":"episodes.go:35","message":"Processing anime episodes"}
{"level":"info","anime":"I Became a Legend After My 10 Year-Long Last Stand","time":"2026-08-09T19:40:44-03:00","caller":"episodes.go:35","message":"Processing anime episodes"}
{"level":"info","anime":"Hanaori-san Still Wants to Fight in the Next Life","time":"2026-08-09T19:40:44-03:00","caller":"episodes.go:35","message":"Processing anime episodes"}
{"level":"info","anime":"The 100 Girlfriends Who Really, Really, Really, Really, REALLY Love You Season 3","time":"2026-08-09T19:40:44-03:00","caller":"episodes.go:35","message":"Processing anime episodes"}
{"level":"info","anime":"Dara-san of the Reiwa Era","time":"2026-08-09T19:40:44-03:00","caller":"episodes.go:35","message":"Processing anime episodes"}
{"level":"info","anime":"You and I Are Polar Opposites Season 2","time":"2026-08-09T19:40:44-03:00","caller":"episodes.go:35","message":"Processing anime episodes"}
{"level":"info","anime":"Smoking Behind the Supermarket with You","time":"2026-08-09T19:40:44-03:00","caller":"episodes.go:35","message":"Processing anime episodes"}
{"level":"info","anime":"Sparks of Tomorrow","time":"2026-08-09T19:40:44-03:00","caller":"episodes.go:35","message":"Processing anime episodes"}
{"level":"info","anime":"KAIJU GIRL CARAMELISE","time":"2026-08-09T19:40:44-03:00","caller":"episodes.go:35","message":"Processing anime episodes"}
{"level":"info","anime":"THE GHOST IN THE SHELL","time":"2026-08-09T19:40:44-03:00","caller":"episodes.go:35","message":"Processing anime episodes"}
{"level":"info","anime":"The Villager of Level 999","time":"2026-08-09T19:40:44-03:00","caller":"episodes.go:35","message":"Processing anime episodes"}
{"level":"info","anime":"I Want to Love You Till Your Dying Day","time":"2026-08-09T19:40:44-03:00","caller":"episodes.go:35","message":"Processing anime episodes"}
{"level":"info","anime":"Re:ZERO -Starting Life in Another World- Season 4","time":"2026-08-09T19:40:44-03:00","caller":"episodes.go:35","message":"Processing anime episodes"}
{"level":"info","anime":"The World Is Dancing","time":"2026-08-09T19:40:44-03:00","caller":"episodes.go:35","message":"Processing anime episodes"}
{"level":"info","anime":"Love Unseen Beneath the Clear Night Sky","time":"2026-08-09T19:40:44-03:00","caller":"episodes.go:35","message":"Processing anime episodes"}
{"level":"info","anime":"BLACK TORCH","time":"2026-08-09T19:40:44-03:00","caller":"episodes.go:35","message":"Processing anime episodes"}
{"level":"info","anime":"Chainsmoker Cat","time":"2026-08-09T19:40:44-03:00","caller":"episodes.go:35","message":"Processing anime episodes"}
{"level":"info","anime":"The Cat and the Dragon","time":"2026-08-09T19:40:44-03:00","caller":"episodes.go:35","message":"Processing anime episodes"}
{"level":"info","anime":"A Livid Lady’s Guide to Getting Even: How I Crushed My Homeland with My Mighty Grimoires","time":"2026-08-09T19:40:44-03:00","caller":"episodes.go:35","message":"Processing anime episodes"}
{"level":"info","animes_checked":24,"episodes_checked":310,"episodes_downloaded":0,"total_time":0.929689,"avg_time_per_episode":0.002998,"time":"2026-08-09T19:40:44-03:00","caller":"verification.go:315","message":"Verification completed"}
{"level":"info","usernames":["JediahSk","D4NIDx"],"animes_found":24,"time":"2026-08-09T19:50:46-03:00","caller":"verification.go:525","message":"Successfully fetched animes from Anilist"}
{"level":"info","anime":"Mushoku Tensei: Jobless Reincarnation Season 3","time":"2026-08-09T19:50:47-03:00","caller":"episodes.go:35","message":"Processing anime episodes"}
{"level":"info","anime":"Daemons of the Shadow Realm","time":"2026-08-09T19:50:47-03:00","caller":"episodes.go:35","message":"Processing anime episodes"}
{"level":"info","anime":"The World Is Dancing","time":"2026-08-09T19:50:47-03:00","caller":"episodes.go:35","message":"Processing anime episodes"}
{"level":"info","anime":"Chainsmoker Cat","time":"2026-08-09T19:50:47-03:00","caller":"episodes.go:35","message":"Processing anime episodes"}
{"level":"info","anime":"From Old Country Bumpkin to Master Swordsman II","time":"2026-08-09T19:50:47-03:00","caller":"episodes.go:35","message":"Processing anime episodes"}
{"level":"info","anime":"Jaadugar: A Witch in Mongolia","time":"2026-08-09T19:50:47-03:00","caller":"episodes.go:35","message":"Processing anime episodes"}
{"level":"info","anime":"You and I Are Polar Opposites Season 2","time":"2026-08-09T19:50:47-03:00","caller":"episodes.go:35","message":"Processing anime episodes"}
{"level":"info","anime":"Smoking Behind the Supermarket with You","time":"2026-08-09T19:50:47-03:00","caller":"episodes.go:35","message":"Processing anime episodes"}
{"level":"info","anime":"The 100 Girlfriends Who Really, Really, Really, Really, REALLY Love You Season 3","time":"2026-08-09T19:50:47-03:00","caller":"episodes.go:35","message":"Processing anime episodes"}
{"level":"info","anime":"Love Unseen Beneath the Clear Night Sky","time":"2026-08-09T19:50:47-03:00","caller":"episodes.go:35","message":"Processing anime episodes"}
{"level":"info","anime":"KAIJU GIRL CARAMELISE","time":"2026-08-09T19:50:47-03:00","caller":"episodes.go:35","message":"Processing anime episodes"}
{"level":"info","anime":"THE GHOST IN THE SHELL","time":"2026-08-09T19:50:47-03:00","caller":"episodes.go:35","message":"Processing anime episodes"}
{"level":"info","anime":"The Villager of Level 999","time":"2026-08-09T19:50:47-03:00","caller":"episodes.go:35","message":"Processing anime episodes"}
{"level":"info","anime":"I Became a Legend After My 10 Year-Long Last Stand","time":"2026-08-09T19:50:47-03:00","caller":"episodes.go:35","message":"Processing anime episodes"}
{"level":"info","anime":"The Cat and the Dragon","time":"2026-08-09T19:50:47-03:00","caller":"episodes.go:35","message":"Processing anime episodes"}
{"level":"info","anime":"Hanaori-san Still Wants to Fight in the Next Life","time":"2026-08-09T19:50:47-03:00","caller":"episodes.go:35","message":"Processing anime episodes"}
{"level":"info","anime":"Dara-san of the Reiwa Era","time":"2026-08-09T19:50:47-03:00","caller":"episodes.go:35","message":"Processing anime episodes"}
{"level":"info","anime":"The Insipid Prince's Furtive Grab for the Throne","time":"2026-08-09T19:50:47-03:00","caller":"episodes.go:35","message":"Processing anime episodes"}
{"level":"info","anime":"BLACK TORCH","time":"2026-08-09T19:50:47-03:00","caller":"episodes.go:35","message":"Processing anime episodes"}
{"level":"info","anime":"The Frontier Lord Begins with Zero Subjects","time":"2026-08-09T19:50:47-03:00","caller":"episodes.go:35","message":"Processing anime episodes"}
{"level":"info","anime":"I Want to Love You Till Your Dying Day","time":"2026-08-09T19:50:47-03:00","caller":"episodes.go:35","message":"Processing anime episodes"}
{"level":"info","anime":"Re:ZERO -Starting Life in Another World- Season 4","time":"2026-08-09T19:50:47-03:00","caller":"episodes.go:35","message":"Processing anime episodes"}
{"level":"info","anime":"Sparks of Tomorrow","time":"2026-08-09T19:50:47-03:00","caller":"episodes.go:35","message":"Processing anime episodes"}
{"level":"info","anime":"A Livid Lady’s Guide to Getting Even: How I Crushed My Homeland with My Mighty Grimoires","time":"2026-08-09T19:50:47-03:00","caller":"episodes.go:35","message":"Processing anime episodes"}
{"level":"info","animes_checked":24,"episodes_checked":310,"episodes_downloaded":0,"total_time":0.569354,"avg_time_per_episode":0.001836,"time":"2026-08-09T19:50:47-03:00","caller":"verification.go:315","message":"Verification completed"}
{"level":"info","usernames":["JediahSk","D4NIDx"],"animes_found":24,"time":"2026-08-09T20:00:48-03:00","caller":"verification.go:525","message":"Successfully fetched animes from Anilist"}
{"level":"info","anime":"Jaadugar: A Witch in Mongolia","time":"2026-08-09T20:00:49-03:00","caller":"episodes.go:35","message":"Processing anime episodes"}
{"level":"info","anime":"Mushoku Tensei: Jobless Reincarnation Season 3","time":"2026-08-09T20:00:49-03:00","caller":"episodes.go:35","message":"Processing anime episodes"}
{"level":"info","anime":"You and I Are Polar Opposites Season 2","time":"2026-08-09T20:00:49-03:00","caller":"episodes.go:35","message":"Processing anime episodes"}
{"level":"info","anime":"Smoking Behind the Supermarket with You","time":"2026-08-09T20:00:49-03:00","caller":"episodes.go:35","message":"Processing anime episodes"}
{"level":"info","anime":"Sparks of Tomorrow","time":"2026-08-09T20:00:49-03:00","caller":"episodes.go:35","message":"Processing anime episodes"}
{"level":"info","anime":"KAIJU GIRL CARAMELISE","time":"2026-08-09T20:00:49-03:00","caller":"episodes.go:35","message":"Processing anime episodes"}
{"level":"info","anime":"THE GHOST IN THE SHELL","time":"2026-08-09T20:00:49-03:00","caller":"episodes.go:35","message":"Processing anime episodes"}
{"level":"info","anime":"The Villager of Level 999","time":"2026-08-09T20:00:49-03:00","caller":"episodes.go:35","message":"Processing anime episodes"}
{"level":"info","anime":"I Became a Legend After My 10 Year-Long Last Stand","time":"2026-08-09T20:00:49-03:00","caller":"episodes.go:35","message":"Processing anime episodes"}
{"level":"info","anime":"I Want to Love You Till Your Dying Day","time":"2026-08-09T20:00:49-03:00","caller":"episodes.go:35","message":"Processing anime episodes"}
{"level":"info","anime":"Dara-san of the Reiwa Era","time":"2026-08-09T20:00:49-03:00","caller":"episodes.go:35","message":"Processing anime episodes"}
{"level":"info","anime":"BLACK TORCH","time":"2026-08-09T20:00:49-03:00","caller":"episodes.go:35","message":"Processing anime episodes"}
{"level":"info","anime":"Re:ZERO -Starting Life in Another World- Season 4","time":"2026-08-09T20:00:49-03:00","caller":"episodes.go:35","message":"Processing anime episodes"}
{"level":"info","anime":"The Insipid Prince's Furtive Grab for the Throne","time":"2026-08-09T20:00:49-03:00","caller":"episodes.go:35","message":"Processing anime episodes"}
{"level":"info","anime":"The Frontier Lord Begins with Zero Subjects","time":"2026-08-09T20:00:49-03:00","caller":"episodes.go:35","message":"Processing anime episodes"}
{"level":"info","anime":"The Cat and the Dragon","time":"2026-08-09T20:00:49-03:00","caller":"episodes.go:35","message":"Processing anime episodes"}
{"level":"info","anime":"A Livid Lady’s Guide to Getting Even: How I Crushed My Homeland with My Mighty Grimoires","time":"2026-08-09T20:00:49-03:00","caller":"episodes.go:35","message":"Processing anime episodes"}
{"level":"info","anime":"The 100 Girlfriends Who Really, Really, Really, Really, REALLY Love You Season 3","time":"2026-08-09T20:00:49-03:00","caller":"episodes.go:35","message":"Processing anime episodes"}
{"level":"info","anime":"From Old Country Bumpkin to Master Swordsman II","time":"2026-08-09T20:00:49-03:00","caller":"episodes.go:35","message":"Processing anime episodes"}
{"level":"info","anime":"The World Is Dancing","time":"2026-08-09T20:00:49-03:00","caller":"episodes.go:35","message":"Processing anime episodes"}
{"level":"info","anime":"Chainsmoker Cat","time":"2026-08-09T20:00:49-03:00","caller":"episodes.go:35","message":"Processing anime episodes"}
{"level":"info","anime":"Love Unseen Beneath the Clear Night Sky","time":"2026-08-09T20:00:49-03:00","caller":"episodes.go:35","message":"Processing anime episodes"}
{"level":"info","anime":"Daemons of the Shadow Realm","time":"2026-08-09T20:00:49-03:00","caller":"episodes.go:35","message":"Processing anime episodes"}
{"level":"info","anime":"Hanaori-san Still Wants to Fight in the Next Life","time":"2026-08-09T20:00:49-03:00","caller":"episodes.go:35","message":"Processing anime episodes"}
{"level":"info","animes_checked":24,"episodes_checked":310,"episodes_downloaded":0,"total_time":0.907892,"avg_time_per_episode":0.002928,"time":"2026-08-09T20:00:49-03:00","caller":"verification.go:315","message":"Verification completed"}
{"level":"info","usernames":["JediahSk","D4NIDx"],"animes_found":24,"time":"2026-08-09T20:10:51-03:00","caller":"verification.go:525","message":"Successfully fetched animes from Anilist"}
{"level":"info","anime":"Mushoku Tensei: Jobless Reincarnation Season 3","time":"2026-08-09T20:10:52-03:00","caller":"episodes.go:35","message":"Processing anime episodes"}
{"level":"info","anime":"Jaadugar: A Witch in Mongolia","time":"2026-08-09T20:10:52-03:00","caller":"episodes.go:35","message":"Processing anime episodes"}
{"level":"info","anime":"From Old Country Bumpkin to Master Swordsman II","time":"2026-08-09T20:10:52-03:00","caller":"episodes.go:35","message":"Processing anime episodes"}
{"level":"info","anime":"The World Is Dancing","time":"2026-08-09T20:10:52-03:00","caller":"episodes.go:35","message":"Processing anime episodes"}
{"level":"info","anime":"The Cat and the Dragon","time":"2026-08-09T20:10:52-03:00","caller":"episodes.go:35","message":"Processing anime episodes"}
{"level":"info","anime":"You and I Are Polar Opposites Season 2","time":"2026-08-09T20:10:52-03:00","caller":"episodes.go:35","message":"Processing anime episodes"}
{"level":"info","anime":"Smoking Behind the Supermarket with You","time":"2026-08-09T20:10:52-03:00","caller":"episodes.go:35","message":"Processing anime episodes"}
{"level":"info","anime":"Sparks of Tomorrow","time":"2026-08-09T20:10:52-03:00","caller":"episodes.go:35","message":"Processing anime episodes"}
{"level":"info","anime":"KAIJU GIRL CARAMELISE","time":"2026-08-09T20:10:52-03:00","caller":"episodes.go:35","message":"Processing anime episodes"}
{"level":"info","anime":"The 100 Girlfriends Who Really, Really, Really, Really, REALLY Love You Season 3","time":"2026-08-09T20:10:52-03:00","caller":"episodes.go:35","message":"Processing anime episodes"}
{"level":"info","anime":"The Villager of Level 999","time":"2026-08-09T20:10:52-03:00","caller":"episodes.go:35","message":"Processing anime episodes"}
{"level":"info","anime":"I Became a Legend After My 10 Year-Long Last Stand","time":"2026-08-09T20:10:52-03:00","caller":"episodes.go:35","message":"Processing anime episodes"}
{"level":"info","anime":"Love Unseen Beneath the Clear Night Sky","time":"2026-08-09T20:10:52-03:00","caller":"episodes.go:35","message":"Processing anime episodes"}
{"level":"info","anime":"Hanaori-san Still Wants to Fight in the Next Life","time":"2026-08-09T20:10:52-03:00","caller":"episodes.go:35","message":"Processing anime episodes"}
{"level":"info","anime":"The Insipid Prince's Furtive Grab for the Throne","time":"2026-08-09T20:10:52-03:00","caller":"episodes.go:35","message":"Processing anime episodes"}
{"level":"info","anime":"The Frontier Lord Begins with Zero Subjects","time":"2026-08-09T20:10:52-03:00","caller":"episodes.go:35","message":"Processing anime episodes"}
{"level":"info","anime":"A Livid Lady’s Guide to Getting Even: How I Crushed My Homeland with My Mighty Grimoires","time":"2026-08-09T20:10:52-03:00","caller":"episodes.go:35","message":"Processing anime episodes"}
{"level":"info","anime":"Chainsmoker Cat","time":"2026-08-09T20:10:52-03:00","caller":"episodes.go:35","message":"Processing anime episodes"}
{"level":"info","anime":"BLACK TORCH","time":"2026-08-09T20:10:52-03:00","caller":"episodes.go:35","message":"Processing anime episodes"}
{"level":"info","anime":"I Want to Love You Till Your Dying Day","time":"2026-08-09T20:10:52-03:00","caller":"episodes.go:35","message":"Processing anime episodes"}
{"level":"info","anime":"Re:ZERO -Starting Life in Another World- Season 4","time":"2026-08-09T20:10:52-03:00","caller":"episodes.go:35","message":"Processing anime episodes"}
{"level":"info","anime":"Dara-san of the Reiwa Era","time":"2026-08-09T20:10:52-03:00","caller":"episodes.go:35","message":"Processing anime episodes"}
{"level":"info","anime":"Daemons of the Shadow Realm","time":"2026-08-09T20:10:52-03:00","caller":"episodes.go:35","message":"Processing anime episodes"}
{"level":"info","anime":"THE GHOST IN THE SHELL","time":"2026-08-09T20:10:52-03:00","caller":"episodes.go:35","message":"Processing anime episodes"}
{"level":"info","animes_checked":24,"episodes_checked":310,"episodes_downloaded":0,"total_time":0.649614,"avg_time_per_episode":0.002095,"time":"2026-08-09T20:10:52-03:00","caller":"verification.go:315","message":"Verification completed"}
{"level":"info","usernames":["JediahSk","D4NIDx"],"animes_found":24,"time":"2026-08-09T20:20:55-03:00","caller":"verification.go:525","message":"Successfully fetched animes from Anilist"}
{"level":"info","anime":"Mushoku Tensei: Jobless Reincarnation Season 3","time":"2026-08-09T20:20:55-03:00","caller":"episodes.go:35","message":"Processing anime episodes"}
{"level":"info","anime":"The World Is Dancing","time":"2026-08-09T20:20:55-03:00","caller":"episodes.go:35","message":"Processing anime episodes"}
{"level":"info","anime":"Chainsmoker Cat","time":"2026-08-09T20:20:55-03:00","caller":"episodes.go:35","message":"Processing anime episodes"}
{"level":"info","anime":"Daemons of the Shadow Realm","time":"2026-08-09T20:20:55-03:00","caller":"episodes.go:35","message":"Processing anime episodes"}
{"level":"info","anime":"Jaadugar: A Witch in Mongolia","time":"2026-08-09T20:20:55-03:00","caller":"episodes.go:35","message":"Processing anime episodes"}
{"level":"info","anime":"You and I Are Polar Opposites Season 2","time":"2026-08-09T20:20:55-03:00","caller":"episodes.go:35","message":"Processing anime episodes"}
{"level":"info","anime":"Smoking Behind the Supermarket with You","time":"2026-08-09T20:20:55-03:00","caller":"episodes.go:35","message":"Processing anime episodes"}
{"level":"info","anime":"The 100 Girlfriends Who Really, Really, Really, Really, REALLY Love You Season 3","time":"2026-08-09T20:20:55-03:00","caller":"episodes.go:35","message":"Processing anime episodes"}
{"level":"info","anime":"The Insipid Prince's Furtive Grab for the Throne","time":"2026-08-09T20:20:55-03:00","caller":"episodes.go:35","message":"Processing anime episodes"}
{"level":"info","anime":"KAIJU GIRL CARAMELISE","time":"2026-08-09T20:20:55-03:00","caller":"episodes.go:35","message":"Processing anime episodes"}
{"level":"info","anime":"THE GHOST IN THE SHELL","time":"2026-08-09T20:20:55-03:00","caller":"episodes.go:35","message":"Processing anime episodes"}
{"level":"info","anime":"The Villager of Level 999","time":"2026-08-09T20:20:55-03:00","caller":"episodes.go:35","message":"Processing anime episodes"}
{"level":"info","anime":"I Became a Legend After My 10 Year-Long Last Stand","time":"2026-08-09T20:20:55-03:00","caller":"episodes.go:35","message":"Processing anime episodes"}
{"level":"info","anime":"Dara-san of the Reiwa Era","time":"2026-08-09T20:20:55-03:00","caller":"episodes.go:35","message":"Processing anime episodes"}
{"level":"info","anime":"Love Unseen Beneath the Clear Night Sky","time":"2026-08-09T20:20:55-03:00","caller":"episodes.go:35","message":"Processing anime episodes"}
{"level":"info","anime":"Sparks of Tomorrow","time":"2026-08-09T20:20:55-03:00","caller":"episodes.go:35","message":"Processing anime episodes"}
{"level":"info","anime":"The Cat and the Dragon","time":"2026-08-09T20:20:55-03:00","caller":"episodes.go:35","message":"Processing anime episodes"}
{"level":"info","anime":"A Livid Lady’s Guide to Getting Even: How I Crushed My Homeland with My Mighty Grimoires","time":"2026-08-09T20:20:55-03:00","caller":"episodes.go:35","message":"Processing anime episodes"}
{"level":"info","anime":"Hanaori-san Still Wants to Fight in the Next Life","time":"2026-08-09T20:20:55-03:00","caller":"episodes.go:35","message":"Processing anime episodes"}
{"level":"info","anime":"I Want to Love You Till Your Dying Day","time":"2026-08-09T20:20:55-03:00","caller":"episodes.go:35","message":"Processing anime episodes"}
{"level":"info","anime":"Re:ZERO -Starting Life in Another World- Season 4","time":"2026-08-09T20:20:55-03:00","caller":"episodes.go:35","message":"Processing anime episodes"}
{"level":"info","anime":"BLACK TORCH","time":"2026-08-09T20:20:55-03:00","caller":"episodes.go:35","message":"Processing anime episodes"}
{"level":"info","anime":"From Old Country Bumpkin to Master Swordsman II","time":"2026-08-09T20:20:55-03:00","caller":"episodes.go:35","message":"Processing anime episodes"}
{"level":"info","anime":"The Frontier Lord Begins with Zero Subjects","time":"2026-08-09T20:20:55-03:00","caller":"episodes.go:35","message":"Processing anime episodes"}
{"level":"info","animes_checked":24,"episodes_checked":310,"episodes_downloaded":0,"total_time":0.693003,"avg_time_per_episode":0.002235,"time":"2026-08-09T20:20:55-03:00","caller":"verification.go:315","message":"Verification completed"}
{"level":"info","usernames":["JediahSk","D4NIDx"],"animes_found":24,"time":"2026-08-09T20:30:57-03:00","caller":"verification.go:525","message":"Successfully fetched animes from Anilist"}
{"level":"info","anime":"The World Is Dancing","time":"2026-08-09T20:30:58-03:00","caller":"episodes.go:35","message":"Processing anime episodes"}
{"level":"info","anime":"Mushoku Tensei: Jobless Reincarnation Season 3","time":"2026-08-09T20:30:58-03:00","caller":"episodes.go:35","message":"Processing anime episodes"}
{"level":"info","anime":"From Old Country Bumpkin to Master Swordsman II","time":"2026-08-09T20:30:58-03:00","caller":"episodes.go:35","message":"Processing anime episodes"}
{"level":"info","anime":"Love Unseen Beneath the Clear Night Sky","time":"2026-08-09T20:30:58-03:00","caller":"episodes.go:35","message":"Processing anime episodes"}
{"level":"info","anime":"Chainsmoker Cat","time":"2026-08-09T20:30:58-03:00","caller":"episodes.go:35","message":"Processing anime episodes"}
{"level":"info","anime":"The 100 Girlfriends Who Really, Really, Really, Really, REALLY Love You Season 3","time":"2026-08-09T20:30:58-03:00","caller":"episodes.go:35","message":"Processing anime episodes"}
{"level":"info","anime":"Smoking Behind the Supermarket with You","time":"2026-08-09T20:30:58-03:00","caller":"episodes.go:35","message":"Processing anime episodes"}
{"level":"info","anime":"Daemons of the Shadow Realm","time":"2026-08-09T20:30:58-03:00","caller":"episodes.go:35","message":"Processing anime episodes"}
{"level":"info","anime":"Sparks of Tomorrow","time":"2026-08-09T20:30:58-03:00","caller":"episodes.go:35","message":"Processing anime episodes"}
{"level":"info","anime":"KAIJU GIRL CARAMELISE","time":"2026-08-09T20:30:58-03:00","caller":"episodes.go:35","message":"Processing anime episodes"}
{"level":"info","anime":"You and I Are Polar Opposites Season 2","time":"2026-08-09T20:30:58-03:00","caller":"episodes.go:35","message":"Processing anime episodes"}
{"level":"info","anime":"The Villager of Level 999","time":"2026-08-09T20:30:58-03:00","caller":"episodes.go:35","message":"Processing anime episodes"}
{"level":"info","anime":"Jaadugar: A Witch in Mongolia","time":"2026-08-09T20:30:58-03:00","caller":"episodes.go:35","message":"Processing anime episodes"}
{"level":"info","anime":"I Became a Legend After My 10 Year-Long Last Stand","time":"2026-08-09T20:30:58-03:00","caller":"episodes.go:35","message":"Processing anime episodes"}
{"level":"info","anime":"The Insipid Prince's Furtive Grab for the Throne","time":"2026-08-09T20:30:58-03:00","caller":"episodes.go:35","message":"Processing anime episodes"}
{"level":"info","anime":"The Frontier Lord Begins with Zero Subjects","time":"2026-08-09T20:30:58-03:00","caller":"episodes.go:35","message":"Processing anime episodes"}
{"level":"info","anime":"A Livid Lady’s Guide to Getting Even: How I Crushed My Homeland with My Mighty Grimoires","time":"2026-08-09T20:30:58-03:00","caller":"episodes.go:35","message":"Processing anime episodes"}
{"level":"info","anime":"BLACK TORCH","time":"2026-08-09T20:30:58-03:00","caller":"episodes.go:35","message":"Processing anime episodes"}
{"level":"info","anime":"Hanaori-san Still Wants to Fight in the Next Life","time":"2026-08-09T20:30:58-03:00","caller":"episodes.go:35","message":"Processing anime episodes"}
{"level":"info","anime":"Dara-san of the Reiwa Era","time":"2026-08-09T20:30:58-03:00","caller":"episodes.go:35","message":"Processing anime episodes"}
{"level":"info","anime":"I Want to Love You Till Your Dying Day","time":"2026-08-09T20:30:58-03:00","caller":"episodes.go:35","message":"Processing anime episodes"}
{"level":"info","anime":"Re:ZERO -Starting Life in Another World- Season 4","time":"2026-08-09T20:30:58-03:00","caller":"episodes.go:35","message":"Processing anime episodes"}
{"level":"info","anime":"THE GHOST IN THE SHELL","time":"2026-08-09T20:30:58-03:00","caller":"episodes.go:35","message":"Processing anime episodes"}
{"level":"info","anime":"The Cat and the Dragon","time":"2026-08-09T20:30:58-03:00","caller":"episodes.go:35","message":"Processing anime episodes"}
{"level":"info","animes_checked":24,"episodes_checked":310,"episodes_downloaded":0,"total_time":0.879614,"avg_time_per_episode":0.002837,"time":"2026-08-09T20:30:58-03:00","caller":"verification.go:315","message":"Verification completed"}
{"level":"info","usernames":["JediahSk","D4NIDx"],"animes_found":24,"time":"2026-08-09T20:41:00-03:00","caller":"verification.go:525","message":"Successfully fetched animes from Anilist"}
{"level":"info","anime":"Mushoku Tensei: Jobless Reincarnation Season 3","time":"2026-08-09T20:41:00-03:00","caller":"episodes.go:35","message":"Processing anime episodes"}
{"level":"info","anime":"Daemons of the Shadow Realm","time":"2026-08-09T20:41:00-03:00","caller":"episodes.go:35","message":"Processing anime episodes"}
{"level":"info","anime":"From Old Country Bumpkin to Master Swordsman II","time":"2026-08-09T20:41:00-03:00","caller":"episodes.go:35","message":"Processing anime episodes"}
{"level":"info","anime":"Sparks of Tomorrow","time":"2026-08-09T20:41:00-03:00","caller":"episodes.go:35","message":"Processing anime episodes"}
{"level":"info","anime":"Chainsmoker Cat","time":"2026-08-09T20:41:00-03:00","caller":"episodes.go:35","message":"Processing anime episodes"}
{"level":"info","anime":"The World Is Dancing","time":"2026-08-09T20:41:00-03:00","caller":"episodes.go:35","message":"Processing anime episodes"}
{"level":"info","anime":"Jaadugar: A Witch in Mongolia","time":"2026-08-09T20:41:00-03:00","caller":"episodes.go:35","message":"Processing anime episodes"}
{"level":"info","anime":"You and I Are Polar Opposites Season 2","time":"2026-08-09T20:41:00-03:00","caller":"episodes.go:35","message":"Processing anime episodes"}
{"level":"info","anime":"Smoking Behind the Supermarket with You","time":"2026-08-09T20:41:00-03:00","caller":"episodes.go:35","message":"Processing anime episodes"}
{"level":"info","anime":"THE GHOST IN THE SHELL","time":"2026-08-09T20:41:00-03:00","caller":"episodes.go:35","message":"Processing anime episodes"}
{"level":"info","anime":"KAIJU GIRL CARAMELISE","time":"2026-08-09T20:41:00-03:00","caller":"episodes.go:35","message":"Processing anime episodes"}
{"level":"info","anime":"Hanaori-san Still Wants to Fight in the Next Life","time":"2026-08-09T20:41:00-03:00","caller":"episodes.go:35","message":"Processing anime episodes"}
{"level":"info","anime":"The Cat and the Dragon","time":"2026-08-09T20:41:00-03:00","caller":"episodes.go:35","message":"Processing anime episodes"}
{"level":"info","anime":"The Insipid Prince's Furtive Grab for the Throne","time":"2026-08-09T20:41:00-03:00","caller":"episodes.go:35","message":"Processing anime episodes"}
{"level":"info","anime":"The Frontier Lord Begins with Zero Subjects","time":"2026-08-09T20:41:00-03:00","caller":"episodes.go:35","message":"Processing anime episodes"}
{"level":"info","anime":"A Livid Lady’s Guide to Getting Even: How I Crushed My Homeland with My Mighty Grimoires","time":"2026-08-09T20:41:00-03:00","caller":"episodes.go:35","message":"Processing anime episodes"}
{"level":"info","anime":"The Villager of Level 999","time":"2026-08-09T20:41:00-03:00","caller":"episodes.go:35","message":"Processing anime episodes"}
{"level":"info","anime":"I Became a Legend After My 10 Year-Long Last Stand","time":"2026-08-09T20:41:00-03:00","caller":"episodes.go:35","message":"Processing anime episodes"}
{"level":"info","anime":"BLACK TORCH","time":"2026-08-09T20:41:00-03:00","caller":"episodes.go:35","message":"Processing anime episodes"}
{"level":"info","anime":"I Want to Love You Till Your Dying Day","time":"2026-08-09T20:41:00-03:00","caller":"episodes.go:35","message":"Processing anime episodes"}
{"level":"info","anime":"Dara-san of the Reiwa Era","time":"2026-08-09T20:41:00-03:00","caller":"episodes.go:35","message":"Processing anime episodes"}
{"level":"info","anime":"Re:ZERO -Starting Life in Another World- Season 4","time":"2026-08-09T20:41:00-03:00","caller":"episodes.go:35","message":"Processing anime episodes"}
{"level":"info","anime":"The 100 Girlfriends Who Really, Really, Really, Really, REALLY Love You Season 3","time":"2026-08-09T20:41:00-03:00","caller":"episodes.go:35","message":"Processing anime episodes"}
{"level":"info","anime":"Love Unseen Beneath the Clear Night Sky","time":"2026-08-09T20:41:00-03:00","caller":"episodes.go:35","message":"Processing anime episodes"}
{"level":"info","animes_checked":24,"episodes_checked":310,"episodes_downloaded":0,"total_time":0.691614,"avg_time_per_episode":0.002231,"time":"2026-08-09T20:41:00-03:00","caller":"verification.go:315","message":"Verification completed"}
{"level":"info","usernames":["JediahSk","D4NIDx"],"animes_found":24,"time":"2026-08-09T20:51:02-03:00","caller":"verification.go:525","message":"Successfully fetched animes from Anilist"}
{"level":"info","anime":"Chainsmoker Cat","time":"2026-08-09T20:51:02-03:00","caller":"episodes.go:35","message":"Processing anime episodes"}
{"level":"info","anime":"Mushoku Tensei: Jobless Reincarnation Season 3","time":"2026-08-09T20:51:02-03:00","caller":"episodes.go:35","message":"Processing anime episodes"}
{"level":"info","anime":"From Old Country Bumpkin to Master Swordsman II","time":"2026-08-09T20:51:02-03:00","caller":"episodes.go:35","message":"Processing anime episodes"}
{"level":"info","anime":"Sparks of Tomorrow","time":"2026-08-09T20:51:02-03:00","caller":"episodes.go:35","message":"Processing anime episodes"}
{"level":"info","anime":"Jaadugar: A Witch in Mongolia","time":"2026-08-09T20:51:02-03:00","caller":"episodes.go:35","message":"Processing anime episodes"}
{"level":"info","anime":"You and I Are Polar Opposites Season 2","time":"2026-08-09T20:51:02-03:00","caller":"episodes.go:35","message":"Processing anime episodes"}
{"level":"info","anime":"KAIJU GIRL CARAMELISE","time":"2026-08-09T20:51:02-03:00","caller":"episodes.go:35","message":"Processing anime episodes"}
{"level":"info","anime":"Smoking Behind the Supermarket with You","time":"2026-08-09T20:51:02-03:00","caller":"episodes.go:35","message":"Processing anime episodes"}
{"level":"info","anime":"THE GHOST IN THE SHELL","time":"2026-08-09T20:51:02-03:00","caller":"episodes.go:35","message":"Processing anime episodes"}
{"level":"info","anime":"I Became a Legend After My 10 Year-Long Last Stand","time":"2026-08-09T20:51:02-03:00","caller":"episodes.go:35","message":"Processing anime episodes"}
{"level":"info","anime":"The 100 Girlfriends Who Really, Really, Really, Really, REALLY Love You Season 3","time":"2026-08-09T20:51:02-03:00","caller":"episodes.go:35","message":"Processing anime episodes"}
{"level":"info","anime":"The Villager of Level 999","time":"2026-08-09T20:51:02-03:00","caller":"episodes.go:35","message":"Processing anime episodes"}
{"level":"info","anime":"Hanaori-san Still Wants to Fight in the Next Life","time":"2026-08-09T20:51:02-03:00","caller":"episodes.go:35","message":"Processing anime episodes"}
{"level":"info","anime":"BLACK TORCH","time":"2026-08-09T20:51:02-03:00","caller":"episodes.go:35","message":"Processing anime episodes"}
{"level":"info","anime":"Dara-san of the Reiwa Era","time":"2026-08-09T20:51:02-03:00","caller":"episodes.go:35","message":"Processing anime episodes"}
{"level":"info","anime":"The World Is Dancing","time":"2026-08-09T20:51:02-03:00","caller":"episodes.go:35","message":"Processing anime episodes"}
{"level":"info","anime":"The Frontier Lord Begins with Zero Subjects","time":"2026-08-09T20:51:02-03:00","caller":"episodes.go:35","message":"Processing anime episodes"}
{"level":"info","anime":"Love Unseen Beneath the Clear Night Sky","time":"2026-08-09T20:51:02-03:00","caller":"episodes.go:35","message":"Processing anime episodes"}
{"level":"info","anime":"A Livid Lady’s Guide to Getting Even: How I Crushed My Homeland with My Mighty Grimoires","time":"2026-08-09T20:51:02-03:00","caller":"episodes.go:35","message":"Processing anime episodes"}
{"level":"info","anime":"I Want to Love You Till Your Dying Day","time":"2026-08-09T20:51:02-03:00","caller":"episodes.go:35","message":"Processing anime episodes"}
{"level":"info","anime":"Re:ZERO -Starting Life in Another World- Season 4","time":"2026-08-09T20:51:02-03:00","caller":"episodes.go:35","message":"Processing anime episodes"}
{"level":"info","anime":"Daemons of the Shadow Realm","time":"2026-08-09T20:51:02-03:00","caller":"episodes.go:35","message":"Processing anime episodes"}
{"level":"info","anime":"The Insipid Prince's Furtive Grab for the Throne","time":"2026-08-09T20:51:02-03:00","caller":"episodes.go:35","message":"Processing anime episodes"}
{"level":"info","anime":"The Cat and the Dragon","time":"2026-08-09T20:51:02-03:00","caller":"episodes.go:35","message":"Processing anime episodes"}
{"level":"info","animes_checked":24,"episodes_checked":310,"episodes_downloaded":0,"total_time":1.049819,"avg_time_per_episode":0.003386,"time":"2026-08-09T20:51:02-03:00","caller":"verification.go:315","message":"Verification completed"}
{"level":"info","usernames":["JediahSk","D4NIDx"],"animes_found":24,"time":"2026-08-09T21:01:04-03:00","caller":"verification.go:525","message":"Successfully fetched animes from Anilist"}
{"level":"info","anime":"Mushoku Tensei: Jobless Reincarnation Season 3","time":"2026-08-09T21:01:05-03:00","caller":"episodes.go:35","message":"Processing anime episodes"}
{"level":"info","anime":"I Became a Legend After My 10 Year-Long Last Stand","time":"2026-08-09T21:01:05-03:00","caller":"episodes.go:35","message":"Processing anime episodes"}
{"level":"info","anime":"The Villager of Level 999","time":"2026-08-09T21:01:05-03:00","caller":"episodes.go:35","message":"Processing anime episodes"}
{"level":"info","anime":"Daemons of the Shadow Realm","time":"2026-08-09T21:01:05-03:00","caller":"episodes.go:35","message":"Processing anime episodes"}
{"level":"info","anime":"Love Unseen Beneath the Clear Night Sky","time":"2026-08-09T21:01:05-03:00","caller":"episodes.go:35","message":"Processing anime episodes"}
{"level":"info","anime":"From Old Country Bumpkin to Master Swordsman II","time":"2026-08-09T21:01:05-03:00","caller":"episodes.go:35","message":"Processing anime episodes"}
{"level":"info","anime":"You and I Are Polar Opposites Season 2","time":"2026-08-09T21:01:05-03:00","caller":"episodes.go:35","message":"Processing anime episodes"}
{"level":"info","anime":"Smoking Behind the Supermarket with You","time":"2026-08-09T21:01:05-03:00","caller":"episodes.go:35","message":"Processing anime episodes"}
{"level":"info","anime":"The Frontier Lord Begins with Zero Subjects","time":"2026-08-09T21:01:05-03:00","caller":"episodes.go:35","message":"Processing anime episodes"}
{"level":"info","anime":"The Cat and the Dragon","time":"2026-08-09T21:01:05-03:00","caller":"episodes.go:35","message":"Processing anime episodes"}
{"level":"info","anime":"The Insipid Prince's Furtive Grab for the Throne","time":"2026-08-09T21:01:05-03:00","caller":"episodes.go:35","message":"Processing anime episodes"}
{"level":"info","anime":"A Livid Lady’s Guide to Getting Even: How I Crushed My Homeland with My Mighty Grimoires","time":"2026-08-09T21:01:05-03:00","caller":"episodes.go:35","message":"Processing anime episodes"}
{"level":"info","anime":"The 100 Girlfriends Who Really, Really, Really, Really, REALLY Love You Season 3","time":"2026-08-09T21:01:05-03:00","caller":"episodes.go:35","message":"Processing anime episodes"}
{"level":"info","anime":"KAIJU GIRL CARAMELISE","time":"2026-08-09T21:01:05-03:00","caller":"episodes.go:35","message":"Processing anime episodes"}
{"level":"info","anime":"Hanaori-san Still Wants to Fight in the Next Life","time":"2026-08-09T21:01:05-03:00","caller":"episodes.go:35","message":"Processing anime episodes"}
{"level":"info","anime":"Sparks of Tomorrow","time":"2026-08-09T21:01:05-03:00","caller":"episodes.go:35","message":"Processing anime episodes"}
{"level":"info","anime":"THE GHOST IN THE SHELL","time":"2026-08-09T21:01:05-03:00","caller":"episodes.go:35","message":"Processing anime episodes"}
{"level":"info","anime":"Dara-san of the Reiwa Era","time":"2026-08-09T21:01:05-03:00","caller":"episodes.go:35","message":"Processing anime episodes"}
{"level":"info","anime":"The World Is Dancing","time":"2026-08-09T21:01:05-03:00","caller":"episodes.go:35","message":"Processing anime episodes"}
{"level":"info","anime":"Chainsmoker Cat","time":"2026-08-09T21:01:05-03:00","caller":"episodes.go:35","message":"Processing anime episodes"}
{"level":"info","anime":"BLACK TORCH","time":"2026-08-09T21:01:05-03:00","caller":"episodes.go:35","message":"Processing anime episodes"}
{"level":"info","anime":"Jaadugar: A Witch in Mongolia","time":"2026-08-09T21:01:05-03:00","caller":"episodes.go:35","message":"Processing anime episodes"}
{"level":"info","anime":"I Want to Love You Till Your Dying Day","time":"2026-08-09T21:01:05-03:00","caller":"episodes.go:35","message":"Processing anime episodes"}
{"level":"info","anime":"Re:ZERO -Starting Life in Another World- Season 4","time":"2026-08-09T21:01:05-03:00","caller":"episodes.go:35","message":"Processing anime episodes"}
{"level":"info","animes_checked":24,"episodes_checked":310,"episodes_downloaded":0,"total_time":0.704466,"avg_time_per_episode":0.002272,"time":"2026-08-09T21:01:05-03:00","caller":"verification.go:315","message":"Verification completed"}
{"level":"info","usernames":["JediahSk","D4NIDx"],"animes_found":24,"time":"2026-08-09T21:11:06-03:00","caller":"verification.go:525","message":"Successfully fetched animes from Anilist"}
{"level":"info","anime":"Daemons of the Shadow Realm","time":"2026-08-09T21:11:07-03:00","caller":"episodes.go:35","message":"Processing anime episodes"}
{"level":"info","anime":"The Insipid Prince's Furtive Grab for the Throne","time":"2026-08-09T21:11:07-03:00","caller":"episodes.go:35","message":"Processing anime episodes"}
{"level":"info","anime":"The Frontier Lord Begins with Zero Subjects","time":"2026-08-09T21:11:07-03:00","caller":"episodes.go:35","message":"Processing anime episodes"}
{"level":"info","anime":"BLACK TORCH","time":"2026-08-09T21:11:07-03:00","caller":"episodes.go:35","message":"Processing anime episodes"}
{"level":"info","anime":"Hanaori-san Still Wants to Fight in the Next Life","time":"2026-08-09T21:11:07-03:00","caller":"episodes.go:35","message":"Processing anime episodes"}
{"level":"info","anime":"Dara-san of the Reiwa Era","time":"2026-08-09T21:11:07-03:00","caller":"episodes.go:35","message":"Processing anime episodes"}
{"level":"info","anime":"Jaadugar: A Witch in Mongolia","time":"2026-08-09T21:11:07-03:00","caller":"episodes.go:35","message":"Processing anime episodes"}
{"level":"info","anime":"From Old Country Bumpkin to Master Swordsman II","time":"2026-08-09T21:11:07-03:00","caller":"episodes.go:35","message":"Processing anime episodes"}
{"level":"info","anime":"The 100 Girlfriends Who Really, Really, Really, Really, REALLY Love You Season 3","time":"2026-08-09T21:11:07-03:00","caller":"episodes.go:35","message":"Processing anime episodes"}
{"level":"info","anime":"The Villager of Level 999","time":"2026-08-09T21:11:07-03:00","caller":"episodes.go:35","message":"Processing anime episodes"}
{"level":"info","anime":"A Livid Lady’s Guide to Getting Even: How I Crushed My Homeland with My Mighty Grimoires","time":"2026-08-09T21:11:07-03:00","caller":"episodes.go:35","message":"Processing anime episodes"}
{"level":"info","anime":"I Became a Legend After My 10 Year-Long Last Stand","time":"2026-08-09T21:11:07-03:00","caller":"episodes.go:35","message":"Processing anime episodes"}
{"level":"info","anime":"Chainsmoker Cat","time":"2026-08-09T21:11:07-03:00","caller":"episodes.go:35","message":"Processing anime episodes"}
{"level":"info","anime":"The Cat and the Dragon","time":"2026-08-09T21:11:07-03:00","caller":"episodes.go:35","message":"Processing anime episodes"}
{"level":"info","anime":"Love Unseen Beneath the Clear Night Sky","time":"2026-08-09T21:11:07-03:00","caller":"episodes.go:35","message":"Processing anime episodes"}
{"level":"info","anime":"I Want to Love You Till Your Dying Day","time":"2026-08-09T21:11:07-03:00","caller":"episodes.go:35","message":"Processing anime episodes"}
{"level":"info","anime":"KAIJU GIRL CARAMELISE","time":"2026-08-09T21:11:07-03:00","caller":"episodes.go:35","message":"Processing anime episodes"}
{"level":"info","anime":"Smoking Behind the Supermarket with You","time":"2026-08-09T21:11:07-03:00","caller":"episodes.go:35","message":"Processing anime episodes"}
{"level":"info","anime":"Mushoku Tensei: Jobless Reincarnation Season 3","time":"2026-08-09T21:11:07-03:00","caller":"episodes.go:35","message":"Processing anime episodes"}
{"level":"info","anime":"THE GHOST IN THE SHELL","time":"2026-08-09T21:11:07-03:00","caller":"episodes.go:35","message":"Processing anime episodes"}
{"level":"info","anime":"Re:ZERO -Starting Life in Another World- Season 4","time":"2026-08-09T21:11:07-03:00","caller":"episodes.go:35","message":"Processing anime episodes"}
{"level":"info","anime":"You and I Are Polar Opposites Season 2","time":"2026-08-09T21:11:07-03:00","caller":"episodes.go:35","message":"Processing anime episodes"}
{"level":"info","anime":"Sparks of Tomorrow","time":"2026-08-09T21:11:07-03:00","caller":"episodes.go:35","message":"Processing anime episodes"}
{"level":"info","anime":"The World Is Dancing","time":"2026-08-09T21:11:07-03:00","caller":"episodes.go:35","message":"Processing anime episodes"}
{"level":"info","animes_checked":24,"episodes_checked":310,"episodes_downloaded":0,"total_time":1.069542,"avg_time_per_episode":0.00345,"time":"2026-08-09T21:11:07-03:00","caller":"verification.go:315","message":"Verification completed"}
{"level":"info","usernames":["JediahSk","D4NIDx"],"animes_found":24,"time":"2026-08-09T21:21:08-03:00","caller":"verification.go:525","message":"Successfully fetched animes from Anilist"}
{"level":"info","anime":"Daemons of the Shadow Realm","time":"2026-08-09T21:21:08-03:00","caller":"episodes.go:35","message":"Processing anime episodes"}
{"level":"info","anime":"Smoking Behind the Supermarket with You","time":"2026-08-09T21:21:08-03:00","caller":"episodes.go:35","message":"Processing anime episodes"}
{"level":"info","anime":"A Livid Lady’s Guide to Getting Even: How I Crushed My Homeland with My Mighty Grimoires","time":"2026-08-09T21:21:08-03:00","caller":"episodes.go:35","message":"Processing anime episodes"}
{"level":"info","anime":"Sparks of Tomorrow","time":"2026-08-09T21:21:08-03:00","caller":"episodes.go:35","message":"Processing anime episodes"}
{"level":"info","anime":"KAIJU GIRL CARAMELISE","time":"2026-08-09T21:21:08-03:00","caller":"episodes.go:35","message":"Processing anime episodes"}
{"level":"info","anime":"You and I Are Polar Opposites Season 2","time":"2026-08-09T21:21:08-03:00","caller":"episodes.go:35","message":"Processing anime episodes"}
{"level":"info","anime":"The 100 Girlfriends Who Really, Really, Really, Really, REALLY Love You Season 3","time":"2026-08-09T21:21:08-03:00","caller":"episodes.go:35","message":"Processing anime episodes"}
{"level":"info","anime":"From Old Country Bumpkin to Master Swordsman II","time":"2026-08-09T21:21:08-03:00","caller":"episodes.go:35","message":"Processing anime episodes"}
{"level":"info","anime":"Jaadugar: A Witch in Mongolia","time":"2026-08-09T21:21:08-03:00","caller":"episodes.go:35","message":"Processing anime episodes"}
{"level":"info","anime":"The World Is Dancing","time":"2026-08-09T21:21:08-03:00","caller":"episodes.go:35","message":"Processing anime episodes"}
{"level":"info","anime":"Chainsmoker Cat","time":"2026-08-09T21:21:08-03:00","caller":"episodes.go:35","message":"Processing anime episodes"}
{"level":"info","anime":"The Villager of Level 999","time":"2026-08-09T21:21:08-03:00","caller":"episodes.go:35","message":"Processing anime episodes"}
{"level":"info","anime":"The Cat and the Dragon","time":"2026-08-09T21:21:08-03:00","caller":"episodes.go:35","message":"Processing anime episodes"}
{"level":"info","anime":"I Became a Legend After My 10 Year-Long Last Stand","time":"2026-08-09T21:21:08-03:00","caller":"episodes.go:35","message":"Processing anime episodes"}
{"level":"info","anime":"Love Unseen Beneath the Clear Night Sky","time":"2026-08-09T21:21:08-03:00","caller":"episodes.go:35","message":"Processing anime episodes"}
{"level":"info","anime":"THE GHOST IN THE SHELL","time":"2026-08-09T21:21:08-03:00","caller":"episodes.go:35","message":"Processing anime episodes"}
{"level":"info","anime":"The Insipid Prince's Furtive Grab for the Throne","time":"2026-08-09T21:21:08-03:00","caller":"episodes.go:35","message":"Processing anime episodes"}
{"level":"info","anime":"The Frontier Lord Begins with Zero Subjects","time":"2026-08-09T21:21:08-03:00","caller":"episodes.go:35","message":"Processing anime episodes"}
{"level":"info","anime":"Mushoku Tensei: Jobless Reincarnation Season 3","time":"2026-08-09T21:21:08-03:00","caller":"episodes.go:35","message":"Processing anime episodes"}
{"level":"info","anime":"Hanaori-san Still Wants to Fight in the Next Life","time":"2026-08-09T21:21:08-03:00","caller":"episodes.go:35","message":"Processing anime episodes"}
{"level":"info","anime":"I Want to Love You Till Your Dying Day","time":"2026-08-09T21:21:08-03:00","caller":"episodes.go:35","message":"Processing anime episodes"}
{"level":"info","anime":"Re:ZERO -Starting Life in Another World- Season 4","time":"2026-08-09T21:21:08-03:00","caller":"episodes.go:35","message":"Processing anime episodes"}
{"level":"info","anime":"Dara-san of the Reiwa Era","time":"2026-08-09T21:21:08-03:00","caller":"episodes.go:35","message":"Processing anime episodes"}
{"level":"info","anime":"BLACK TORCH","time":"2026-08-09T21:21:08-03:00","caller":"episodes.go:35","message":"Processing anime episodes"}
{"level":"info","animes_checked":24,"episodes_checked":310,"episodes_downloaded":0,"total_time":0.70817,"avg_time_per_episode":0.002284,"time":"2026-08-09T21:21:08-03:00","caller":"verification.go:315","message":"Verification completed"}
{"level":"info","usernames":["JediahSk","D4NIDx"],"animes_found":24,"time":"2026-08-09T21:31:10-03:00","caller":"verification.go:525","message":"Successfully fetched animes from Anilist"}
{"level":"info","anime":"Mushoku Tensei: Jobless Reincarnation Season 3","time":"2026-08-09T21:31:11-03:00","caller":"episodes.go:35","message":"Processing anime episodes"}
{"level":"info","anime":"Daemons of the Shadow Realm","time":"2026-08-09T21:31:11-03:00","caller":"episodes.go:35","message":"Processing anime episodes"}
{"level":"info","anime":"You and I Are Polar Opposites Season 2","time":"2026-08-09T21:31:11-03:00","caller":"episodes.go:35","message":"Processing anime episodes"}
{"level":"info","anime":"The Villager of Level 999","time":"2026-08-09T21:31:11-03:00","caller":"episodes.go:35","message":"Processing anime episodes"}
{"level":"info","anime":"Sparks of Tomorrow","time":"2026-08-09T21:31:11-03:00","caller":"episodes.go:35","message":"Processing anime episodes"}
{"level":"info","anime":"Jaadugar: A Witch in Mongolia","time":"2026-08-09T21:31:11-03:00","caller":"episodes.go:35","message":"Processing anime episodes"}
{"level":"info","anime":"A Livid Lady’s Guide to Getting Even: How I Crushed My Homeland with My Mighty Grimoires","time":"2026-08-09T21:31:11-03:00","caller":"episodes.go:35","message":"Processing anime episodes"}
{"level":"info","anime":"I Became a Legend After My 10 Year-Long Last Stand","time":"2026-08-09T21:31:11-03:00","caller":"episodes.go:35","message":"Processing anime episodes"}
{"level":"info","anime":"Love Unseen Beneath the Clear Night Sky","time":"2026-08-09T21:31:11-03:00","caller":"episodes.go:35","message":"Processing anime episodes"}
{"level":"info","anime":"The Cat and the Dragon","time":"2026-08-09T21:31:11-03:00","caller":"episodes.go:35","message":"Processing anime episodes"}
{"level":"info","anime":"Smoking Behind the Supermarket with You","time":"2026-08-09T21:31:11-03:00","caller":"episodes.go:35","message":"Processing anime episodes"}
{"level":"info","anime":"The Insipid Prince's Furtive Grab for the Throne","time":"2026-08-09T21:31:11-03:00","caller":"episodes.go:35","message":"Processing anime episodes"}
{"level":"info","anime":"The Frontier Lord Begins with Zero Subjects","time":"2026-08-09T21:31:11-03:00","caller":"episodes.go:35","message":"Processing anime episodes"}
{"level":"info","anime":"The 100 Girlfriends Who Really, Really, Really, Really, REALLY Love You Season 3","time":"2026-08-09T21:31:11-03:00","caller":"episodes.go:35","message":"Processing anime episodes"}
{"level":"info","anime":"From Old Country Bumpkin to Master Swordsman II","time":"2026-08-09T21:31:11-03:00","caller":"episodes.go:35","message":"Processing anime episodes"}
{"level":"info","anime":"The World Is Dancing","time":"2026-08-09T21:31:11-03:00","caller":"episodes.go:35","message":"Processing anime episodes"}
{"level":"info","anime":"I Want to Love You Till Your Dying Day","time":"2026-08-09T21:31:11-03:00","caller":"episodes.go:35","message":"Processing anime episodes"}
{"level":"info","anime":"Chainsmoker Cat","time":"2026-08-09T21:31:11-03:00","caller":"episodes.go:35","message":"Processing anime episodes"}
{"level":"info","anime":"Re:ZERO -Starting Life in Another World- Season 4","time":"2026-08-09T21:31:11-03:00","caller":"episodes.go:35","message":"Processing anime episodes"}
{"level":"info","anime":"Hanaori-san Still Wants to Fight in the Next Life","time":"2026-08-09T21:31:11-03:00","caller":"episodes.go:35","message":"Processing anime episodes"}
{"level":"info","anime":"Dara-san of the Reiwa Era","time":"2026-08-09T21:31:11-03:00","caller":"episodes.go:35","message":"Processing anime episodes"}
{"level":"info","anime":"BLACK TORCH","time":"2026-08-09T21:31:11-03:00","caller":"episodes.go:35","message":"Processing anime episodes"}
{"level":"info","anime":"THE GHOST IN THE SHELL","time":"2026-08-09T21:31:11-03:00","caller":"episodes.go:35","message":"Processing anime episodes"}
{"level":"info","anime":"KAIJU GIRL CARAMELISE","time":"2026-08-09T21:31:11-03:00","caller":"episodes.go:35","message":"Processing anime episodes"}
{"level":"info","animes_checked":24,"episodes_checked":310,"episodes_downloaded":0,"total_time":0.868559,"avg_time_per_episode":0.002801,"time":"2026-08-09T21:31:11-03:00","caller":"verification.go:315","message":"Verification completed"}
{"level":"info","usernames":["JediahSk","D4NIDx"],"animes_found":24,"time":"2026-08-09T21:41:12-03:00","caller":"verification.go:525","message":"Successfully fetched animes from Anilist"}
{"level":"info","anime":"The Villager of Level 999","time":"2026-08-09T21:41:13-03:00","caller":"episodes.go:35","message":"Processing anime episodes"}
{"level":"info","anime":"Mushoku Tensei: Jobless Reincarnation Season 3","time":"2026-08-09T21:41:13-03:00","caller":"episodes.go:35","message":"Processing anime episodes"}
{"level":"info","anime":"From Old Country Bumpkin to Master Swordsman II","time":"2026-08-09T21:41:13-03:00","caller":"episodes.go:35","message":"Processing anime episodes"}
{"level":"info","anime":"The 100 Girlfriends Who Really, Really, Really, Really, REALLY Love You Season 3","time":"2026-08-09T21:41:13-03:00","caller":"episodes.go:35","message":"Processing anime episodes"}
{"level":"info","anime":"The World Is Dancing","time":"2026-08-09T21:41:13-03:00","caller":"episodes.go:35","message":"Processing anime episodes"}
{"level":"info","anime":"Chainsmoker Cat","time":"2026-08-09T21:41:13-03:00","caller":"episodes.go:35","message":"Processing anime episodes"}
{"level":"info","anime":"Jaadugar: A Witch in Mongolia","time":"2026-08-09T21:41:13-03:00","caller":"episodes.go:35","message":"Processing anime episodes"}
{"level":"info","anime":"You and I Are Polar Opposites Season 2","time":"2026-08-09T21:41:13-03:00","caller":"episodes.go:35","message":"Processing anime episodes"}
{"level":"info","anime":"Smoking Behind the Supermarket with You","time":"2026-08-09T21:41:13-03:00","caller":"episodes.go:35","message":"Processing anime episodes"}
{"level":"info","anime":"Sparks of Tomorrow","time":"2026-08-09T21:41:13-03:00","caller":"episodes.go:35","message":"Processing anime episodes"}
{"level":"info","anime":"KAIJU GIRL CARAMELISE","time":"2026-08-09T21:41:13-03:00","caller":"episodes.go:35","message":"Processing anime episodes"}
{"level":"info","anime":"THE GHOST IN THE SHELL","time":"2026-08-09T21:41:13-03:00","caller":"episodes.go:35","message":"Processing anime episodes"}
{"level":"info","anime":"A Livid Lady’s Guide to Getting Even: How I Crushed My Homeland with My Mighty Grimoires","time":"2026-08-09T21:41:13-03:00","caller":"episodes.go:35","message":"Processing anime episodes"}
{"level":"info","anime":"I Became a Legend After My 10 Year-Long Last Stand","time":"2026-08-09T21:41:13-03:00","caller":"episodes.go:35","message":"Processing anime episodes"}
{"level":"info","anime":"Love Unseen Beneath the Clear Night Sky","time":"2026-08-09T21:41:13-03:00","caller":"episodes.go:35","message":"Processing anime episodes"}
{"level":"info","anime":"The Cat and the Dragon","time":"2026-08-09T21:41:13-03:00","caller":"episodes.go:35","message":"Processing anime episodes"}
{"level":"info","anime":"The Insipid Prince's Furtive Grab for the Throne","time":"2026-08-09T21:41:13-03:00","caller":"episodes.go:35","message":"Processing anime episodes"}
{"level":"info","anime":"The Frontier Lord Begins with Zero Subjects","time":"2026-08-09T21:41:13-03:00","caller":"episodes.go:35","message":"Processing anime episodes"}
{"level":"info","anime":"BLACK TORCH","time":"2026-08-09T21:41:13-03:00","caller":"episodes.go:35","message":"Processing anime episodes"}
{"level":"info","anime":"Hanaori-san Still Wants to Fight in the Next Life","time":"2026-08-09T21:41:13-03:00","caller":"episodes.go:35","message":"Processing anime episodes"}
{"level":"info","anime":"Dara-san of the Reiwa Era","time":"2026-08-09T21:41:13-03:00","caller":"episodes.go:35","message":"Processing anime episodes"}
{"level":"info","anime":"I Want to Love You Till Your Dying Day","time":"2026-08-09T21:41:13-03:00","caller":"episodes.go:35","message":"Processing anime episodes"}
{"level":"info","anime":"Re:ZERO -Starting Life in Another World- Season 4","time":"2026-08-09T21:41:13-03:00","caller":"episodes.go:35","message":"Processing anime episodes"}
{"level":"info","anime":"Daemons of the Shadow Realm","time":"2026-08-09T21:41:13-03:00","caller":"episodes.go:35","message":"Processing anime episodes"}
{"level":"info","animes_checked":24,"episodes_checked":310,"episodes_downloaded":0,"total_time":2.556955,"avg_time_per_episode":0.008248,"time":"2026-08-09T21:41:13-03:00","caller":"verification.go:315","message":"Verification completed"}
{"level":"info","usernames":["JediahSk","D4NIDx"],"animes_found":24,"time":"2026-08-09T21:51:14-03:00","caller":"verification.go:525","message":"Successfully fetched animes from Anilist"}
{"level":"info","anime":"I Became a Legend After My 10 Year-Long Last Stand","time":"2026-08-09T21:51:14-03:00","caller":"episodes.go:35","message":"Processing anime episodes"}
{"level":"info","anime":"KAIJU GIRL CARAMELISE","time":"2026-08-09T21:51:14-03:00","caller":"episodes.go:35","message":"Processing anime episodes"}
{"level":"info","anime":"Mushoku Tensei: Jobless Reincarnation Season 3","time":"2026-08-09T21:51:14-03:00","caller":"episodes.go:35","message":"Processing anime episodes"}
{"level":"info","anime":"From Old Country Bumpkin to Master Swordsman II","time":"2026-08-09T21:51:14-03:00","caller":"episodes.go:35","message":"Processing anime episodes"}
{"level":"info","anime":"The 100 Girlfriends Who Really, Really, Really, Really, REALLY Love You Season 3","time":"2026-08-09T21:51:14-03:00","caller":"episodes.go:35","message":"Processing anime episodes"}
{"level":"info","anime":"The World Is Dancing","time":"2026-08-09T21:51:14-03:00","caller":"episodes.go:35","message":"Processing anime episodes"}
{"level":"info","anime":"Chainsmoker Cat","time":"2026-08-09T21:51:14-03:00","caller":"episodes.go:35","message":"Processing anime episodes"}
{"level":"info","anime":"Jaadugar: A Witch in Mongolia","time":"2026-08-09T21:51:14-03:00","caller":"episodes.go:35","message":"Processing anime episodes"}
{"level":"info","anime":"You and I Are Polar Opposites Season 2","time":"2026-08-09T21:51:14-03:00","caller":"episodes.go:35","message":"Processing anime episodes"}
{"level":"info","anime":"Smoking Behind the Supermarket with You","time":"2026-08-09T21:51:14-03:00","caller":"episodes.go:35","message":"Processing anime episodes"}
{"level":"info","anime":"Sparks of Tomorrow","time":"2026-08-09T21:51:14-03:00","caller":"episodes.go:35","message":"Processing anime episodes"}
{"level":"info","anime":"A Livid Lady’s Guide to Getting Even: How I Crushed My Homeland with My Mighty Grimoires","time":"2026-08-09T21:51:14-03:00","caller":"episodes.go:35","message":"Processing anime episodes"}
{"level":"info","anime":"Daemons of the Shadow Realm","time":"2026-08-09T21:51:14-03:00","caller":"episodes.go:35","message":"Processing anime episodes"}
{"level":"info","anime":"The Villager of Level 999","time":"2026-08-09T21:51:14-03:00","caller":"episodes.go:35","message":"Processing anime episodes"}
{"level":"info","anime":"THE GHOST IN THE SHELL","time":"2026-08-09T21:51:14-03:00","caller":"episodes.go:35","message":"Processing anime episodes"}
{"level":"info","anime":"The Cat and the Dragon","time":"2026-08-09T21:51:14-03:00","caller":"episodes.go:35","message":"Processing anime episodes"}
{"level":"info","anime":"BLACK TORCH","time":"2026-08-09T21:51:14-03:00","caller":"episodes.go:35","message":"Processing anime episodes"}
{"level":"info","anime":"Hanaori-san Still Wants to Fight in the Next Life","time":"2026-08-09T21:51:14-03:00","caller":"episodes.go:35","message":"Processing anime episodes"}
{"level":"info","anime":"Dara-san of the Reiwa Era","time":"2026-08-09T21:51:14-03:00","caller":"episodes.go:35","message":"Processing anime episodes"}
{"level":"info","anime":"I Want to Love You Till Your Dying Day","time":"2026-08-09T21:51:14-03:00","caller":"episodes.go:35","message":"Processing anime episodes"}
{"level":"info","anime":"Re:ZERO -Starting Life in Another World- Season 4","time":"2026-08-09T21:51:14-03:00","caller":"episodes.go:35","message":"Processing anime episodes"}
{"level":"info","anime":"The Insipid Prince's Furtive Grab for the Throne","time":"2026-08-09T21:51:14-03:00","caller":"episodes.go:35","message":"Processing anime episodes"}
{"level":"info","anime":"The Frontier Lord Begins with Zero Subjects","time":"2026-08-09T21:51:14-03:00","caller":"episodes.go:35","message":"Processing anime episodes"}
{"level":"info","anime":"Love Unseen Beneath the Clear Night Sky","time":"2026-08-09T21:51:14-03:00","caller":"episodes.go:35","message":"Processing anime episodes"}
{"level":"info","animes_checked":24,"episodes_checked":310,"episodes_downloaded":0,"total_time":4.345129,"avg_time_per_episode":0.014016,"time":"2026-08-09T21:51:14-03:00","caller":"verification.go:315","message":"Verification completed"}
{"level":"info","usernames":["JediahSk","D4NIDx"],"animes_found":24,"time":"2026-08-09T22:01:16-03:00","caller":"verification.go:525","message":"Successfully fetched animes from Anilist"}
{"level":"info","anime":"Mushoku Tensei: Jobless Reincarnation Season 3","time":"2026-08-09T22:01:16-03:00","caller":"episodes.go:35","message":"Processing anime episodes"}
{"level":"info","anime":"Chainsmoker Cat","time":"2026-08-09T22:01:16-03:00","caller":"episodes.go:35","message":"Processing anime episodes"}
{"level":"info","anime":"Jaadugar: A Witch in Mongolia","time":"2026-08-09T22:01:16-03:00","caller":"episodes.go:35","message":"Processing anime episodes"}
{"level":"info","anime":"THE GHOST IN THE SHELL","time":"2026-08-09T22:01:16-03:00","caller":"episodes.go:35","message":"Processing anime episodes"}
{"level":"info","anime":"You and I Are Polar Opposites Season 2","time":"2026-08-09T22:01:16-03:00","caller":"episodes.go:35","message":"Processing anime episodes"}
{"level":"info","anime":"Smoking Behind the Supermarket with You","time":"2026-08-09T22:01:16-03:00","caller":"episodes.go:35","message":"Processing anime episodes"}
{"level":"info","anime":"Sparks of Tomorrow","time":"2026-08-09T22:01:16-03:00","caller":"episodes.go:35","message":"Processing anime episodes"}
{"level":"info","anime":"KAIJU GIRL CARAMELISE","time":"2026-08-09T22:01:16-03:00","caller":"episodes.go:35","message":"Processing anime episodes"}
{"level":"info","anime":"The Frontier Lord Begins with Zero Subjects","time":"2026-08-09T22:01:16-03:00","caller":"episodes.go:35","message":"Processing anime episodes"}
{"level":"info","anime":"A Livid Lady’s Guide to Getting Even: How I Crushed My Homeland with My Mighty Grimoires","time":"2026-08-09T22:01:16-03:00","caller":"episodes.go:35","message":"Processing anime episodes"}
{"level":"info","anime":"The Villager of Level 999","time":"2026-08-09T22:01:16-03:00","caller":"episodes.go:35","message":"Processing anime episodes"}
{"level":"info","anime":"Hanaori-san Still Wants to Fight in the Next Life","time":"2026-08-09T22:01:16-03:00","caller":"episodes.go:35","message":"Processing anime episodes"}
{"level":"info","anime":"I Became a Legend After My 10 Year-Long Last Stand","time":"2026-08-09T22:01:16-03:00","caller":"episodes.go:35","message":"Processing anime episodes"}
{"level":"info","anime":"Dara-san of the Reiwa Era","time":"2026-08-09T22:01:16-03:00","caller":"episodes.go:35","message":"Processing anime episodes"}
{"level":"info","anime":"Love Unseen Beneath the Clear Night Sky","time":"2026-08-09T22:01:16-03:00","caller":"episodes.go:35","message":"Processing anime episodes"}
{"level":"info","anime":"BLACK TORCH","time":"2026-08-09T22:01:16-03:00","caller":"episodes.go:35","message":"Processing anime episodes"}
{"level":"info","anime":"I Want to Love You Till Your Dying Day","time":"2026-08-09T22:01:16-03:00","caller":"episodes.go:35","message":"Processing anime episodes"}
{"level":"info","anime":"Re:ZERO -Starting Life in Another World- Season 4","time":"2026-08-09T22:01:16-03:00","caller":"episodes.go:35","message":"Processing anime episodes"}
{"level":"info","anime":"The 100 Girlfriends Who Really, Really, Really, Really, REALLY Love You Season 3","time":"2026-08-09T22:01:16-03:00","caller":"episodes.go:35","message":"Processing anime episodes"}
{"level":"info","anime":"The World Is Dancing","time":"2026-08-09T22:01:16-03:00","caller":"episodes.go:35","message":"Processing anime episodes"}
{"level":"info","anime":"The Insipid Prince's Furtive Grab for the Throne","time":"2026-08-09T22:01:16-03:00","caller":"episodes.go:35","message":"Processing anime episodes"}
{"level":"info","anime":"The Cat and the Dragon","time":"2026-08-09T22:01:16-03:00","caller":"episodes.go:35","message":"Processing anime episodes"}
{"level":"info","anime":"Daemons of the Shadow Realm","time":"2026-08-09T22:01:16-03:00","caller":"episodes.go:35","message":"Processing anime episodes"}
{"level":"info","anime":"From Old Country Bumpkin to Master Swordsman II","time":"2026-08-09T22:01:16-03:00","caller":"episodes.go:35","message":"Processing anime episodes"}
{"level":"info","animes_checked":24,"episodes_checked":310,"episodes_downloaded":0,"total_time":0.739114,"avg_time_per_episode":0.002384,"time":"2026-08-09T22:01:16-03:00","caller":"verification.go:315","message":"Verification completed"}
{"level":"info","usernames":["JediahSk","D4NIDx"],"animes_found":24,"time":"2026-08-09T22:11:18-03:00","caller":"verification.go:525","message":"Successfully fetched animes from Anilist"}
{"level":"info","anime":"Mushoku Tensei: Jobless Reincarnation Season 3","time":"2026-08-09T22:11:18-03:00","caller":"episodes.go:35","message":"Processing anime episodes"}
{"level":"info","anime":"The World Is Dancing","time":"2026-08-09T22:11:18-03:00","caller":"episodes.go:35","message":"Processing anime episodes"}
{"level":"info","anime":"THE GHOST IN THE SHELL","time":"2026-08-09T22:11:18-03:00","caller":"episodes.go:35","message":"Processing anime episodes"}
{"level":"info","anime":"Daemons of the Shadow Realm","time":"2026-08-09T22:11:18-03:00","caller":"episodes.go:35","message":"Processing anime episodes"}
{"level":"info","anime":"From Old Country Bumpkin to Master Swordsman II","time":"2026-08-09T22:11:18-03:00","caller":"episodes.go:35","message":"Processing anime episodes"}
{"level":"info","anime":"Jaadugar: A Witch in Mongolia","time":"2026-08-09T22:11:18-03:00","caller":"episodes.go:35","message":"Processing anime episodes"}
{"level":"info","anime":"Chainsmoker Cat","time":"2026-08-09T22:11:18-03:00","caller":"episodes.go:35","message":"Processing anime episodes"}
{"level":"info","anime":"KAIJU GIRL CARAMELISE","time":"2026-08-09T22:11:18-03:00","caller":"episodes.go:35","message":"Processing anime episodes"}
{"level":"info","anime":"You and I Are Polar Opposites Season 2","time":"2026-08-09T22:11:18-03:00","caller":"episodes.go:35","message":"Processing anime episodes"}
{"level":"info","anime":"The Villager of Level 999","time":"2026-08-09T22:11:18-03:00","caller":"episodes.go:35","message":"Processing anime episodes"}
{"level":"info","anime":"Hanaori-san Still Wants to Fight in the Next Life","time":"2026-08-09T22:11:18-03:00","caller":"episodes.go:35","message":"Processing anime episodes"}
{"level":"info","anime":"A Livid Lady’s Guide to Getting Even: How I Crushed My Homeland with My Mighty Grimoires","time":"2026-08-09T22:11:18-03:00","caller":"episodes.go:35","message":"Processing anime episodes"}
{"level":"info","anime":"Dara-san of the Reiwa Era","time":"2026-08-09T22:11:18-03:00","caller":"episodes.go:35","message":"Processing anime episodes"}
{"level":"info","anime":"I Became a Legend After My 10 Year-Long Last Stand","time":"2026-08-09T22:11:18-03:00","caller":"episodes.go:35","message":"Processing anime episodes"}
{"level":"info","anime":"BLACK TORCH","time":"2026-08-09T22:11:18-03:00","caller":"episodes.go:35","message":"Processing anime episodes"}
{"level":"info","anime":"Love Unseen Beneath the Clear Night Sky","time":"2026-08-09T22:11:18-03:00","caller":"episodes.go:35","message":"Processing anime episodes"}
{"level":"info","anime":"I Want to Love You Till Your Dying Day","time":"2026-08-09T22:11:18-03:00","caller":"episodes.go:35","message":"Processing anime episodes"}
{"level":"info","anime":"Smoking Behind the Supermarket with You","time":"2026-08-09T22:11:18-03:00","caller":"episodes.go:35","message":"Processing anime episodes"}
{"level":"info","anime":"Re:ZERO -Starting Life in Another World- Season 4","time":"2026-08-09T22:11:18-03:00","caller":"episodes.go:35","message":"Processing anime episodes"}
{"level":"info","anime":"The Insipid Prince's Furtive Grab for the Throne","time":"2026-08-09T22:11:18-03:00","caller":"episodes.go:35","message":"Processing anime episodes"}
{"level":"info","anime":"The Cat and the Dragon","time":"2026-08-09T22:11:18-03:00","caller":"episodes.go:35","message":"Processing anime episodes"}
{"level":"info","anime":"The Frontier Lord Begins with Zero Subjects","time":"2026-08-09T22:11:18-03:00","caller":"episodes.go:35","message":"Processing anime episodes"}
{"level":"info","anime":"The 100 Girlfriends Who Really, Really, Really, Really, REALLY Love You Season 3","time":"2026-08-09T22:11:18-03:00","caller":"episodes.go:35","message":"Processing anime episodes"}
{"level":"info","anime":"Sparks of Tomorrow","time":"2026-08-09T22:11:18-03:00","caller":"episodes.go:35","message":"Processing anime episodes"}
{"level":"info","animes_checked":24,"episodes_checked":310,"episodes_downloaded":0,"total_time":0.697095,"avg_time_per_episode":0.002248,"time":"2026-08-09T22:11:18-03:00","caller":"verification.go:315","message":"Verification completed"}
{"level":"info","usernames":["JediahSk","D4NIDx"],"animes_found":24,"time":"2026-08-09T22:21:20-03:00","caller":"verification.go:525","message":"Successfully fetched animes from Anilist"}
{"level":"info","anime":"From Old Country Bumpkin to Master Swordsman II","time":"2026-08-09T22:21:20-03:00","caller":"episodes.go:35","message":"Processing anime episodes"}
{"level":"info","anime":"Mushoku Tensei: Jobless Reincarnation Season 3","time":"2026-08-09T22:21:20-03:00","caller":"episodes.go:35","message":"Processing anime episodes"}
{"level":"info","anime":"Smoking Behind the Supermarket with You","time":"2026-08-09T22:21:20-03:00","caller":"episodes.go:35","message":"Processing anime episodes"}
{"level":"info","anime":"The World Is Dancing","time":"2026-08-09T22:21:20-03:00","caller":"episodes.go:35","message":"Processing anime episodes"}
{"level":"info","anime":"The 100 Girlfriends Who Really, Really, Really, Really, REALLY Love You Season 3","time":"2026-08-09T22:21:20-03:00","caller":"episodes.go:35","message":"Processing anime episodes"}
{"level":"info","anime":"Jaadugar: A Witch in Mongolia","time":"2026-08-09T22:21:20-03:00","caller":"episodes.go:35","message":"Processing anime episodes"}
{"level":"info","anime":"You and I Are Polar Opposites Season 2","time":"2026-08-09T22:21:20-03:00","caller":"episodes.go:35","message":"Processing anime episodes"}
{"level":"info","anime":"A Livid Lady’s Guide to Getting Even: How I Crushed My Homeland with My Mighty Grimoires","time":"2026-08-09T22:21:20-03:00","caller":"episodes.go:35","message":"Processing anime episodes"}
{"level":"info","anime":"Love Unseen Beneath the Clear Night Sky","time":"2026-08-09T22:21:20-03:00","caller":"episodes.go:35","message":"Processing anime episodes"}
{"level":"info","anime":"The Cat and the Dragon","time":"2026-08-09T22:21:20-03:00","caller":"episodes.go:35","message":"Processing anime episodes"}
{"level":"info","anime":"Sparks of Tomorrow","time":"2026-08-09T22:21:20-03:00","caller":"episodes.go:35","message":"Processing anime episodes"}
{"level":"info","anime":"The Insipid Prince's Furtive Grab for the Throne","time":"2026-08-09T22:21:20-03:00","caller":"episodes.go:35","message":"Processing anime episodes"}
{"level":"info","anime":"KAIJU GIRL CARAMELISE","time":"2026-08-09T22:21:20-03:00","caller":"episodes.go:35","message":"Processing anime episodes"}
{"level":"info","anime":"The Frontier Lord Begins with Zero Subjects","time":"2026-08-09T22:21:20-03:00","caller":"episodes.go:35","message":"Processing anime episodes"}
{"level":"info","anime":"THE GHOST IN THE SHELL","time":"2026-08-09T22:21:20-03:00","caller":"episodes.go:35","message":"Processing anime episodes"}
{"level":"info","anime":"BLACK TORCH","time":"2026-08-09T22:21:20-03:00","caller":"episodes.go:35","message":"Processing anime episodes"}
{"level":"info","anime":"The Villager of Level 999","time":"2026-08-09T22:21:20-03:00","caller":"episodes.go:35","message":"Processing anime episodes"}
{"level":"info","anime":"I Want to Love You Till Your Dying Day","time":"2026-08-09T22:21:20-03:00","caller":"episodes.go:35","message":"Processing anime episodes"}
{"level":"info","anime":"Hanaori-san Still Wants to Fight in the Next Life","time":"2026-08-09T22:21:20-03:00","caller":"episodes.go:35","message":"Processing anime episodes"}
{"level":"info","anime":"Re:ZERO -Starting Life in Another World- Season 4","time":"2026-08-09T22:21:20-03:00","caller":"episodes.go:35","message":"Processing anime episodes"}
{"level":"info","anime":"Dara-san of the Reiwa Era","time":"2026-08-09T22:21:20-03:00","caller":"episodes.go:35","message":"Processing anime episodes"}
{"level":"info","anime":"I Became a Legend After My 10 Year-Long Last Stand","time":"2026-08-09T22:21:20-03:00","caller":"episodes.go:35","message":"Processing anime episodes"}
{"level":"info","anime":"Daemons of the Shadow Realm","time":"2026-08-09T22:21:20-03:00","caller":"episodes.go:35","message":"Processing anime episodes"}
{"level":"info","anime":"Chainsmoker Cat","time":"2026-08-09T22:21:20-03:00","caller":"episodes.go:35","message":"Processing anime episodes"}
{"level":"info","animes_checked":24,"episodes_checked":310,"episodes_downloaded":0,"total_time":0.686467,"avg_time_per_episode":0.002214,"time":"2026-08-09T22:21:20-03:00","caller":"verification.go:315","message":"Verification completed"}
{"level":"info","usernames":["JediahSk","D4NIDx"],"animes_found":24,"time":"2026-08-09T22:31:22-03:00","caller":"verification.go:525","message":"Successfully fetched animes from Anilist"}
{"level":"info","anime":"From Old Country Bumpkin to Master Swordsman II","time":"2026-08-09T22:31:22-03:00","caller":"episodes.go:35","message":"Processing anime episodes"}
{"level":"info","anime":"The Insipid Prince's Furtive Grab for the Throne","time":"2026-08-09T22:31:22-03:00","caller":"episodes.go:35","message":"Processing anime episodes"}
{"level":"info","anime":"Mushoku Tensei: Jobless Reincarnation Season 3","time":"2026-08-09T22:31:22-03:00","caller":"episodes.go:35","message":"Processing anime episodes"}
{"level":"info","anime":"The 100 Girlfriends Who Really, Really, Really, Really, REALLY Love You Season 3","time":"2026-08-09T22:31:22-03:00","caller":"episodes.go:35","message":"Processing anime episodes"}
{"level":"info","anime":"The World Is Dancing","time":"2026-08-09T22:31:22-03:00","caller":"episodes.go:35","message":"Processing anime episodes"}
{"level":"info","anime":"Sparks of Tomorrow","time":"2026-08-09T22:31:22-03:00","caller":"episodes.go:35","message":"Processing anime episodes"}
{"level":"info","anime":"Chainsmoker Cat","time":"2026-08-09T22:31:22-03:00","caller":"episodes.go:35","message":"Processing anime episodes"}
{"level":"info","anime":"Jaadugar: A Witch in Mongolia","time":"2026-08-09T22:31:22-03:00","caller":"episodes.go:35","message":"Processing anime episodes"}
{"level":"info","anime":"You and I Are Polar Opposites Season 2","time":"2026-08-09T22:31:22-03:00","caller":"episodes.go:35","message":"Processing anime episodes"}
{"level":"info","anime":"Smoking Behind the Supermarket with You","time":"2026-08-09T22:31:22-03:00","caller":"episodes.go:35","message":"Processing anime episodes"}
{"level":"info","anime":"The Villager of Level 999","time":"2026-08-09T22:31:22-03:00","caller":"episodes.go:35","message":"Processing anime episodes"}
{"level":"info","anime":"Daemons of the Shadow Realm","time":"2026-08-09T22:31:22-03:00","caller":"episodes.go:35","message":"Processing anime episodes"}
{"level":"info","anime":"KAIJU GIRL CARAMELISE","time":"2026-08-09T22:31:22-03:00","caller":"episodes.go:35","message":"Processing anime episodes"}
{"level":"info","anime":"THE GHOST IN THE SHELL","time":"2026-08-09T22:31:22-03:00","caller":"episodes.go:35","message":"Processing anime episodes"}
{"level":"info","anime":"A Livid Lady’s Guide to Getting Even: How I Crushed My Homeland with My Mighty Grimoires","time":"2026-08-09T22:31:22-03:00","caller":"episodes.go:35","message":"Processing anime episodes"}
{"level":"info","anime":"I Want to Love You Till Your Dying Day","time":"2026-08-09T22:31:22-03:00","caller":"episodes.go:35","message":"Processing anime episodes"}
{"level":"info","anime":"BLACK TORCH","time":"2026-08-09T22:31:22-03:00","caller":"episodes.go:35","message":"Processing anime episodes"}
{"level":"info","anime":"I Became a Legend After My 10 Year-Long Last Stand","time":"2026-08-09T22:31:22-03:00","caller":"episodes.go:35","message":"Processing anime episodes"}
{"level":"info","anime":"Hanaori-san Still Wants to Fight in the Next Life","time":"2026-08-09T22:31:22-03:00","caller":"episodes.go:35","message":"Processing anime episodes"}
{"level":"info","anime":"Love Unseen Beneath the Clear Night Sky","time":"2026-08-09T22:31:22-03:00","caller":"episodes.go:35","message":"Processing anime episodes"}
{"level":"info","anime":"Dara-san of the Reiwa Era","time":"2026-08-09T22:31:22-03:00","caller":"episodes.go:35","message":"Processing anime episodes"}
{"level":"info","anime":"The Cat and the Dragon","time":"2026-08-09T22:31:22-03:00","caller":"episodes.go:35","message":"Processing anime episodes"}
{"level":"info","anime":"The Frontier Lord Begins with Zero Subjects","time":"2026-08-09T22:31:22-03:00","caller":"episodes.go:35","message":"Processing anime episodes"}
{"level":"info","anime":"Re:ZERO -Starting Life in Another World- Season 4","time":"2026-08-09T22:31:22-03:00","caller":"episodes.go:35","message":"Processing anime episodes"}
{"level":"info","animes_checked":24,"episodes_checked":310,"episodes_downloaded":0,"total_time":0.61717,"avg_time_per_episode":0.00199,"time":"2026-08-09T22:31:22-03:00","caller":"verification.go:315","message":"Verification completed"}
{"level":"info","usernames":["JediahSk","D4NIDx"],"animes_found":25,"time":"2026-08-09T22:41:24-03:00","caller":"verification.go:525","message":"Successfully fetched animes from Anilist"}
{"level":"info","anime":"Smoking Behind the Supermarket with You","time":"2026-08-09T22:41:24-03:00","caller":"episodes.go:35","message":"Processing anime episodes"}
{"level":"info","anime":"Mushoku Tensei: Jobless Reincarnation Season 3","time":"2026-08-09T22:41:24-03:00","caller":"episodes.go:35","message":"Processing anime episodes"}
{"level":"info","anime":"The World Is Dancing","time":"2026-08-09T22:41:24-03:00","caller":"episodes.go:35","message":"Processing anime episodes"}
{"level":"info","anime":"Jaadugar: A Witch in Mongolia","time":"2026-08-09T22:41:24-03:00","caller":"episodes.go:35","message":"Processing anime episodes"}
{"level":"info","anime":"Chainsmoker Cat","time":"2026-08-09T22:41:24-03:00","caller":"episodes.go:35","message":"Processing anime episodes"}
{"level":"info","anime":"The Insipid Prince's Furtive Grab for the Throne","time":"2026-08-09T22:41:24-03:00","caller":"episodes.go:35","message":"Processing anime episodes"}
{"level":"info","anime":"Sparks of Tomorrow","time":"2026-08-09T22:41:24-03:00","caller":"episodes.go:35","message":"Processing anime episodes"}
{"level":"info","anime":"KAIJU GIRL CARAMELISE","time":"2026-08-09T22:41:24-03:00","caller":"episodes.go:35","message":"Processing anime episodes"}
{"level":"info","anime":"From Old Country Bumpkin to Master Swordsman II","time":"2026-08-09T22:41:24-03:00","caller":"episodes.go:35","message":"Processing anime episodes"}
{"level":"info","anime":"The Villager of Level 999","time":"2026-08-09T22:41:24-03:00","caller":"episodes.go:35","message":"Processing anime episodes"}
{"level":"info","anime":"Daemons of the Shadow Realm","time":"2026-08-09T22:41:24-03:00","caller":"episodes.go:35","message":"Processing anime episodes"}
{"level":"info","anime":"Love Unseen Beneath the Clear Night Sky","time":"2026-08-09T22:41:24-03:00","caller":"episodes.go:35","message":"Processing anime episodes"}
{"level":"info","anime":"The Cat and the Dragon","time":"2026-08-09T22:41:24-03:00","caller":"episodes.go:35","message":"Processing anime episodes"}
{"level":"info","anime":"You and I Are Polar Opposites Season 2","time":"2026-08-09T22:41:24-03:00","caller":"episodes.go:35","message":"Processing anime episodes"}
{"level":"info","anime":"BLACK TORCH","time":"2026-08-09T22:41:24-03:00","caller":"episodes.go:35","message":"Processing anime episodes"}
{"level":"info","anime":"Re:ZERO -Starting Life in Another World- Season 4","time":"2026-08-09T22:41:24-03:00","caller":"episodes.go:35","message":"Processing anime episodes"}
{"level":"info","anime":"Magical Girl Lyrical Nanoha EXCEEDS Gun Blaze Vengeance","time":"2026-08-09T22:41:24-03:00","caller":"episodes.go:35","message":"Processing anime episodes"}
{"level":"info","anime":"I Want to Love You Till Your Dying Day","time":"2026-08-09T22:41:24-03:00","caller":"episodes.go:35","message":"Processing anime episodes"}
{"level":"info","anime":"A Livid Lady’s Guide to Getting Even: How I Crushed My Homeland with My Mighty Grimoires","time":"2026-08-09T22:41:24-03:00","caller":"episodes.go:35","message":"Processing anime episodes"}
{"level":"info","anime":"The Frontier Lord Begins with Zero Subjects","time":"2026-08-09T22:41:24-03:00","caller":"episodes.go:35","message":"Processing anime episodes"}
{"level":"info","anime":"Hanaori-san Still Wants to Fight in the Next Life","time":"2026-08-09T22:41:24-03:00","caller":"episodes.go:35","message":"Processing anime episodes"}
{"level":"info","anime":"Dara-san of the Reiwa Era","time":"2026-08-09T22:41:24-03:00","caller":"episodes.go:35","message":"Processing anime episodes"}
{"level":"info","anime":"The 100 Girlfriends Who Really, Really, Really, Really, REALLY Love You Season 3","time":"2026-08-09T22:41:24-03:00","caller":"episodes.go:35","message":"Processing anime episodes"}
{"level":"info","anime":"THE GHOST IN THE SHELL","time":"2026-08-09T22:41:24-03:00","caller":"episodes.go:35","message":"Processing anime episodes"}
{"level":"info","anime":"I Became a Legend After My 10 Year-Long Last Stand","time":"2026-08-09T22:41:24-03:00","caller":"episodes.go:35","message":"Processing anime episodes"}
{"level":"info","title":"mahou shoujo lyrical nanoha exceeds gun blaze vengeance","torrents_found":70,"attempt":1,"time":"2026-08-09T22:41:25-03:00","caller":"search.go:65","message":"Found multiple episodes torrents on Nyaa"}
{"level":"info","hash":"155afbfe8b94ec324c04109864f2cff67333470a","name":"[SubsPlease] Mahou Shoujo Lyrical Nanoha EXCEEDS - Gun Blaze Vengeance - 01 (1080p) [44010CD7].mkv","time":"2026-08-09T22:41:25-03:00","caller":"session.go:88","message":"Added torrent to embedded client"}
{"level":"info","episode":"Magical Girl Lyrical Nanoha EXCEEDS Gun Blaze Vengeance - Episode 1","hash":"155afbfe8b94ec324c04109864f2cff67333470a","time":"2026-08-09T22:41:25-03:00","caller":"episodes.go:335","message":"Successfully added episode to embedded torrent client"}
{"level":"info","hash":"85ffe12e95476cb255b29e4152989306428fadd5","name":"[SubsPlease] Mahou Shoujo Lyrical Nanoha EXCEEDS - Gun Blaze Vengeance - 02 (1080p) [46CF4D5F].mkv","time":"2026-08-09T22:41:25-03:00","caller":"session.go:88","message":"Added torrent to embedded client"}
{"level":"info","episode":"Magical Girl Lyrical Nanoha EXCEEDS Gun Blaze Vengeance - Episode 2","hash":"85ffe12e95476cb255b29e4152989306428fadd5","time":"2026-08-09T22:41:25-03:00","caller":"episodes.go:335","message":"Successfully added episode to embedded torrent client"}
{"level":"info","hash":"df8bba985cbe2602729542d2955c09baf481beaa","name":"[SubsPlease] Mahou Shoujo Lyrical Nanoha EXCEEDS - Gun Blaze Vengeance - 03 (1080p) [B57199F7].mkv","time":"2026-08-09T22:41:25-03:00","caller":"session.go:88","message":"Added torrent to embedded client"}
{"level":"info","episode":"Magical Girl Lyrical Nanoha EXCEEDS Gun Blaze Vengeance - Episode 3","hash":"df8bba985cbe2602729542d2955c09baf481beaa","time":"2026-08-09T22:41:25-03:00","caller":"episodes.go:335","message":"Successfully added episode to embedded torrent client"}
{"level":"info","hash":"27e1db2beaade1c962232d55299de961301ca5b0","name":"[SubsPlease] Mahou Shoujo Lyrical Nanoha EXCEEDS - Gun Blaze Vengeance - 04 (1080p) [68F458D8].mkv","time":"2026-08-09T22:41:25-03:00","caller":"session.go:88","message":"Added torrent to embedded client"}
{"level":"info","hash":"27e1db2beaade1c962232d55299de961301ca5b0","time":"2026-08-09T22:41:25-03:00","caller":"session.go:124","message":"Paused torrent"}
{"level":"info","episode":"Magical Girl Lyrical Nanoha EXCEEDS Gun Blaze Vengeance - Episode 4","hash":"27e1db2beaade1c962232d55299de961301ca5b0","time":"2026-08-09T22:41:25-03:00","caller":"episodes.go:335","message":"Successfully added episode to embedded torrent client"}
{"level":"info","hash":"d405199af2fefed95042c5c8b5055f5e0949f5e1","name":"[SubsPlease] Mahou Shoujo Lyrical Nanoha EXCEEDS - Gun Blaze Vengeance - 05 (1080p) [C17A7A3B].mkv","time":"2026-08-09T22:41:25-03:00","caller":"session.go:88","message":"Added torrent to embedded client"}
{"level":"info","hash":"d405199af2fefed95042c5c8b5055f5e0949f5e1","time":"2026-08-09T22:41:25-03:00","caller":"session.go:124","message":"Paused torrent"}
{"level":"info","episode":"Magical Girl Lyrical Nanoha EXCEEDS Gun Blaze Vengeance - Episode 5","hash":"d405199af2fefed95042c5c8b5055f5e0949f5e1","time":"2026-08-09T22:41:25-03:00","caller":"episodes.go:335","message":"Successfully added episode to embedded torrent client"}
{"level":"info","hash":"b317bbb9c4c2b019cd30fb6c208786c788108fca","name":"[SubsPlease] Mahou Shoujo Lyrical Nanoha EXCEEDS - Gun Blaze Vengeance - 06 (1080p) [4FEA0CF3].mkv","time":"2026-08-09T22:41:25-03:00","caller":"session.go:88","message":"Added torrent to embedded client"}
{"level":"info","hash":"b317bbb9c4c2b019cd30fb6c208786c788108fca","time":"2026-08-09T22:41:25-03:00","caller":"session.go:124","message":"Paused torrent"}
{"level":"info","episode":"Magical Girl Lyrical Nanoha EXCEEDS Gun Blaze Vengeance - Episode 6","hash":"b317bbb9c4c2b019cd30fb6c208786c788108fca","time":"2026-08-09T22:41:25-03:00","caller":"episodes.go:335","message":"Successfully added episode to embedded torrent client"}
{"level":"info","count":6,"time":"2026-08-09T22:41:25-03:00","caller":"episodes.go:606","message":"Saved episodes to file"}
{"level":"info","animes_checked":25,"episodes_checked":323,"episodes_downloaded":6,"total_time":1172.392411,"avg_time_per_episode":3.629697,"time":"2026-08-09T22:41:25-03:00","caller":"verification.go:315","message":"Verification completed"}
{"level":"info","hash":"27e1db2beaade1c962232d55299de961301ca5b0","time":"2026-08-09T22:42:59-03:00","caller":"session.go:142","message":"Resumed torrent"}
{"level":"info","hash":"df8bba985cbe2602729542d2955c09baf481beaa","anime":"Magical Girl Lyrical Nanoha EXCEEDS Gun Blaze Vengeance","files":1,"time":"2026-08-09T22:43:02-03:00","caller":"jobs.go:387","message":"Organized torrent into library"}
{"level":"info","id":"1786326179344956039","type":"organize","time":"2026-08-09T22:43:02-03:00","caller":"jobs.go:201","message":"Job queue: job completed"}
{"level":"info","hash":"d405199af2fefed95042c5c8b5055f5e0949f5e1","time":"2026-08-09T22:43:13-03:00","caller":"session.go:142","message":"Resumed torrent"}
{"level":"info","hash":"85ffe12e95476cb255b29e4152989306428fadd5","anime":"Magical Girl Lyrical Nanoha EXCEEDS Gun Blaze Vengeance","files":1,"time":"2026-08-09T22:43:17-03:00","caller":"jobs.go:387","message":"Organized torrent into library"}
{"level":"info","id":"1786326193714939919","type":"organize","time":"2026-08-09T22:43:17-03:00","caller":"jobs.go:201","message":"Job queue: job completed"}
{"level":"info","hash":"b317bbb9c4c2b019cd30fb6c208786c788108fca","time":"2026-08-09T22:43:22-03:00","caller":"session.go:142","message":"Resumed torrent"}
{"level":"info","hash":"155afbfe8b94ec324c04109864f2cff67333470a","anime":"Magical Girl Lyrical Nanoha EXCEEDS Gun Blaze Vengeance","files":1,"time":"2026-08-09T22:43:27-03:00","caller":"jobs.go:387","message":"Organized torrent into library"}
{"level":"info","id":"1786326202522652576","type":"organize","time":"2026-08-09T22:43:27-03:00","caller":"jobs.go:201","message":"Job queue: job completed"}
{"level":"info","hash":"27e1db2beaade1c962232d55299de961301ca5b0","anime":"Magical Girl Lyrical Nanoha EXCEEDS Gun Blaze Vengeance","files":1,"time":"2026-08-09T22:44:27-03:00","caller":"jobs.go:387","message":"Organized torrent into library"}
{"level":"info","id":"1786326263572591530","type":"organize","time":"2026-08-09T22:44:27-03:00","caller":"jobs.go:201","message":"Job queue: job completed"}
{"level":"info","hash":"b317bbb9c4c2b019cd30fb6c208786c788108fca","anime":"Magical Girl Lyrical Nanoha EXCEEDS Gun Blaze Vengeance","files":1,"time":"2026-08-09T22:44:27-03:00","caller":"jobs.go:387","message":"Organized torrent into library"}
{"level":"info","id":"1786326265281658291","type":"organize","time":"2026-08-09T22:44:27-03:00","caller":"jobs.go:201","message":"Job queue: job completed"}
{"level":"info","hash":"d405199af2fefed95042c5c8b5055f5e0949f5e1","anime":"Magical Girl Lyrical Nanoha EXCEEDS Gun Blaze Vengeance","files":1,"time":"2026-08-09T22:44:32-03:00","caller":"jobs.go:387","message":"Organized torrent into library"}
{"level":"info","id":"1786326268601384309","type":"organize","time":"2026-08-09T22:44:32-03:00","caller":"jobs.go:201","message":"Job queue: job completed"}
{"level":"info","usernames":["JediahSk","D4NIDx"],"animes_found":25,"time":"2026-08-09T22:51:26-03:00","caller":"verification.go:525","message":"Successfully fetched animes from Anilist"}
{"level":"info","anime":"Chainsmoker Cat","time":"2026-08-09T22:51:27-03:00","caller":"episodes.go:35","message":"Processing anime episodes"}
{"level":"info","anime":"The Frontier Lord Begins with Zero Subjects","time":"2026-08-09T22:51:27-03:00","caller":"episodes.go:35","message":"Processing anime episodes"}
{"level":"info","anime":"The Cat and the Dragon","time":"2026-08-09T22:51:27-03:00","caller":"episodes.go:35","message":"Processing anime episodes"}
{"level":"info","anime":"A Livid Lady’s Guide to Getting Even: How I Crushed My Homeland with My Mighty Grimoires","time":"2026-08-09T22:51:27-03:00","caller":"episodes.go:35","message":"Processing anime episodes"}
{"level":"info","anime":"Hanaori-san Still Wants to Fight in the Next Life","time":"2026-08-09T22:51:27-03:00","caller":"episodes.go:35","message":"Processing anime episodes"}
{"level":"info","anime":"Dara-san of the Reiwa Era","time":"2026-08-09T22:51:27-03:00","caller":"episodes.go:35","message":"Processing anime episodes"}
{"level":"info","anime":"BLACK TORCH","time":"2026-08-09T22:51:27-03:00","caller":"episodes.go:35","message":"Processing anime episodes"}
{"level":"info","anime":"I Want to Love You Till Your Dying Day","time":"2026-08-09T22:51:27-03:00","caller":"episodes.go:35","message":"Processing anime episodes"}
{"level":"info","anime":"Magical Girl Lyrical Nanoha EXCEEDS Gun Blaze Vengeance","time":"2026-08-09T22:51:27-03:00","caller":"episodes.go:35","message":"Processing anime episodes"}
{"level":"info","anime":"Re:ZERO -Starting Life in Another World- Season 4","time":"2026-08-09T22:51:27-03:00","caller":"episodes.go:35","message":"Processing anime episodes"}
{"level":"info","anime":"The 100 Girlfriends Who Really, Really, Really, Really, REALLY Love You Season 3","time":"2026-08-09T22:51:27-03:00","caller":"episodes.go:35","message":"Processing anime episodes"}
{"level":"info","anime":"From Old Country Bumpkin to Master Swordsman II","time":"2026-08-09T22:51:27-03:00","caller":"episodes.go:35","message":"Processing anime episodes"}
{"level":"info","anime":"The World Is Dancing","time":"2026-08-09T22:51:27-03:00","caller":"episodes.go:35","message":"Processing anime episodes"}
{"level":"info","anime":"KAIJU GIRL CARAMELISE","time":"2026-08-09T22:51:27-03:00","caller":"episodes.go:35","message":"Processing anime episodes"}
{"level":"info","anime":"Jaadugar: A Witch in Mongolia","time":"2026-08-09T22:51:27-03:00","caller":"episodes.go:35","message":"Processing anime episodes"}
{"level":"info","anime":"You and I Are Polar Opposites Season 2","time":"2026-08-09T22:51:27-03:00","caller":"episodes.go:35","message":"Processing anime episodes"}
{"level":"info","anime":"Smoking Behind the Supermarket with You","time":"2026-08-09T22:51:27-03:00","caller":"episodes.go:35","message":"Processing anime episodes"}
{"level":"info","anime":"Sparks of Tomorrow","time":"2026-08-09T22:51:27-03:00","caller":"episodes.go:35","message":"Processing anime episodes"}
{"level":"info","anime":"The Villager of Level 999","time":"2026-08-09T22:51:27-03:00","caller":"episodes.go:35","message":"Processing anime episodes"}
{"level":"info","anime":"THE GHOST IN THE SHELL","time":"2026-08-09T22:51:27-03:00","caller":"episodes.go:35","message":"Processing anime episodes"}
{"level":"info","anime":"I Became a Legend After My 10 Year-Long Last Stand","time":"2026-08-09T22:51:27-03:00","caller":"episodes.go:35","message":"Processing anime episodes"}
{"level":"info","anime":"Love Unseen Beneath the Clear Night Sky","time":"2026-08-09T22:51:27-03:00","caller":"episodes.go:35","message":"Processing anime episodes"}
{"level":"info","anime":"Daemons of the Shadow Realm","time":"2026-08-09T22:51:27-03:00","caller":"episodes.go:35","message":"Processing anime episodes"}
{"level":"info","anime":"The Insipid Prince's Furtive Grab for the Throne","time":"2026-08-09T22:51:27-03:00","caller":"episodes.go:35","message":"Processing anime episodes"}
{"level":"info","anime":"Mushoku Tensei: Jobless Reincarnation Season 3","time":"2026-08-09T22:51:27-03:00","caller":"episodes.go:35","message":"Processing anime episodes"}
{"level":"info","animes_checked":25,"episodes_checked":323,"episodes_downloaded":0,"total_time":1.085782,"avg_time_per_episode":0.003361,"time":"2026-08-09T22:51:27-03:00","caller":"verification.go:315","message":"Verification completed"}
{"level":"info","usernames":["JediahSk","D4NIDx"],"animes_found":25,"time":"2026-08-09T23:01:28-03:00","caller":"verification.go:525","message":"Successfully fetched animes from Anilist"}
{"level":"info","anime":"From Old Country Bumpkin to Master Swordsman II","time":"2026-08-09T23:01:29-03:00","caller":"episodes.go:35","message":"Processing anime episodes"}
{"level":"info","anime":"Smoking Behind the Supermarket with You","time":"2026-08-09T23:01:29-03:00","caller":"episodes.go:35","message":"Processing anime episodes"}
{"level":"info","anime":"Sparks of Tomorrow","time":"2026-08-09T23:01:29-03:00","caller":"episodes.go:35","message":"Processing anime episodes"}
{"level":"info","anime":"Daemons of the Shadow Realm","time":"2026-08-09T23:01:29-03:00","caller":"episodes.go:35","message":"Processing anime episodes"}
{"level":"info","anime":"THE GHOST IN THE SHELL","time":"2026-08-09T23:01:29-03:00","caller":"episodes.go:35","message":"Processing anime episodes"}
{"level":"info","anime":"The 100 Girlfriends Who Really, Really, Really, Really, REALLY Love You Season 3","time":"2026-08-09T23:01:29-03:00","caller":"episodes.go:35","message":"Processing anime episodes"}
{"level":"info","anime":"The Villager of Level 999","time":"2026-08-09T23:01:29-03:00","caller":"episodes.go:35","message":"Processing anime episodes"}
{"level":"info","anime":"I Became a Legend After My 10 Year-Long Last Stand","time":"2026-08-09T23:01:29-03:00","caller":"episodes.go:35","message":"Processing anime episodes"}
{"level":"info","anime":"The World Is Dancing","time":"2026-08-09T23:01:29-03:00","caller":"episodes.go:35","message":"Processing anime episodes"}
{"level":"info","anime":"Love Unseen Beneath the Clear Night Sky","time":"2026-08-09T23:01:29-03:00","caller":"episodes.go:35","message":"Processing anime episodes"}
{"level":"info","anime":"You and I Are Polar Opposites Season 2","time":"2026-08-09T23:01:29-03:00","caller":"episodes.go:35","message":"Processing anime episodes"}
{"level":"info","anime":"Chainsmoker Cat","time":"2026-08-09T23:01:29-03:00","caller":"episodes.go:35","message":"Processing anime episodes"}
{"level":"info","anime":"Mushoku Tensei: Jobless Reincarnation Season 3","time":"2026-08-09T23:01:29-03:00","caller":"episodes.go:35","message":"Processing anime episodes"}
{"level":"info","anime":"Jaadugar: A Witch in Mongolia","time":"2026-08-09T23:01:29-03:00","caller":"episodes.go:35","message":"Processing anime episodes"}
{"level":"info","anime":"Dara-san of the Reiwa Era","time":"2026-08-09T23:01:29-03:00","caller":"episodes.go:35","message":"Processing anime episodes"}
{"level":"info","anime":"BLACK TORCH","time":"2026-08-09T23:01:29-03:00","caller":"episodes.go:35","message":"Processing anime episodes"}
{"level":"info","anime":"The Frontier Lord Begins with Zero Subjects","time":"2026-08-09T23:01:29-03:00","caller":"episodes.go:35","message":"Processing anime episodes"}
{"level":"info","anime":"A Livid Lady’s Guide to Getting Even: How I Crushed My Homeland with My Mighty Grimoires","time":"2026-08-09T23:01:29-03:00","caller":"episodes.go:35","message":"Processing anime episodes"}
{"level":"info","anime":"I Want to Love You Till Your Dying Day","time":"2026-08-09T23:01:29-03:00","caller":"episodes.go:35","message":"Processing anime episodes"}
{"level":"info","anime":"Magical Girl Lyrical Nanoha EXCEEDS Gun Blaze Vengeance","time":"2026-08-09T23:01:29-03:00","caller":"episodes.go:35","message":"Processing anime episodes"}
{"level":"info","anime":"Hanaori-san Still Wants to Fight in the Next Life","time":"2026-08-09T23:01:29-03:00","caller":"episodes.go:35","message":"Processing anime episodes"}
{"level":"info","anime":"Re:ZERO -Starting Life in Another World- Season 4","time":"2026-08-09T23:01:29-03:00","caller":"episodes.go:35","message":"Processing anime episodes"}
{"level":"info","anime":"KAIJU GIRL CARAMELISE","time":"2026-08-09T23:01:29-03:00","caller":"episodes.go:35","message":"Processing anime episodes"}
{"level":"info","anime":"The Cat and the Dragon","time":"2026-08-09T23:01:29-03:00","caller":"episodes.go:35","message":"Processing anime episodes"}
{"level":"info","anime":"The Insipid Prince's Furtive Grab for the Throne","time":"2026-08-09T23:01:29-03:00","caller":"episodes.go:35","message":"Processing anime episodes"}
{"level":"info","animes_checked":25,"episodes_checked":323,"episodes_downloaded":0,"total_time":1.03932,"avg_time_per_episode":0.003217,"time":"2026-08-09T23:01:29-03:00","caller":"verification.go:315","message":"Verification completed"}
{"level":"info","usernames":["JediahSk","D4NIDx"],"animes_found":25,"time":"2026-08-09T23:11:30-03:00","caller":"verification.go:525","message":"Successfully fetched animes from Anilist"}
{"level":"info","anime":"Daemons of the Shadow Realm","time":"2026-08-09T23:11:30-03:00","caller":"episodes.go:35","message":"Processing anime episodes"}
{"level":"info","anime":"I Became a Legend After My 10 Year-Long Last Stand","time":"2026-08-09T23:11:30-03:00","caller":"episodes.go:35","message":"Processing anime episodes"}
{"level":"info","anime":"Love Unseen Beneath the Clear Night Sky","time":"2026-08-09T23:11:30-03:00","caller":"episodes.go:35","message":"Processing anime episodes"}
{"level":"info","anime":"BLACK TORCH","time":"2026-08-09T23:11:30-03:00","caller":"episodes.go:35","message":"Processing anime episodes"}
{"level":"info","anime":"From Old Country Bumpkin to Master Swordsman II","time":"2026-08-09T23:11:30-03:00","caller":"episodes.go:35","message":"Processing anime episodes"}
{"level":"info","anime":"The Cat and the Dragon","time":"2026-08-09T23:11:30-03:00","caller":"episodes.go:35","message":"Processing anime episodes"}
{"level":"info","anime":"The 100 Girlfriends Who Really, Really, Really, Really, REALLY Love You Season 3","time":"2026-08-09T23:11:30-03:00","caller":"episodes.go:35","message":"Processing anime episodes"}
{"level":"info","anime":"The Insipid Prince's Furtive Grab for the Throne","time":"2026-08-09T23:11:30-03:00","caller":"episodes.go:35","message":"Processing anime episodes"}
{"level":"info","anime":"The World Is Dancing","time":"2026-08-09T23:11:30-03:00","caller":"episodes.go:35","message":"Processing anime episodes"}
{"level":"info","anime":"The Frontier Lord Begins with Zero Subjects","time":"2026-08-09T23:11:30-03:00","caller":"episodes.go:35","message":"Processing anime episodes"}
{"level":"info","anime":"Chainsmoker Cat","time":"2026-08-09T23:11:30-03:00","caller":"episodes.go:35","message":"Processing anime episodes"}
{"level":"info","anime":"Hanaori-san Still Wants to Fight in the Next Life","time":"2026-08-09T23:11:30-03:00","caller":"episodes.go:35","message":"Processing anime episodes"}
{"level":"info","anime":"Jaadugar: A Witch in Mongolia","time":"2026-08-09T23:11:30-03:00","caller":"episodes.go:35","message":"Processing anime episodes"}
{"level":"info","anime":"A Livid Lady’s Guide to Getting Even: How I Crushed My Homeland with My Mighty Grimoires","time":"2026-08-09T23:11:30-03:00","caller":"episodes.go:35","message":"Processing anime episodes"}
{"level":"info","anime":"Dara-san of the Reiwa Era","time":"2026-08-09T23:11:30-03:00","caller":"episodes.go:35","message":"Processing anime episodes"}
{"level":"info","anime":"You and I Are Polar Opposites Season 2","time":"2026-08-09T23:11:30-03:00","caller":"episodes.go:35","message":"Processing anime episodes"}
{"level":"info","anime":"Mushoku Tensei: Jobless Reincarnation Season 3","time":"2026-08-09T23:11:30-03:00","caller":"episodes.go:35","message":"Processing anime episodes"}
{"level":"info","anime":"Magical Girl Lyrical Nanoha EXCEEDS Gun Blaze Vengeance","time":"2026-08-09T23:11:30-03:00","caller":"episodes.go:35","message":"Processing anime episodes"}
{"level":"info","anime":"I Want to Love You Till Your Dying Day","time":"2026-08-09T23:11:30-03:00","caller":"episodes.go:35","message":"Processing anime episodes"}
{"level":"info","anime":"Sparks of Tomorrow","time":"2026-08-09T23:11:30-03:00","caller":"episodes.go:35","message":"Processing anime episodes"}
{"level":"info","anime":"KAIJU GIRL CARAMELISE","time":"2026-08-09T23:11:30-03:00","caller":"episodes.go:35","message":"Processing anime episodes"}
{"level":"info","anime":"THE GHOST IN THE SHELL","time":"2026-08-09T23:11:30-03:00","caller":"episodes.go:35","message":"Processing anime episodes"}
{"level":"info","anime":"The Villager of Level 999","time":"2026-08-09T23:11:30-03:00","caller":"episodes.go:35","message":"Processing anime episodes"}
{"level":"info","anime":"Re:ZERO -Starting Life in Another World- Season 4","time":"2026-08-09T23:11:30-03:00","caller":"episodes.go:35","message":"Processing anime episodes"}
{"level":"info","anime":"Smoking Behind the Supermarket with You","time":"2026-08-09T23:11:30-03:00","caller":"episodes.go:35","message":"Processing anime episodes"}
{"level":"info","animes_checked":25,"episodes_checked":323,"episodes_downloaded":0,"total_time":0.731207,"avg_time_per_episode":0.002263,"time":"2026-08-09T23:11:30-03:00","caller":"verification.go:315","message":"Verification completed"}
{"level":"info","usernames":["JediahSk","D4NIDx"],"animes_found":25,"time":"2026-08-09T23:21:32-03:00","caller":"verification.go:525","message":"Successfully fetched animes from Anilist"}
{"level":"info","anime":"Mushoku Tensei: Jobless Reincarnation Season 3","time":"2026-08-09T23:21:32-03:00","caller":"episodes.go:35","message":"Processing anime episodes"}
{"level":"info","anime":"Daemons of the Shadow Realm","time":"2026-08-09T23:21:32-03:00","caller":"episodes.go:35","message":"Processing anime episodes"}
{"level":"info","anime":"The 100 Girlfriends Who Really, Really, Really, Really, REALLY Love You Season 3","time":"2026-08-09T23:21:32-03:00","caller":"episodes.go:35","message":"Processing anime episodes"}
{"level":"info","anime":"I Became a Legend After My 10 Year-Long Last Stand","time":"2026-08-09T23:21:32-03:00","caller":"episodes.go:35","message":"Processing anime episodes"}
{"level":"info","anime":"From Old Country Bumpkin to Master Swordsman II","time":"2026-08-09T23:21:32-03:00","caller":"episodes.go:35","message":"Processing anime episodes"}
{"level":"info","anime":"Love Unseen Beneath the Clear Night Sky","time":"2026-08-09T23:21:32-03:00","caller":"episodes.go:35","message":"Processing anime episodes"}
{"level":"info","anime":"The Cat and the Dragon","time":"2026-08-09T23:21:32-03:00","caller":"episodes.go:35","message":"Processing anime episodes"}
{"level":"info","anime":"The Insipid Prince's Furtive Grab for the Throne","time":"2026-08-09T23:21:32-03:00","caller":"episodes.go:35","message":"Processing anime episodes"}
{"level":"info","anime":"The Frontier Lord Begins with Zero Subjects","time":"2026-08-09T23:21:32-03:00","caller":"episodes.go:35","message":"Processing anime episodes"}
{"level":"info","anime":"The Villager of Level 999","time":"2026-08-09T23:21:32-03:00","caller":"episodes.go:35","message":"Processing anime episodes"}
{"level":"info","anime":"Hanaori-san Still Wants to Fight in the Next Life","time":"2026-08-09T23:21:32-03:00","caller":"episodes.go:35","message":"Processing anime episodes"}
{"level":"info","anime":"Sparks of Tomorrow","time":"2026-08-09T23:21:32-03:00","caller":"episodes.go:35","message":"Processing anime episodes"}
{"level":"info","anime":"Dara-san of the Reiwa Era","time":"2026-08-09T23:21:32-03:00","caller":"episodes.go:35","message":"Processing anime episodes"}
{"level":"info","anime":"You and I Are Polar Opposites Season 2","time":"2026-08-09T23:21:32-03:00","caller":"episodes.go:35","message":"Processing anime episodes"}
{"level":"info","anime":"KAIJU GIRL CARAMELISE","time":"2026-08-09T23:21:32-03:00","caller":"episodes.go:35","message":"Processing anime episodes"}
{"level":"info","anime":"The World Is Dancing","time":"2026-08-09T23:21:32-03:00","caller":"episodes.go:35","message":"Processing anime episodes"}
{"level":"info","anime":"THE GHOST IN THE SHELL","time":"2026-08-09T23:21:32-03:00","caller":"episodes.go:35","message":"Processing anime episodes"}
{"level":"info","anime":"Chainsmoker Cat","time":"2026-08-09T23:21:32-03:00","caller":"episodes.go:35","message":"Processing anime episodes"}
{"level":"info","anime":"Jaadugar: A Witch in Mongolia","time":"2026-08-09T23:21:32-03:00","caller":"episodes.go:35","message":"Processing anime episodes"}
{"level":"info","anime":"BLACK TORCH","time":"2026-08-09T23:21:32-03:00","caller":"episodes.go:35","message":"Processing anime episodes"}
{"level":"info","anime":"Re:ZERO -Starting Life in Another World- Season 4","time":"2026-08-09T23:21:32-03:00","caller":"episodes.go:35","message":"Processing anime episodes"}
{"level":"info","anime":"I Want to Love You Till Your Dying Day","time":"2026-08-09T23:21:32-03:00","caller":"episodes.go:35","message":"Processing anime episodes"}
{"level":"info","anime":"Magical Girl Lyrical Nanoha EXCEEDS Gun Blaze Vengeance","time":"2026-08-09T23:21:32-03:00","caller":"episodes.go:35","message":"Processing anime episodes"}
{"level":"info","anime":"A Livid Lady’s Guide to Getting Even: How I Crushed My Homeland with My Mighty Grimoires","time":"2026-08-09T23:21:32-03:00","caller":"episodes.go:35","message":"Processing anime episodes"}
{"level":"info","anime":"Smoking Behind the Supermarket with You","time":"2026-08-09T23:21:32-03:00","caller":"episodes.go:35","message":"Processing anime episodes"}
{"level":"info","animes_checked":25,"episodes_checked":323,"episodes_downloaded":0,"total_time":0.694112,"avg_time_per_episode":0.002148,"time":"2026-08-09T23:21:32-03:00","caller":"verification.go:315","message":"Verification completed"}
{"level":"info","usernames":["JediahSk","D4NIDx"],"animes_found":25,"time":"2026-08-09T23:31:33-03:00","caller":"verification.go:525","message":"Successfully fetched animes from Anilist"}
{"level":"info","anime":"The 100 Girlfriends Who Really, Really, Really, Really, REALLY Love You Season 3","time":"2026-08-09T23:31:34-03:00","caller":"episodes.go:35","message":"Processing anime episodes"}
{"level":"info","anime":"Mushoku Tensei: Jobless Reincarnation Season 3","time":"2026-08-09T23:31:34-03:00","caller":"episodes.go:35","message":"Processing anime episodes"}
{"level":"info","anime":"Jaadugar: A Witch in Mongolia","time":"2026-08-09T23:31:34-03:00","caller":"episodes.go:35","message":"Processing anime episodes"}
{"level":"info","anime":"Daemons of the Shadow Realm","time":"2026-08-09T23:31:34-03:00","caller":"episodes.go:35","message":"Processing anime episodes"}
{"level":"info","anime":"The World Is Dancing","time":"2026-08-09T23:31:34-03:00","caller":"episodes.go:35","message":"Processing anime episodes"}
{"level":"info","anime":"KAIJU GIRL CARAMELISE","time":"2026-08-09T23:31:34-03:00","caller":"episodes.go:35","message":"Processing anime episodes"}
{"level":"info","anime":"Smoking Behind the Supermarket with You","time":"2026-08-09T23:31:34-03:00","caller":"episodes.go:35","message":"Processing anime episodes"}
{"level":"info","anime":"Chainsmoker Cat","time":"2026-08-09T23:31:34-03:00","caller":"episodes.go:35","message":"Processing anime episodes"}
{"level":"info","anime":"From Old Country Bumpkin to Master Swordsman II","time":"2026-08-09T23:31:34-03:00","caller":"episodes.go:35","message":"Processing anime episodes"}
{"level":"info","anime":"The Cat and the Dragon","time":"2026-08-09T23:31:34-03:00","caller":"episodes.go:35","message":"Processing anime episodes"}
{"level":"info","anime":"The Villager of Level 999","time":"2026-08-09T23:31:34-03:00","caller":"episodes.go:35","message":"Processing anime episodes"}
{"level":"info","anime":"THE GHOST IN THE SHELL","time":"2026-08-09T23:31:34-03:00","caller":"episodes.go:35","message":"Processing anime episodes"}
{"level":"info","anime":"Love Unseen Beneath the Clear Night Sky","time":"2026-08-09T23:31:34-03:00","caller":"episodes.go:35","message":"Processing anime episodes"}
{"level":"info","anime":"Dara-san of the Reiwa Era","time":"2026-08-09T23:31:34-03:00","caller":"episodes.go:35","message":"Processing anime episodes"}
{"level":"info","anime":"The Frontier Lord Begins with Zero Subjects","time":"2026-08-09T23:31:34-03:00","caller":"episodes.go:35","message":"Processing anime episodes"}
{"level":"info","anime":"A Livid Lady’s Guide to Getting Even: How I Crushed My Homeland with My Mighty Grimoires","time":"2026-08-09T23:31:34-03:00","caller":"episodes.go:35","message":"Processing anime episodes"}
{"level":"info","anime":"Hanaori-san Still Wants to Fight in the Next Life","time":"2026-08-09T23:31:34-03:00","caller":"episodes.go:35","message":"Processing anime episodes"}
{"level":"info","anime":"The Insipid Prince's Furtive Grab for the Throne","time":"2026-08-09T23:31:34-03:00","caller":"episodes.go:35","message":"Processing anime episodes"}
{"level":"info","anime":"I Want to Love You Till Your Dying Day","time":"2026-08-09T23:31:34-03:00","caller":"episodes.go:35","message":"Processing anime episodes"}
{"level":"info","anime":"Magical Girl Lyrical Nanoha EXCEEDS Gun Blaze Vengeance","time":"2026-08-09T23:31:34-03:00","caller":"episodes.go:35","message":"Processing anime episodes"}
{"level":"info","anime":"Re:ZERO -Starting Life in Another World- Season 4","time":"2026-08-09T23:31:34-03:00","caller":"episodes.go:35","message":"Processing anime episodes"}
{"level":"info","anime":"BLACK TORCH","time":"2026-08-09T23:31:34-03:00","caller":"episodes.go:35","message":"Processing anime episodes"}
{"level":"info","anime":"I Became a Legend After My 10 Year-Long Last Stand","time":"2026-08-09T23:31:34-03:00","caller":"episodes.go:35","message":"Processing anime episodes"}
{"level":"info","anime":"You and I Are Polar Opposites Season 2","time":"2026-08-09T23:31:34-03:00","caller":"episodes.go:35","message":"Processing anime episodes"}
{"level":"info","anime":"Sparks of Tomorrow","time":"2026-08-09T23:31:34-03:00","caller":"episodes.go:35","message":"Processing anime episodes"}
{"level":"info","animes_checked":25,"episodes_checked":323,"episodes_downloaded":0,"total_time":0.770892,"avg_time_per_episode":0.002386,"time":"2026-08-09T23:31:34-03:00","caller":"verification.go:315","message":"Verification completed"}
{"level":"info","usernames":["JediahSk","D4NIDx"],"animes_found":25,"time":"2026-08-09T23:41:35-03:00","caller":"verification.go:525","message":"Successfully fetched animes from Anilist"}
{"level":"info","anime":"Chainsmoker Cat","time":"2026-08-09T23:41:35-03:00","caller":"episodes.go:35","message":"Processing anime episodes"}
{"level":"info","anime":"Mushoku Tensei: Jobless Reincarnation Season 3","time":"2026-08-09T23:41:35-03:00","caller":"episodes.go:35","message":"Processing anime episodes"}
{"level":"info","anime":"The 100 Girlfriends Who Really, Really, Really, Really, REALLY Love You Season 3","time":"2026-08-09T23:41:35-03:00","caller":"episodes.go:35","message":"Processing anime episodes"}
{"level":"info","anime":"Daemons of the Shadow Realm","time":"2026-08-09T23:41:35-03:00","caller":"episodes.go:35","message":"Processing anime episodes"}
{"level":"info","anime":"The World Is Dancing","time":"2026-08-09T23:41:35-03:00","caller":"episodes.go:35","message":"Processing anime episodes"}
{"level":"info","anime":"Jaadugar: A Witch in Mongolia","time":"2026-08-09T23:41:35-03:00","caller":"episodes.go:35","message":"Processing anime episodes"}
{"level":"info","anime":"You and I Are Polar Opposites Season 2","time":"2026-08-09T23:41:35-03:00","caller":"episodes.go:35","message":"Processing anime episodes"}
{"level":"info","anime":"Smoking Behind the Supermarket with You","time":"2026-08-09T23:41:35-03:00","caller":"episodes.go:35","message":"Processing anime episodes"}
{"level":"info","anime":"Sparks of Tomorrow","time":"2026-08-09T23:41:35-03:00","caller":"episodes.go:35","message":"Processing anime episodes"}
{"level":"info","anime":"KAIJU GIRL CARAMELISE","time":"2026-08-09T23:41:35-03:00","caller":"episodes.go:35","message":"Processing anime episodes"}
{"level":"info","anime":"THE GHOST IN THE SHELL","time":"2026-08-09T23:41:35-03:00","caller":"episodes.go:35","message":"Processing anime episodes"}
{"level":"info","anime":"I Became a Legend After My 10 Year-Long Last Stand","time":"2026-08-09T23:41:35-03:00","caller":"episodes.go:35","message":"Processing anime episodes"}
{"level":"info","anime":"The Villager of Level 999","time":"2026-08-09T23:41:35-03:00","caller":"episodes.go:35","message":"Processing anime episodes"}
{"level":"info","anime":"Love Unseen Beneath the Clear Night Sky","time":"2026-08-09T23:41:35-03:00","caller":"episodes.go:35","message":"Processing anime episodes"}
{"level":"info","anime":"I Want to Love You Till Your Dying Day","time":"2026-08-09T23:41:35-03:00","caller":"episodes.go:35","message":"Processing anime episodes"}
{"level":"info","anime":"Magical Girl Lyrical Nanoha EXCEEDS Gun Blaze Vengeance","time":"2026-08-09T23:41:35-03:00","caller":"episodes.go:35","message":"Processing anime episodes"}
{"level":"info","anime":"A Livid Lady’s Guide to Getting Even: How I Crushed My Homeland with My Mighty Grimoires","time":"2026-08-09T23:41:35-03:00","caller":"episodes.go:35","message":"Processing anime episodes"}
{"level":"info","anime":"The Insipid Prince's Furtive Grab for the Throne","time":"2026-08-09T23:41:35-03:00","caller":"episodes.go:35","message":"Processing anime episodes"}
{"level":"info","anime":"The Frontier Lord Begins with Zero Subjects","time":"2026-08-09T23:41:35-03:00","caller":"episodes.go:35","message":"Processing anime episodes"}
{"level":"info","anime":"Re:ZERO -Starting Life in Another World- Season 4","time":"2026-08-09T23:41:35-03:00","caller":"episodes.go:35","message":"Processing anime episodes"}
{"level":"info","anime":"Hanaori-san Still Wants to Fight in the Next Life","time":"2026-08-09T23:41:35-03:00","caller":"episodes.go:35","message":"Processing anime episodes"}
{"level":"info","anime":"Dara-san of the Reiwa Era","time":"2026-08-09T23:41:35-03:00","caller":"episodes.go:35","message":"Processing anime episodes"}
{"level":"info","anime":"From Old Country Bumpkin to Master Swordsman II","time":"2026-08-09T23:41:35-03:00","caller":"episodes.go:35","message":"Processing anime episodes"}
{"level":"info","anime":"BLACK TORCH","time":"2026-08-09T23:41:35-03:00","caller":"episodes.go:35","message":"Processing anime episodes"}
{"level":"info","anime":"The Cat and the Dragon","time":"2026-08-09T23:41:35-03:00","caller":"episodes.go:35","message":"Processing anime episodes"}
{"level":"info","animes_checked":25,"episodes_checked":323,"episodes_downloaded":0,"total_time":0.833059,"avg_time_per_episode":0.002579,"time":"2026-08-09T23:41:35-03:00","caller":"verification.go:315","message":"Verification completed"}
{"level":"info","usernames":["JediahSk","D4NIDx"],"animes_found":25,"time":"2026-08-09T23:51:37-03:00","caller":"verification.go:525","message":"Successfully fetched animes from Anilist"}
{"level":"info","anime":"Mushoku Tensei: Jobless Reincarnation Season 3","time":"2026-08-09T23:51:37-03:00","caller":"episodes.go:35","message":"Processing anime episodes"}
{"level":"info","anime":"Chainsmoker Cat","time":"2026-08-09T23:51:37-03:00","caller":"episodes.go:35","message":"Processing anime episodes"}
{"level":"info","anime":"From Old Country Bumpkin to Master Swordsman II","time":"2026-08-09T23:51:37-03:00","caller":"episodes.go:35","message":"Processing anime episodes"}
{"level":"info","anime":"The 100 Girlfriends Who Really, Really, Really, Really, REALLY Love You Season 3","time":"2026-08-09T23:51:37-03:00","caller":"episodes.go:35","message":"Processing anime episodes"}
{"level":"info","anime":"The World Is Dancing","time":"2026-08-09T23:51:37-03:00","caller":"episodes.go:35","message":"Processing anime episodes"}
{"level":"info","anime":"You and I Are Polar Opposites Season 2","time":"2026-08-09T23:51:37-03:00","caller":"episodes.go:35","message":"Processing anime episodes"}
{"level":"info","anime":"Daemons of the Shadow Realm","time":"2026-08-09T23:51:37-03:00","caller":"episodes.go:35","message":"Processing anime episodes"}
{"level":"info","anime":"Sparks of Tomorrow","time":"2026-08-09T23:51:37-03:00","caller":"episodes.go:35","message":"Processing anime episodes"}
{"level":"info","anime":"KAIJU GIRL CARAMELISE","time":"2026-08-09T23:51:37-03:00","caller":"episodes.go:35","message":"Processing anime episodes"}
{"level":"info","anime":"THE GHOST IN THE SHELL","time":"2026-08-09T23:51:37-03:00","caller":"episodes.go:35","message":"Processing anime episodes"}
{"level":"info","anime":"The Villager of Level 999","time":"2026-08-09T23:51:37-03:00","caller":"episodes.go:35","message":"Processing anime episodes"}
{"level":"info","anime":"I Became a Legend After My 10 Year-Long Last Stand","time":"2026-08-09T23:51:37-03:00","caller":"episodes.go:35","message":"Processing anime episodes"}
{"level":"info","anime":"Love Unseen Beneath the Clear Night Sky","time":"2026-08-09T23:51:37-03:00","caller":"episodes.go:35","message":"Processing anime episodes"}
{"level":"info","anime":"The Insipid Prince's Furtive Grab for the Throne","time":"2026-08-09T23:51:37-03:00","caller":"episodes.go:35","message":"Processing anime episodes"}
{"level":"info","anime":"A Livid Lady’s Guide to Getting Even: How I Crushed My Homeland with My Mighty Grimoires","time":"2026-08-09T23:51:37-03:00","caller":"episodes.go:35","message":"Processing anime episodes"}
{"level":"info","anime":"BLACK TORCH","time":"2026-08-09T23:51:37-03:00","caller":"episodes.go:35","message":"Processing anime episodes"}
{"level":"info","anime":"The Frontier Lord Begins with Zero Subjects","time":"2026-08-09T23:51:37-03:00","caller":"episodes.go:35","message":"Processing anime episodes"}
{"level":"info","anime":"Dara-san of the Reiwa Era","time":"2026-08-09T23:51:37-03:00","caller":"episodes.go:35","message":"Processing anime episodes"}
{"level":"info","anime":"Hanaori-san Still Wants to Fight in the Next Life","time":"2026-08-09T23:51:37-03:00","caller":"episodes.go:35","message":"Processing anime episodes"}
{"level":"info","anime":"Magical Girl Lyrical Nanoha EXCEEDS Gun Blaze Vengeance","time":"2026-08-09T23:51:37-03:00","caller":"episodes.go:35","message":"Processing anime episodes"}
{"level":"info","anime":"Re:ZERO -Starting Life in Another World- Season 4","time":"2026-08-09T23:51:37-03:00","caller":"episodes.go:35","message":"Processing anime episodes"}
{"level":"info","anime":"I Want to Love You Till Your Dying Day","time":"2026-08-09T23:51:37-03:00","caller":"episodes.go:35","message":"Processing anime episodes"}
{"level":"info","anime":"Jaadugar: A Witch in Mongolia","time":"2026-08-09T23:51:37-03:00","caller":"episodes.go:35","message":"Processing anime episodes"}
{"level":"info","anime":"The Cat and the Dragon","time":"2026-08-09T23:51:37-03:00","caller":"episodes.go:35","message":"Processing anime episodes"}
{"level":"info","anime":"Smoking Behind the Supermarket with You","time":"2026-08-09T23:51:37-03:00","caller":"episodes.go:35","message":"Processing anime episodes"}
{"level":"info","animes_checked":25,"episodes_checked":323,"episodes_downloaded":0,"total_time":1.000578,"avg_time_per_episode":0.003097,"time":"2026-08-09T23:51:37-03:00","caller":"verification.go:315","message":"Verification completed"}
{"level":"info","usernames":["JediahSk","D4NIDx"],"animes_found":25,"time":"2026-08-10T00:01:39-03:00","caller":"verification.go:525","message":"Successfully fetched animes from Anilist"}
{"level":"info","anime":"Mushoku Tensei: Jobless Reincarnation Season 3","time":"2026-08-10T00:01:39-03:00","caller":"episodes.go:35","message":"Processing anime episodes"}
{"level":"info","anime":"Daemons of the Shadow Realm","time":"2026-08-10T00:01:39-03:00","caller":"episodes.go:35","message":"Processing anime episodes"}
{"level":"info","anime":"From Old Country Bumpkin to Master Swordsman II","time":"2026-08-10T00:01:39-03:00","caller":"episodes.go:35","message":"Processing anime episodes"}
{"level":"info","anime":"The Cat and the Dragon","time":"2026-08-10T00:01:39-03:00","caller":"episodes.go:35","message":"Processing anime episodes"}
{"level":"info","anime":"You and I Are Polar Opposites Season 2","time":"2026-08-10T00:01:39-03:00","caller":"episodes.go:35","message":"Processing anime episodes"}
{"level":"info","anime":"Smoking Behind the Supermarket with You","time":"2026-08-10T00:01:39-03:00","caller":"episodes.go:35","message":"Processing anime episodes"}
{"level":"info","anime":"Sparks of Tomorrow","time":"2026-08-10T00:01:39-03:00","caller":"episodes.go:35","message":"Processing anime episodes"}
{"level":"info","anime":"KAIJU GIRL CARAMELISE","time":"2026-08-10T00:01:39-03:00","caller":"episodes.go:35","message":"Processing anime episodes"}
{"level":"info","anime":"THE GHOST IN THE SHELL","time":"2026-08-10T00:01:39-03:00","caller":"episodes.go:35","message":"Processing anime episodes"}
{"level":"info","anime":"The Villager of Level 999","time":"2026-08-10T00:01:39-03:00","caller":"episodes.go:35","message":"Processing anime episodes"}
{"level":"info","anime":"I Became a Legend After My 10 Year-Long Last Stand","time":"2026-08-10T00:01:39-03:00","caller":"episodes.go:35","message":"Processing anime episodes"}
{"level":"info","anime":"Love Unseen Beneath the Clear Night Sky","time":"2026-08-10T00:01:39-03:00","caller":"episodes.go:35","message":"Processing anime episodes"}
{"level":"info","anime":"Dara-san of the Reiwa Era","time":"2026-08-10T00:01:39-03:00","caller":"episodes.go:35","message":"Processing anime episodes"}
{"level":"info","anime":"Chainsmoker Cat","time":"2026-08-10T00:01:39-03:00","caller":"episodes.go:35","message":"Processing anime episodes"}
{"level":"info","anime":"The Insipid Prince's Furtive Grab for the Throne","time":"2026-08-10T00:01:39-03:00","caller":"episodes.go:35","message":"Processing anime episodes"}
{"level":"info","anime":"Hanaori-san Still Wants to Fight in the Next Life","time":"2026-08-10T00:01:39-03:00","caller":"episodes.go:35","message":"Processing anime episodes"}
{"level":"info","anime":"A Livid Lady’s Guide to Getting Even: How I Crushed My Homeland with My Mighty Grimoires","time":"2026-08-10T00:01:39-03:00","caller":"episodes.go:35","message":"Processing anime episodes"}
{"level":"info","anime":"The Frontier Lord Begins with Zero Subjects","time":"2026-08-10T00:01:39-03:00","caller":"episodes.go:35","message":"Processing anime episodes"}
{"level":"info","anime":"BLACK TORCH","time":"2026-08-10T00:01:39-03:00","caller":"episodes.go:35","message":"Processing anime episodes"}
{"level":"info","anime":"I Want to Love You Till Your Dying Day","time":"2026-08-10T00:01:39-03:00","caller":"episodes.go:35","message":"Processing anime episodes"}
{"level":"info","anime":"Magical Girl Lyrical Nanoha EXCEEDS Gun Blaze Vengeance","time":"2026-08-10T00:01:39-03:00","caller":"episodes.go:35","message":"Processing anime episodes"}
{"level":"info","anime":"Re:ZERO -Starting Life in Another World- Season 4","time":"2026-08-10T00:01:39-03:00","caller":"episodes.go:35","message":"Processing anime episodes"}
{"level":"info","anime":"The 100 Girlfriends Who Really, Really, Really, Really, REALLY Love You Season 3","time":"2026-08-10T00:01:39-03:00","caller":"episodes.go:35","message":"Processing anime episodes"}
{"level":"info","anime":"The World Is Dancing","time":"2026-08-10T00:01:39-03:00","caller":"episodes.go:35","message":"Processing anime episodes"}
{"level":"info","anime":"Jaadugar: A Witch in Mongolia","time":"2026-08-10T00:01:39-03:00","caller":"episodes.go:35","message":"Processing anime episodes"}
{"level":"info","animes_checked":25,"episodes_checked":323,"episodes_downloaded":0,"total_time":1.093449,"avg_time_per_episode":0.003385,"time":"2026-08-10T00:01:39-03:00","caller":"verification.go:315","message":"Verification completed"}
{"level":"info","usernames":["JediahSk","D4NIDx"],"animes_found":25,"time":"2026-08-10T00:11:40-03:00","caller":"verification.go:525","message":"Successfully fetched animes from Anilist"}
{"level":"info","anime":"Mushoku Tensei: Jobless Reincarnation Season 3","time":"2026-08-10T00:11:41-03:00","caller":"episodes.go:35","message":"Processing anime episodes"}
{"level":"info","anime":"KAIJU GIRL CARAMELISE","time":"2026-08-10T00:11:41-03:00","caller":"episodes.go:35","message":"Processing anime episodes"}
{"level":"info","anime":"From Old Country Bumpkin to Master Swordsman II","time":"2026-08-10T00:11:41-03:00","caller":"episodes.go:35","message":"Processing anime episodes"}
{"level":"info","anime":"The 100 Girlfriends Who Really, Really, Really, Really, REALLY Love You Season 3","time":"2026-08-10T00:11:41-03:00","caller":"episodes.go:35","message":"Processing anime episodes"}
{"level":"info","anime":"The World Is Dancing","time":"2026-08-10T00:11:41-03:00","caller":"episodes.go:35","message":"Processing anime episodes"}
{"level":"info","anime":"The Frontier Lord Begins with Zero Subjects","time":"2026-08-10T00:11:41-03:00","caller":"episodes.go:35","message":"Processing anime episodes"}
{"level":"info","anime":"THE GHOST IN THE SHELL","time":"2026-08-10T00:11:41-03:00","caller":"episodes.go:35","message":"Processing anime episodes"}
{"level":"info","anime":"The Villager of Level 999","time":"2026-08-10T00:11:41-03:00","caller":"episodes.go:35","message":"Processing anime episodes"}
{"level":"info","anime":"I Became a Legend After My 10 Year-Long Last Stand","time":"2026-08-10T00:11:41-03:00","caller":"episodes.go:35","message":"Processing anime episodes"}
{"level":"info","anime":"A Livid Lady’s Guide to Getting Even: How I Crushed My Homeland with My Mighty Grimoires","time":"2026-08-10T00:11:41-03:00","caller":"episodes.go:35","message":"Processing anime episodes"}
{"level":"info","anime":"Hanaori-san Still Wants to Fight in the Next Life","time":"2026-08-10T00:11:41-03:00","caller":"episodes.go:35","message":"Processing anime episodes"}
{"level":"info","anime":"Dara-san of the Reiwa Era","time":"2026-08-10T00:11:41-03:00","caller":"episodes.go:35","message":"Processing anime episodes"}
{"level":"info","anime":"BLACK TORCH","time":"2026-08-10T00:11:41-03:00","caller":"episodes.go:35","message":"Processing anime episodes"}
{"level":"info","anime":"I Want to Love You Till Your Dying Day","time":"2026-08-10T00:11:41-03:00","caller":"episodes.go:35","message":"Processing anime episodes"}
{"level":"info","anime":"Magical Girl Lyrical Nanoha EXCEEDS Gun Blaze Vengeance","time":"2026-08-10T00:11:41-03:00","caller":"episodes.go:35","message":"Processing anime episodes"}
{"level":"info","anime":"Re:ZERO -Starting Life in Another World- Season 4","time":"2026-08-10T00:11:41-03:00","caller":"episodes.go:35","message":"Processing anime episodes"}
{"level":"info","anime":"Jaadugar: A Witch in Mongolia","time":"2026-08-10T00:11:41-03:00","caller":"episodes.go:35","message":"Processing anime episodes"}
{"level":"info","anime":"Smoking Behind the Supermarket with You","time":"2026-08-10T00:11:41-03:00","caller":"episodes.go:35","message":"Processing anime episodes"}
{"level":"info","anime":"Chainsmoker Cat","time":"2026-08-10T00:11:41-03:00","caller":"episodes.go:35","message":"Processing anime episodes"}
{"level":"info","anime":"The Cat and the Dragon","time":"2026-08-10T00:11:41-03:00","caller":"episodes.go:35","message":"Processing anime episodes"}
{"level":"info","anime":"Daemons of the Shadow Realm","time":"2026-08-10T00:11:41-03:00","caller":"episodes.go:35","message":"Processing anime episodes"}
{"level":"info","anime":"The Insipid Prince's Furtive Grab for the Throne","time":"2026-08-10T00:11:41-03:00","caller":"episodes.go:35","message":"Processing anime episodes"}
{"level":"info","anime":"Sparks of Tomorrow","time":"2026-08-10T00:11:41-03:00","caller":"episodes.go:35","message":"Processing anime episodes"}
{"level":"info","anime":"You and I Are Polar Opposites Season 2","time":"2026-08-10T00:11:41-03:00","caller":"episodes.go:35","message":"Processing anime episodes"}
{"level":"info","anime":"Love Unseen Beneath the Clear Night Sky","time":"2026-08-10T00:11:41-03:00","caller":"episodes.go:35","message":"Processing anime episodes"}
{"level":"info","animes_checked":25,"episodes_checked":323,"episodes_downloaded":0,"total_time":1.128856,"avg_time_per_episode":0.003494,"time":"2026-08-10T00:11:41-03:00","caller":"verification.go:315","message":"Verification completed"}
{"level":"info","usernames":["JediahSk","D4NIDx"],"animes_found":25,"time":"2026-08-10T00:21:43-03:00","caller":"verification.go:525","message":"Successfully fetched animes from Anilist"}
{"level":"info","anime":"Jaadugar: A Witch in Mongolia","time":"2026-08-10T00:21:43-03:00","caller":"episodes.go:35","message":"Processing anime episodes"}
{"level":"info","anime":"From Old Country Bumpkin to Master Swordsman II","time":"2026-08-10T00:21:43-03:00","caller":"episodes.go:35","message":"Processing anime episodes"}
{"level":"info","anime":"You and I Are Polar Opposites Season 2","time":"2026-08-10T00:21:43-03:00","caller":"episodes.go:35","message":"Processing anime episodes"}
{"level":"info","anime":"KAIJU GIRL CARAMELISE","time":"2026-08-10T00:21:43-03:00","caller":"episodes.go:35","message":"Processing anime episodes"}
{"level":"info","anime":"Smoking Behind the Supermarket with You","time":"2026-08-10T00:21:43-03:00","caller":"episodes.go:35","message":"Processing anime episodes"}
{"level":"info","anime":"Sparks of Tomorrow","time":"2026-08-10T00:21:43-03:00","caller":"episodes.go:35","message":"Processing anime episodes"}
{"level":"info","anime":"Daemons of the Shadow Realm","time":"2026-08-10T00:21:43-03:00","caller":"episodes.go:35","message":"Processing anime episodes"}
{"level":"info","anime":"The Villager of Level 999","time":"2026-08-10T00:21:43-03:00","caller":"episodes.go:35","message":"Processing anime episodes"}
{"level":"info","anime":"Mushoku Tensei: Jobless Reincarnation Season 3","time":"2026-08-10T00:21:43-03:00","caller":"episodes.go:35","message":"Processing anime episodes"}
{"level":"info","anime":"I Became a Legend After My 10 Year-Long Last Stand","time":"2026-08-10T00:21:43-03:00","caller":"episodes.go:35","message":"Processing anime episodes"}
{"level":"info","anime":"A Livid Lady’s Guide to Getting Even: How I Crushed My Homeland with My Mighty Grimoires","time":"2026-08-10T00:21:43-03:00","caller":"episodes.go:35","message":"Processing anime episodes"}
{"level":"info","anime":"The Frontier Lord Begins with Zero Subjects","time":"2026-08-10T00:21:43-03:00","caller":"episodes.go:35","message":"Processing anime episodes"}
{"level":"info","anime":"Love Unseen Beneath the Clear Night Sky","time":"2026-08-10T00:21:43-03:00","caller":"episodes.go:35","message":"Processing anime episodes"}
{"level":"info","anime":"Hanaori-san Still Wants to Fight in the Next Life","time":"2026-08-10T00:21:43-03:00","caller":"episodes.go:35","message":"Processing anime episodes"}
{"level":"info","anime":"The Cat and the Dragon","time":"2026-08-10T00:21:43-03:00","caller":"episodes.go:35","message":"Processing anime episodes"}
{"level":"info","anime":"THE GHOST IN THE SHELL","time":"2026-08-10T00:21:43-03:00","caller":"episodes.go:35","message":"Processing anime episodes"}
{"level":"info","anime":"The Insipid Prince's Furtive Grab for the Throne","time":"2026-08-10T00:21:43-03:00","caller":"episodes.go:35","message":"Processing anime episodes"}
{"level":"info","anime":"I Want to Love You Till Your Dying Day","time":"2026-08-10T00:21:43-03:00","caller":"episodes.go:35","message":"Processing anime episodes"}
{"level":"info","anime":"Magical Girl Lyrical Nanoha EXCEEDS Gun Blaze Vengeance","time":"2026-08-10T00:21:43-03:00","caller":"episodes.go:35","message":"Processing anime episodes"}
{"level":"info","anime":"Re:ZERO -Starting Life in Another World- Season 4","time":"2026-08-10T00:21:43-03:00","caller":"episodes.go:35","message":"Processing anime episodes"}
{"level":"info","anime":"BLACK TORCH","time":"2026-08-10T00:21:43-03:00","caller":"episodes.go:35","message":"Processing anime episodes"}
{"level":"info","anime":"The 100 Girlfriends Who Really, Really, Really, Really, REALLY Love You Season 3","time":"2026-08-10T00:21:43-03:00","caller":"episodes.go:35","message":"Processing anime episodes"}
{"level":"info","anime":"Chainsmoker Cat","time":"2026-08-10T00:21:43-03:00","caller":"episodes.go:35","message":"Processing anime episodes"}
{"level":"info","anime":"The World Is Dancing","time":"2026-08-10T00:21:43-03:00","caller":"episodes.go:35","message":"Processing anime episodes"}
{"level":"info","anime":"Dara-san of the Reiwa Era","time":"2026-08-10T00:21:43-03:00","caller":"episodes.go:35","message":"Processing anime episodes"}
{"level":"info","animes_checked":25,"episodes_checked":323,"episodes_downloaded":0,"total_time":0.742596,"avg_time_per_episode":0.002299,"time":"2026-08-10T00:21:43-03:00","caller":"verification.go:315","message":"Verification completed"}
{"level":"info","usernames":["JediahSk","D4NIDx"],"animes_found":25,"time":"2026-08-10T00:31:45-03:00","caller":"verification.go:525","message":"Successfully fetched animes from Anilist"}
{"level":"info","anime":"The 100 Girlfriends Who Really, Really, Really, Really, REALLY Love You Season 3","time":"2026-08-10T00:31:45-03:00","caller":"episodes.go:35","message":"Processing anime episodes"}
{"level":"info","anime":"Mushoku Tensei: Jobless Reincarnation Season 3","time":"2026-08-10T00:31:45-03:00","caller":"episodes.go:35","message":"Processing anime episodes"}
{"level":"info","anime":"From Old Country Bumpkin to Master Swordsman II","time":"2026-08-10T00:31:45-03:00","caller":"episodes.go:35","message":"Processing anime episodes"}
{"level":"info","anime":"The Cat and the Dragon","time":"2026-08-10T00:31:45-03:00","caller":"episodes.go:35","message":"Processing anime episodes"}
{"level":"info","anime":"The Insipid Prince's Furtive Grab for the Throne","time":"2026-08-10T00:31:45-03:00","caller":"episodes.go:35","message":"Processing anime episodes"}
{"level":"info","anime":"Love Unseen Beneath the Clear Night Sky","time":"2026-08-10T00:31:45-03:00","caller":"episodes.go:35","message":"Processing anime episodes"}
{"level":"info","anime":"The Frontier Lord Begins with Zero Subjects","time":"2026-08-10T00:31:45-03:00","caller":"episodes.go:35","message":"Processing anime episodes"}
{"level":"info","anime":"A Livid Lady’s Guide to Getting Even: How I Crushed My Homeland with My Mighty Grimoires","time":"2026-08-10T00:31:45-03:00","caller":"episodes.go:35","message":"Processing anime episodes"}
{"level":"info","anime":"I Want to Love You Till Your Dying Day","time":"2026-08-10T00:31:45-03:00","caller":"episodes.go:35","message":"Processing anime episodes"}
{"level":"info","anime":"Dara-san of the Reiwa Era","time":"2026-08-10T00:31:45-03:00","caller":"episodes.go:35","message":"Processing anime episodes"}
{"level":"info","anime":"BLACK TORCH","time":"2026-08-10T00:31:45-03:00","caller":"episodes.go:35","message":"Processing anime episodes"}
{"level":"info","anime":"Smoking Behind the Supermarket with You","time":"2026-08-10T00:31:45-03:00","caller":"episodes.go:35","message":"Processing anime episodes"}
{"level":"info","anime":"The World Is Dancing","time":"2026-08-10T00:31:45-03:00","caller":"episodes.go:35","message":"Processing anime episodes"}
{"level":"info","anime":"Chainsmoker Cat","time":"2026-08-10T00:31:45-03:00","caller":"episodes.go:35","message":"Processing anime episodes"}
{"level":"info","anime":"Jaadugar: A Witch in Mongolia","time":"2026-08-10T00:31:45-03:00","caller":"episodes.go:35","message":"Processing anime episodes"}
{"level":"info","anime":"You and I Are Polar Opposites Season 2","time":"2026-08-10T00:31:45-03:00","caller":"episodes.go:35","message":"Processing anime episodes"}
{"level":"info","anime":"THE GHOST IN THE SHELL","time":"2026-08-10T00:31:45-03:00","caller":"episodes.go:35","message":"Processing anime episodes"}
{"level":"info","anime":"KAIJU GIRL CARAMELISE","time":"2026-08-10T00:31:45-03:00","caller":"episodes.go:35","message":"Processing anime episodes"}
{"level":"info","anime":"Daemons of the Shadow Realm","time":"2026-08-10T00:31:45-03:00","caller":"episodes.go:35","message":"Processing anime episodes"}
{"level":"info","anime":"The Villager of Level 999","time":"2026-08-10T00:31:45-03:00","caller":"episodes.go:35","message":"Processing anime episodes"}
{"level":"info","anime":"Re:ZERO -Starting Life in Another World- Season 4","time":"2026-08-10T00:31:45-03:00","caller":"episodes.go:35","message":"Processing anime episodes"}
{"level":"info","anime":"I Became a Legend After My 10 Year-Long Last Stand","time":"2026-08-10T00:31:45-03:00","caller":"episodes.go:35","message":"Processing anime episodes"}
{"level":"info","anime":"Sparks of Tomorrow","time":"2026-08-10T00:31:45-03:00","caller":"episodes.go:35","message":"Processing anime episodes"}
{"level":"info","anime":"Hanaori-san Still Wants to Fight in the Next Life","time":"2026-08-10T00:31:45-03:00","caller":"episodes.go:35","message":"Processing anime episodes"}
{"level":"info","anime":"Magical Girl Lyrical Nanoha EXCEEDS Gun Blaze Vengeance","time":"2026-08-10T00:31:45-03:00","caller":"episodes.go:35","message":"Processing anime episodes"}
{"level":"info","animes_checked":25,"episodes_checked":323,"episodes_downloaded":0,"total_time":0.588243,"avg_time_per_episode":0.001821,"time":"2026-08-10T00:31:45-03:00","caller":"verification.go:315","message":"Verification completed"}
{"level":"info","method":"GET","path":"/","remote_addr":"192.168.0.100:52162","status":200,"duration":0.213057,"time":"2026-08-10T00:36:00-03:00","caller":"middleware.go:26","message":"HTTP request"}
{"level":"info","method":"GET","path":"/assets/index-DaAEhw2G.css","remote_addr":"192.168.0.100:52178","status":200,"duration":1.092375,"time":"2026-08-10T00:36:00-03:00","caller":"middleware.go:26","message":"HTTP request"}
{"level":"info","method":"GET","path":"/assets/index-Ax_qHwsE.js","remote_addr":"192.168.0.100:52162","status":200,"duration":2.663641,"time":"2026-08-10T00:36:00-03:00","caller":"middleware.go:26","message":"HTTP request"}
{"level":"info","method":"GET","path":"/api/v1/status","remote_addr":"192.168.0.100:52178","status":200,"duration":0.895615,"time":"2026-08-10T00:36:00-03:00","caller":"middleware.go:26","message":"HTTP request"}
{"level":"info","method":"GET","path":"/api/v1/torrents","remote_addr":"192.168.0.100:52162","status":200,"duration":3.143179,"time":"2026-08-10T00:36:00-03:00","caller":"middleware.go:26","message":"HTTP request"}
{"level":"info","clients":1,"time":"2026-08-10T00:36:00-03:00","caller":"websocket.go:97","message":"WebSocket client connected"}
{"level":"info","method":"GET","path":"/api/v1/config","remote_addr":"192.168.0.100:52180","status":200,"duration":1.368635,"time":"2026-08-10T00:36:00-03:00","caller":"middleware.go:26","message":"HTTP request"}
{"level":"info","method":"GET","path":"/api/v1/status","remote_addr":"192.168.0.100:52162","status":200,"duration":1.554062,"time":"2026-08-10T00:36:00-03:00","caller":"middleware.go:26","message":"HTTP request"}
{"level":"info","method":"GET","path":"/api/v1/torrents","remote_addr":"192.168.0.100:52202","status":200,"duration":3.184662,"time":"2026-08-10T00:36:00-03:00","caller":"middleware.go:26","message":"HTTP request"}
{"level":"info","method":"GET","path":"/assets/manrope-latin-600-normal-4f0koTD-.woff2","remote_addr":"192.168.0.100:52162","status":200,"duration":0.32565,"time":"2026-08-10T00:36:00-03:00","caller":"middleware.go:26","message":"HTTP request"}
{"level":"info","method":"GET","path":"/assets/manrope-latin-700-normal-BZp_XxE4.woff2","remote_addr":"192.168.0.100:52202","status":200,"duration":0.418817,"time":"2026-08-10T00:36:00-03:00","caller":"middleware.go:26","message":"HTTP request"}
{"level":"info","method":"GET","path":"/assets/manrope-latin-400-normal-PaqtzbVb.woff2","remote_addr":"192.168.0.100:52180","status":200,"duration":0.189983,"time":"2026-08-10T00:36:00-03:00","caller":"middleware.go:26","message":"HTTP request"}
{"level":"info","method":"GET","path":"/assets/manrope-latin-500-normal-BYYD-dBL.woff2","remote_addr":"192.168.0.100:52218","status":200,"duration":0.135611,"time":"2026-08-10T00:36:00-03:00","caller":"middleware.go:26","message":"HTTP request"}
{"level":"info","method":"GET","path":"/assets/manrope-latin-800-normal-BfWYOv1c.woff2","remote_addr":"192.168.0.100:52214","status":200,"duration":0.103407,"time":"2026-08-10T00:36:00-03:00","caller":"middleware.go:26","message":"HTTP request"}
{"level":"info","method":"GET","path":"/assets/jetbrains-mono-latin-400-normal-V6pRDFza.woff2","remote_addr":"192.168.0.100:52218","status":200,"duration":0.335076,"time":"2026-08-10T00:36:00-03:00","caller":"middleware.go:26","message":"HTTP request"}
{"level":"info","method":"GET","path":"/api/v1/animes","remote_addr":"192.168.0.100:52178","status":200,"duration":1533.186312,"time":"2026-08-10T00:36:02-03:00","caller":"middleware.go:26","message":"HTTP request"}
{"level":"info","method":"GET","path":"/assets/jetbrains-mono-latin-700-normal-BYuf6tUa.woff2","remote_addr":"192.168.0.100:52178","status":200,"duration":0.626521,"time":"2026-08-10T00:36:02-03:00","caller":"middleware.go:26","message":"HTTP request"}
{"level":"info","time":"2026-08-10T00:36:02-03:00","caller":"endpoint_check.go:52","message":"Manual check triggered via API"}
{"level":"info","method":"POST","path":"/api/v1/check","remote_addr":"192.168.0.100:52178","status":200,"duration":0.078797,"time":"2026-08-10T00:36:02-03:00","caller":"middleware.go:26","message":"HTTP request"}
{"level":"info","method":"GET","path":"/api/v1/animes","remote_addr":"192.168.0.100:52218","status":200,"duration":1347.454128,"time":"2026-08-10T00:36:03-03:00","caller":"middleware.go:26","message":"HTTP request"}
{"level":"info","usernames":["JediahSk","D4NIDx"],"animes_found":24,"time":"2026-08-10T00:36:03-03:00","caller":"verification.go:525","message":"Successfully fetched animes from Anilist"}
{"level":"info","anime":"Mushoku Tensei: Jobless Reincarnation Season 3","time":"2026-08-10T00:36:04-03:00","caller":"episodes.go:35","message":"Processing anime episodes"}
{"level":"info","anime":"I Became a Legend After My 10 Year-Long Last Stand","time":"2026-08-10T00:36:04-03:00","caller":"episodes.go:35","message":"Processing anime episodes"}
{"level":"info","anime":"The World Is Dancing","time":"2026-08-10T00:36:04-03:00","caller":"episodes.go:35","message":"Processing anime episodes"}
{"level":"info","anime":"Daemons of the Shadow Realm","time":"2026-08-10T00:36:04-03:00","caller":"episodes.go:35","message":"Processing anime episodes"}
{"level":"info","anime":"The Cat and the Dragon","time":"2026-08-10T00:36:04-03:00","caller":"episodes.go:35","message":"Processing anime episodes"}
{"level":"info","anime":"From Old Country Bumpkin to Master Swordsman II","time":"2026-08-10T00:36:04-03:00","caller":"episodes.go:35","message":"Processing anime episodes"}
{"level":"info","anime":"Love Unseen Beneath the Clear Night Sky","time":"2026-08-10T00:36:04-03:00","caller":"episodes.go:35","message":"Processing anime episodes"}
{"level":"info","anime":"The Frontier Lord Begins with Zero Subjects","time":"2026-08-10T00:36:04-03:00","caller":"episodes.go:35","message":"Processing anime episodes"}
{"level":"info","anime":"A Livid Lady’s Guide to Getting Even: How I Crushed My Homeland with My Mighty Grimoires","time":"2026-08-10T00:36:04-03:00","caller":"episodes.go:35","message":"Processing anime episodes"}
{"level":"info","anime":"Hanaori-san Still Wants to Fight in the Next Life","time":"2026-08-10T00:36:04-03:00","caller":"episodes.go:35","message":"Processing anime episodes"}
{"level":"info","anime":"Dara-san of the Reiwa Era","time":"2026-08-10T00:36:04-03:00","caller":"episodes.go:35","message":"Processing anime episodes"}
{"level":"info","anime":"BLACK TORCH","time":"2026-08-10T00:36:04-03:00","caller":"episodes.go:35","message":"Processing anime episodes"}
{"level":"info","anime":"I Want to Love You Till Your Dying Day","time":"2026-08-10T00:36:04-03:00","caller":"episodes.go:35","message":"Processing anime episodes"}
{"level":"info","anime":"Re:ZERO -Starting Life in Another World- Season 4","time":"2026-08-10T00:36:04-03:00","caller":"episodes.go:35","message":"Processing anime episodes"}
{"level":"info","anime":"Smoking Behind the Supermarket with You","time":"2026-08-10T00:36:04-03:00","caller":"episodes.go:35","message":"Processing anime episodes"}
{"level":"info","anime":"KAIJU GIRL CARAMELISE","time":"2026-08-10T00:36:04-03:00","caller":"episodes.go:35","message":"Processing anime episodes"}
{"level":"info","anime":"THE GHOST IN THE SHELL","time":"2026-08-10T00:36:04-03:00","caller":"episodes.go:35","message":"Processing anime episodes"}
{"level":"info","anime":"Sparks of Tomorrow","time":"2026-08-10T00:36:04-03:00","caller":"episodes.go:35","message":"Processing anime episodes"}
{"level":"info","anime":"Jaadugar: A Witch in Mongolia","time":"2026-08-10T00:36:04-03:00","caller":"episodes.go:35","message":"Processing anime episodes"}
{"level":"info","anime":"Chainsmoker Cat","time":"2026-08-10T00:36:04-03:00","caller":"episodes.go:35","message":"Processing anime episodes"}
{"level":"info","anime":"You and I Are Polar Opposites Season 2","time":"2026-08-10T00:36:04-03:00","caller":"episodes.go:35","message":"Processing anime episodes"}
{"level":"info","anime":"The Villager of Level 999","time":"2026-08-10T00:36:04-03:00","caller":"episodes.go:35","message":"Processing anime episodes"}
{"level":"info","anime":"The 100 Girlfriends Who Really, Really, Really, Really, REALLY Love You Season 3","time":"2026-08-10T00:36:04-03:00","caller":"episodes.go:35","message":"Processing anime episodes"}
{"level":"info","anime":"The Insipid Prince's Furtive Grab for the Throne","time":"2026-08-10T00:36:04-03:00","caller":"episodes.go:35","message":"Processing anime episodes"}
{"level":"info","hash":"155afbfe8b94ec324c04109864f2cff67333470a","time":"2026-08-10T00:36:04-03:00","caller":"episodes.go:526","message":"Removed torrent (seeding copy)"}
{"level":"info","hash":"85ffe12e95476cb255b29e4152989306428fadd5","time":"2026-08-10T00:36:04-03:00","caller":"episodes.go:526","message":"Removed torrent (seeding copy)"}
{"level":"info","hash":"df8bba985cbe2602729542d2955c09baf481beaa","time":"2026-08-10T00:36:04-03:00","caller":"episodes.go:526","message":"Removed torrent (seeding copy)"}
{"level":"info","hash":"27e1db2beaade1c962232d55299de961301ca5b0","time":"2026-08-10T00:36:04-03:00","caller":"episodes.go:526","message":"Removed torrent (seeding copy)"}
{"level":"info","hash":"d405199af2fefed95042c5c8b5055f5e0949f5e1","time":"2026-08-10T00:36:04-03:00","caller":"episodes.go:526","message":"Removed torrent (seeding copy)"}
{"level":"info","hash":"b317bbb9c4c2b019cd30fb6c208786c788108fca","time":"2026-08-10T00:36:04-03:00","caller":"episodes.go:526","message":"Removed torrent (seeding copy)"}
{"level":"info","animes_checked":24,"episodes_checked":310,"episodes_downloaded":0,"total_time":0.678873,"avg_time_per_episode":0.002189,"time":"2026-08-10T00:36:04-03:00","caller":"verification.go:315","message":"Verification completed"}
{"level":"info","method":"GET","path":"/api/v1/animes","remote_addr":"192.168.0.100:52178","status":200,"duration":1021.052469,"time":"2026-08-10T00:36:04-03:00","caller":"middleware.go:26","message":"HTTP request"}
{"level":"info","method":"GET","path":"/api/v1/animes","remote_addr":"192.168.0.100:52218","status":200,"duration":789.411946,"time":"2026-08-10T00:36:05-03:00","caller":"middleware.go:26","message":"HTTP request"}
{"level":"info","method":"GET","path":"/api/v1/torrents","remote_addr":"192.168.0.100:52218","status":200,"duration":2.086453,"time":"2026-08-10T00:36:05-03:00","caller":"middleware.go:26","message":"HTTP request"}
{"level":"info","method":"GET","path":"/api/v1/torrents","remote_addr":"192.168.0.100:52218","status":200,"duration":2.863123,"time":"2026-08-10T00:36:10-03:00","caller":"middleware.go:26","message":"HTTP request"}
{"level":"info","method":"GET","path":"/api/v1/torrents","remote_addr":"192.168.0.100:52218","status":200,"duration":2.813734,"time":"2026-08-10T00:36:10-03:00","caller":"middleware.go:26","message":"HTTP request"}
{"level":"info","method":"GET","path":"/api/v1/torrents","remote_addr":"192.168.0.100:52218","status":200,"duration":2.902549,"time":"2026-08-10T00:36:15-03:00","caller":"middleware.go:26","message":"HTTP request"}
{"level":"info","method":"GET","path":"/api/v1/torrents","remote_addr":"192.168.0.100:52218","status":200,"duration":2.019842,"time":"2026-08-10T00:36:20-03:00","caller":"middleware.go:26","message":"HTTP request"}
{"level":"info","method":"GET","path":"/api/v1/torrents","remote_addr":"192.168.0.100:52218","status":200,"duration":1.833526,"time":"2026-08-10T00:36:20-03:00","caller":"middleware.go:26","message":"HTTP request"}
{"level":"info","method":"GET","path":"/api/v1/torrents","remote_addr":"192.168.0.100:52218","status":200,"duration":2.833012,"time":"2026-08-10T00:36:25-03:00","caller":"middleware.go:26","message":"HTTP request"}
{"level":"info","method":"GET","path":"/api/v1/torrents","remote_addr":"192.168.0.100:52218","status":200,"duration":2.546455,"time":"2026-08-10T00:36:30-03:00","caller":"middleware.go:26","message":"HTTP request"}
{"level":"info","method":"GET","path":"/api/v1/torrents","remote_addr":"192.168.0.100:52214","status":200,"duration":2.037287,"time":"2026-08-10T00:36:30-03:00","caller":"middleware.go:26","message":"HTTP request"}
{"level":"info","method":"GET","path":"/api/v1/animes","remote_addr":"192.168.0.100:52178","status":200,"duration":924.160976,"time":"2026-08-10T00:36:31-03:00","caller":"middleware.go:26","message":"HTTP request"}
{"level":"info","method":"GET","path":"/api/v1/torrents","remote_addr":"192.168.0.100:52178","status":200,"duration":2.05412,"time":"2026-08-10T00:36:35-03:00","caller":"middleware.go:26","message":"HTTP request"}
{"level":"info","method":"GET","path":"/","remote_addr":"192.168.0.100:52178","status":200,"duration":0.03963,"time":"2026-08-10T00:36:38-03:00","caller":"middleware.go:26","message":"HTTP request"}
{"level":"info","clients":0,"time":"2026-08-10T00:36:38-03:00","caller":"websocket.go:106","message":"WebSocket client disconnected"}
{"level":"info","method":"GET","path":"/assets/index-Ax_qHwsE.js","remote_addr":"192.168.0.100:52178","status":200,"duration":0.219019,"time":"2026-08-10T00:36:38-03:00","caller":"middleware.go:26","message":"HTTP request"}
{"level":"info","method":"GET","path":"/assets/index-DaAEhw2G.css","remote_addr":"192.168.0.100:52214","status":200,"duration":0.473206,"time":"2026-08-10T00:36:38-03:00","caller":"middleware.go:26","message":"HTTP request"}
{"level":"info","method":"GET","path":"/api/v1/status","remote_addr":"192.168.0.100:52214","status":200,"duration":0.275816,"time":"2026-08-10T00:36:38-03:00","caller":"middleware.go:26","message":"HTTP request"}
{"level":"info","method":"GET","path":"/api/v1/torrents","remote_addr":"192.168.0.100:52178","status":200,"duration":2.781512,"time":"2026-08-10T00:36:38-03:00","caller":"middleware.go:26","message":"HTTP request"}
{"level":"info","method":"GET","path":"/api/v1/status","remote_addr":"192.168.0.100:52218","status":200,"duration":0.312372,"time":"2026-08-10T00:36:38-03:00","caller":"middleware.go:26","message":"HTTP request"}
{"level":"info","clients":1,"time":"2026-08-10T00:36:38-03:00","caller":"websocket.go:97","message":"WebSocket client connected"}
{"level":"info","method":"GET","path":"/api/v1/config","remote_addr":"192.168.0.100:52162","status":200,"duration":0.278464,"time":"2026-08-10T00:36:38-03:00","caller":"middleware.go:26","message":"HTTP request"}
{"level":"info","method":"GET","path":"/api/v1/torrents","remote_addr":"192.168.0.100:52214","status":200,"duration":3.262866,"time":"2026-08-10T00:36:38-03:00","caller":"middleware.go:26","message":"HTTP request"}
{"level":"info","method":"GET","path":"/assets/manrope-latin-700-normal-BZp_XxE4.woff2","remote_addr":"192.168.0.100:52162","status":200,"duration":0.141075,"time":"2026-08-10T00:36:38-03:00","caller":"middleware.go:26","message":"HTTP request"}
{"level":"info","method":"GET","path":"/assets/manrope-latin-800-normal-BfWYOv1c.woff2","remote_addr":"192.168.0.100:52202","status":200,"duration":0.186797,"time":"2026-08-10T00:36:38-03:00","caller":"middleware.go:26","message":"HTTP request"}
{"level":"info","method":"GET","path":"/assets/manrope-latin-600-normal-4f0koTD-.woff2","remote_addr":"192.168.0.100:52218","status":200,"duration":0.107445,"time":"2026-08-10T00:36:38-03:00","caller":"middleware.go:26","message":"HTTP request"}
{"level":"info","method":"GET","path":"/assets/manrope-latin-400-normal-PaqtzbVb.woff2","remote_addr":"192.168.0.100:52178","status":200,"duration":0.086945,"time":"2026-08-10T00:36:38-03:00","caller":"middleware.go:26","message":"HTTP request"}
{"level":"info","method":"GET","path":"/assets/manrope-latin-500-normal-BYYD-dBL.woff2","remote_addr":"192.168.0.100:52214","status":200,"duration":0.070667,"time":"2026-08-10T00:36:38-03:00","caller":"middleware.go:26","message":"HTTP request"}
{"level":"info","method":"GET","path":"/assets/jetbrains-mono-latin-400-normal-V6pRDFza.woff2","remote_addr":"192.168.0.100:52214","status":200,"duration":0.082574,"time":"2026-08-10T00:36:38-03:00","caller":"middleware.go:26","message":"HTTP request"}
{"level":"info","method":"GET","path":"/favicon.png","remote_addr":"192.168.0.100:52214","status":200,"duration":0.695559,"time":"2026-08-10T00:36:38-03:00","caller":"middleware.go:26","message":"HTTP request"}
{"level":"info","method":"GET","path":"/api/v1/animes","remote_addr":"192.168.0.100:52180","status":200,"duration":952.300095,"time":"2026-08-10T00:36:39-03:00","caller":"middleware.go:26","message":"HTTP request"}
{"level":"info","method":"GET","path":"/assets/jetbrains-mono-latin-700-normal-BYuf6tUa.woff2","remote_addr":"192.168.0.100:52180","status":200,"duration":0.066945,"time":"2026-08-10T00:36:39-03:00","caller":"middleware.go:26","message":"HTTP request"}
{"level":"warn","status_code":429,"time":"2026-08-10T00:36:39-03:00","caller":"anilist.go:226","message":"Anilist returned non-200 status"}
{"level":"warn","error":"API returned status code: 429","username":"D4NIDx","time":"2026-08-10T00:36:39-03:00","caller":"anilist.go:278","message":"Failed to fetch customLists map"}
{"level":"warn","status_code":429,"time":"2026-08-10T00:36:39-03:00","caller":"anilist.go:226","message":"Anilist returned non-200 status"}
{"level":"warn","error":"API returned status code: 429","time":"2026-08-10T00:36:39-03:00","caller":"endpoint_animes.go:316","message":"Failed to fetch AniList current animes, skipping merge"}
{"level":"warn","time":"2026-08-10T00:36:39-03:00","caller":"endpoint_animes.go:176","message":"Skipping orphan refresh: AniList list fetch failed, coverage unknown"}
{"level":"info","method":"GET","path":"/api/v1/animes","remote_addr":"192.168.0.100:52214","status":200,"duration":732.130896,"time":"2026-08-10T00:36:39-03:00","caller":"middleware.go:26","message":"HTTP request"}
{"level":"info","clients":0,"time":"2026-08-10T00:36:41-03:00","caller":"websocket.go:106","message":"WebSocket client disconnected"}
{"level":"info","usernames":["JediahSk","D4NIDx"],"animes_found":23,"time":"2026-08-10T00:41:46-03:00","caller":"verification.go:525","message":"Successfully fetched animes from Anilist"}
{"level":"info","anime":"The 100 Girlfriends Who Really, Really, Really, Really, REALLY Love You Season 3","time":"2026-08-10T00:41:46-03:00","caller":"episodes.go:35","message":"Processing anime episodes"}
{"level":"info","anime":"Mushoku Tensei: Jobless Reincarnation Season 3","time":"2026-08-10T00:41:46-03:00","caller":"episodes.go:35","message":"Processing anime episodes"}
{"level":"info","anime":"Hanaori-san Still Wants to Fight in the Next Life","time":"2026-08-10T00:41:46-03:00","caller":"episodes.go:35","message":"Processing anime episodes"}
{"level":"info","anime":"From Old Country Bumpkin to Master Swordsman II","time":"2026-08-10T00:41:46-03:00","caller":"episodes.go:35","message":"Processing anime episodes"}
{"level":"info","anime":"BLACK TORCH","time":"2026-08-10T00:41:46-03:00","caller":"episodes.go:35","message":"Processing anime episodes"}
{"level":"info","anime":"The Cat and the Dragon","time":"2026-08-10T00:41:46-03:00","caller":"episodes.go:35","message":"Processing anime episodes"}
{"level":"info","anime":"I Want to Love You Till Your Dying Day","time":"2026-08-10T00:41:46-03:00","caller":"episodes.go:35","message":"Processing anime episodes"}
{"level":"info","anime":"The Frontier Lord Begins with Zero Subjects","time":"2026-08-10T00:41:46-03:00","caller":"episodes.go:35","message":"Processing anime episodes"}
{"level":"info","anime":"Re:ZERO -Starting Life in Another World- Season 4","time":"2026-08-10T00:41:46-03:00","caller":"episodes.go:35","message":"Processing anime episodes"}
{"level":"info","anime":"A Livid Lady’s Guide to Getting Even: How I Crushed My Homeland with My Mighty Grimoires","time":"2026-08-10T00:41:46-03:00","caller":"episodes.go:35","message":"Processing anime episodes"}
{"level":"info","anime":"Smoking Behind the Supermarket with You","time":"2026-08-10T00:41:46-03:00","caller":"episodes.go:35","message":"Processing anime episodes"}
{"level":"info","anime":"KAIJU GIRL CARAMELISE","time":"2026-08-10T00:41:46-03:00","caller":"episodes.go:35","message":"Processing anime episodes"}
{"level":"info","anime":"The World Is Dancing","time":"2026-08-10T00:41:46-03:00","caller":"episodes.go:35","message":"Processing anime episodes"}
{"level":"info","anime":"Sparks of Tomorrow","time":"2026-08-10T00:41:46-03:00","caller":"episodes.go:35","message":"Processing anime episodes"}
{"level":"info","anime":"Chainsmoker Cat","time":"2026-08-10T00:41:46-03:00","caller":"episodes.go:35","message":"Processing anime episodes"}
{"level":"info","anime":"Jaadugar: A Witch in Mongolia","time":"2026-08-10T00:41:46-03:00","caller":"episodes.go:35","message":"Processing anime episodes"}
{"level":"info","anime":"You and I Are Polar Opposites Season 2","time":"2026-08-10T00:41:46-03:00","caller":"episodes.go:35","message":"Processing anime episodes"}
{"level":"info","anime":"The Villager of Level 999","time":"2026-08-10T00:41:46-03:00","caller":"episodes.go:35","message":"Processing anime episodes"}
{"level":"info","anime":"THE GHOST IN THE SHELL","time":"2026-08-10T00:41:46-03:00","caller":"episodes.go:35","message":"Processing anime episodes"}
{"level":"info","anime":"Daemons of the Shadow Realm","time":"2026-08-10T00:41:46-03:00","caller":"episodes.go:35","message":"Processing anime episodes"}
{"level":"info","anime":"I Became a Legend After My 10 Year-Long Last Stand","time":"2026-08-10T00:41:46-03:00","caller":"episodes.go:35","message":"Processing anime episodes"}
{"level":"info","anime":"Dara-san of the Reiwa Era","time":"2026-08-10T00:41:46-03:00","caller":"episodes.go:35","message":"Processing anime episodes"}
{"level":"info","anime":"Love Unseen Beneath the Clear Night Sky","time":"2026-08-10T00:41:46-03:00","caller":"episodes.go:35","message":"Processing anime episodes"}
{"level":"info","hash":"29519e7fcf5a8da4db5a454f23a069d7a9142516","time":"2026-08-10T00:41:47-03:00","caller":"episodes.go:526","message":"Removed torrent (seeding copy)"}
{"level":"info","hash":"ac2e73fd13363e7cd82178c0bc2c94f8eb51f89f","time":"2026-08-10T00:41:47-03:00","caller":"episodes.go:526","message":"Removed torrent (seeding copy)"}
{"level":"info","hash":"25ed3490ba1a03c894a1601ad17e92fd78e84a77","time":"2026-08-10T00:41:47-03:00","caller":"episodes.go:526","message":"Removed torrent (seeding copy)"}
{"level":"info","hash":"40b4300932694f3724c8948029ffbe55275c2913","time":"2026-08-10T00:41:47-03:00","caller":"episodes.go:526","message":"Removed torrent (seeding copy)"}
{"level":"info","animes_checked":23,"episodes_checked":298,"episodes_downloaded":0,"total_time":1.262894,"avg_time_per_episode":0.004237,"time":"2026-08-10T00:41:47-03:00","caller":"verification.go:315","message":"Verification completed"}
{"level":"info","usernames":["JediahSk","D4NIDx"],"animes_found":21,"time":"2026-08-10T00:51:48-03:00","caller":"verification.go:525","message":"Successfully fetched animes from Anilist"}
{"level":"info","anime":"The 100 Girlfriends Who Really, Really, Really, Really, REALLY Love You Season 3","time":"2026-08-10T00:51:49-03:00","caller":"episodes.go:35","message":"Processing anime episodes"}
{"level":"info","anime":"From Old Country Bumpkin to Master Swordsman II","time":"2026-08-10T00:51:49-03:00","caller":"episodes.go:35","message":"Processing anime episodes"}
{"level":"info","anime":"Hanaori-san Still Wants to Fight in the Next Life","time":"2026-08-10T00:51:49-03:00","caller":"episodes.go:35","message":"Processing anime episodes"}
{"level":"info","anime":"Love Unseen Beneath the Clear Night Sky","time":"2026-08-10T00:51:49-03:00","caller":"episodes.go:35","message":"Processing anime episodes"}
{"level":"info","anime":"The Cat and the Dragon","time":"2026-08-10T00:51:49-03:00","caller":"episodes.go:35","message":"Processing anime episodes"}
{"level":"info","anime":"The Frontier Lord Begins with Zero Subjects","time":"2026-08-10T00:51:49-03:00","caller":"episodes.go:35","message":"Processing anime episodes"}
{"level":"info","anime":"You and I Are Polar Opposites Season 2","time":"2026-08-10T00:51:49-03:00","caller":"episodes.go:35","message":"Processing anime episodes"}
{"level":"info","anime":"The World Is Dancing","time":"2026-08-10T00:51:49-03:00","caller":"episodes.go:35","message":"Processing anime episodes"}
{"level":"info","anime":"Chainsmoker Cat","time":"2026-08-10T00:51:49-03:00","caller":"episodes.go:35","message":"Processing anime episodes"}
{"level":"info","anime":"Jaadugar: A Witch in Mongolia","time":"2026-08-10T00:51:49-03:00","caller":"episodes.go:35","message":"Processing anime episodes"}
{"level":"info","anime":"BLACK TORCH","time":"2026-08-10T00:51:49-03:00","caller":"episodes.go:35","message":"Processing anime episodes"}
{"level":"info","anime":"Dara-san of the Reiwa Era","time":"2026-08-10T00:51:49-03:00","caller":"episodes.go:35","message":"Processing anime episodes"}
{"level":"info","anime":"Sparks of Tomorrow","time":"2026-08-10T00:51:49-03:00","caller":"episodes.go:35","message":"Processing anime episodes"}
{"level":"info","anime":"Smoking Behind the Supermarket with You","time":"2026-08-10T00:51:49-03:00","caller":"episodes.go:35","message":"Processing anime episodes"}
{"level":"info","anime":"KAIJU GIRL CARAMELISE","time":"2026-08-10T00:51:49-03:00","caller":"episodes.go:35","message":"Processing anime episodes"}
{"level":"info","anime":"THE GHOST IN THE SHELL","time":"2026-08-10T00:51:49-03:00","caller":"episodes.go:35","message":"Processing anime episodes"}
{"level":"info","anime":"Re:ZERO -Starting Life in Another World- Season 4","time":"2026-08-10T00:51:49-03:00","caller":"episodes.go:35","message":"Processing anime episodes"}
{"level":"info","anime":"I Want to Love You Till Your Dying Day","time":"2026-08-10T00:51:49-03:00","caller":"episodes.go:35","message":"Processing anime episodes"}
{"level":"info","anime":"Daemons of the Shadow Realm","time":"2026-08-10T00:51:49-03:00","caller":"episodes.go:35","message":"Processing anime episodes"}
{"level":"info","anime":"I Became a Legend After My 10 Year-Long Last Stand","time":"2026-08-10T00:51:49-03:00","caller":"episodes.go:35","message":"Processing anime episodes"}
{"level":"info","anime":"Mushoku Tensei: Jobless Reincarnation Season 3","time":"2026-08-10T00:51:49-03:00","caller":"episodes.go:35","message":"Processing anime episodes"}
{"level":"info","title":"kimi ga shinu made koi wo shitai","torrents_found":19,"attempt":1,"time":"2026-08-10T00:51:50-03:00","caller":"search.go:65","message":"Found multiple episodes torrents on Nyaa"}
{"level":"info","hash":"ced1d7b3b0be28f40f0480d63c2241deb47c0299","name":"[SubsPlease] Kimi ga Shinu made Koi wo Shitai - 01 (1080p) [0EA1E149].mkv","time":"2026-08-10T00:51:50-03:00","caller":"session.go:88","message":"Added torrent to embedded client"}
{"level":"info","episode":"I Want to Love You Till Your Dying Day - Episode 1","hash":"ced1d7b3b0be28f40f0480d63c2241deb47c0299","time":"2026-08-10T00:51:50-03:00","caller":"episodes.go:335","message":"Successfully added episode to embedded torrent client"}
{"level":"info","hash":"fe43c2f4486754c4f8e6a4707a137439a6fea7a3","name":"[SubsPlease] Kimi ga Shinu made Koi wo Shitai - 02 (1080p) [7ADD4E30].mkv","time":"2026-08-10T00:51:50-03:00","caller":"session.go:88","message":"Added torrent to embedded client"}
{"level":"info","episode":"I Want to Love You Till Your Dying Day - Episode 2","hash":"fe43c2f4486754c4f8e6a4707a137439a6fea7a3","time":"2026-08-10T00:51:50-03:00","caller":"episodes.go:335","message":"Successfully added episode to embedded torrent client"}
{"level":"info","count":2,"time":"2026-08-10T00:51:50-03:00","caller":"episodes.go:606","message":"Saved episodes to file"}
{"level":"info","hash":"672fe567235e14c2f56ee196c2197b159991138a","time":"2026-08-10T00:51:50-03:00","caller":"episodes.go:526","message":"Removed torrent (seeding copy)"}
{"level":"info","hash":"84b31ccacfec40be5ee696042775dcd493c3c1b9","time":"2026-08-10T00:51:50-03:00","caller":"episodes.go:526","message":"Removed torrent (seeding copy)"}
{"level":"info","hash":"dd4c9b88c9053fd33e82efe82a215a3ed54fa9ec","time":"2026-08-10T00:51:50-03:00","caller":"episodes.go:526","message":"Removed torrent (seeding copy)"}
{"level":"info","hash":"4d0d1eca15fa2506e825b8c4df3bde086a013e8f","time":"2026-08-10T00:51:50-03:00","caller":"episodes.go:526","message":"Removed torrent (seeding copy)"}
{"level":"info","hash":"e00362a950d2f280acb86657678a160fae805059","time":"2026-08-10T00:51:50-03:00","caller":"episodes.go:526","message":"Removed torrent (seeding copy)"}
{"level":"info","hash":"3a0e429b41c04890e0c25c85ec3458a5974c5868","time":"2026-08-10T00:51:50-03:00","caller":"episodes.go:526","message":"Removed torrent (seeding copy)"}
{"level":"info","animes_checked":21,"episodes_checked":274,"episodes_downloaded":2,"total_time":1057.986056,"avg_time_per_episode":3.861262,"time":"2026-08-10T00:51:50-03:00","caller":"verification.go:315","message":"Verification completed"}
{"level":"info","hash":"fe43c2f4486754c4f8e6a4707a137439a6fea7a3","anime":"I Want to Love You Till Your Dying Day","files":1,"time":"2026-08-10T00:52:47-03:00","caller":"jobs.go:387","message":"Organized torrent into library"}
{"level":"info","id":"1786333963755038542","type":"organize","time":"2026-08-10T00:52:47-03:00","caller":"jobs.go:201","message":"Job queue: job completed"}
{"level":"info","hash":"ced1d7b3b0be28f40f0480d63c2241deb47c0299","anime":"I Want to Love You Till Your Dying Day","files":1,"time":"2026-08-10T00:52:52-03:00","caller":"jobs.go:387","message":"Organized torrent into library"}
{"level":"info","id":"1786333968644296052","type":"organize","time":"2026-08-10T00:52:52-03:00","caller":"jobs.go:201","message":"Job queue: job completed"}
{"level":"info","usernames":["JediahSk","D4NIDx"],"animes_found":21,"time":"2026-08-10T01:01:51-03:00","caller":"verification.go:525","message":"Successfully fetched animes from Anilist"}
{"level":"info","anime":"Mushoku Tensei: Jobless Reincarnation Season 3","time":"2026-08-10T01:01:52-03:00","caller":"episodes.go:35","message":"Processing anime episodes"}
{"level":"info","anime":"Sparks of Tomorrow","time":"2026-08-10T01:01:52-03:00","caller":"episodes.go:35","message":"Processing anime episodes"}
{"level":"info","anime":"Daemons of the Shadow Realm","time":"2026-08-10T01:01:52-03:00","caller":"episodes.go:35","message":"Processing anime episodes"}
{"level":"info","anime":"KAIJU GIRL CARAMELISE","time":"2026-08-10T01:01:52-03:00","caller":"episodes.go:35","message":"Processing anime episodes"}
{"level":"info","anime":"THE GHOST IN THE SHELL","time":"2026-08-10T01:01:52-03:00","caller":"episodes.go:35","message":"Processing anime episodes"}
{"level":"info","anime":"You and I Are Polar Opposites Season 2","time":"2026-08-10T01:01:52-03:00","caller":"episodes.go:35","message":"Processing anime episodes"}
{"level":"info","anime":"The 100 Girlfriends Who Really, Really, Really, Really, REALLY Love You Season 3","time":"2026-08-10T01:01:52-03:00","caller":"episodes.go:35","message":"Processing anime episodes"}
{"level":"info","anime":"I Became a Legend After My 10 Year-Long Last Stand","time":"2026-08-10T01:01:52-03:00","caller":"episodes.go:35","message":"Processing anime episodes"}
{"level":"info","anime":"The World Is Dancing","time":"2026-08-10T01:01:52-03:00","caller":"episodes.go:35","message":"Processing anime episodes"}
{"level":"info","anime":"Chainsmoker Cat","time":"2026-08-10T01:01:52-03:00","caller":"episodes.go:35","message":"Processing anime episodes"}
{"level":"info","anime":"Jaadugar: A Witch in Mongolia","time":"2026-08-10T01:01:52-03:00","caller":"episodes.go:35","message":"Processing anime episodes"}
{"level":"info","anime":"Love Unseen Beneath the Clear Night Sky","time":"2026-08-10T01:01:52-03:00","caller":"episodes.go:35","message":"Processing anime episodes"}
{"level":"info","anime":"Smoking Behind the Supermarket with You","time":"2026-08-10T01:01:52-03:00","caller":"episodes.go:35","message":"Processing anime episodes"}
{"level":"info","anime":"Dara-san of the Reiwa Era","time":"2026-08-10T01:01:52-03:00","caller":"episodes.go:35","message":"Processing anime episodes"}
{"level":"info","anime":"BLACK TORCH","time":"2026-08-10T01:01:52-03:00","caller":"episodes.go:35","message":"Processing anime episodes"}
{"level":"info","anime":"From Old Country Bumpkin to Master Swordsman II","time":"2026-08-10T01:01:52-03:00","caller":"episodes.go:35","message":"Processing anime episodes"}
{"level":"info","anime":"The Cat and the Dragon","time":"2026-08-10T01:01:52-03:00","caller":"episodes.go:35","message":"Processing anime episodes"}
{"level":"info","anime":"The Frontier Lord Begins with Zero Subjects","time":"2026-08-10T01:01:52-03:00","caller":"episodes.go:35","message":"Processing anime episodes"}
{"level":"info","anime":"Re:ZERO -Starting Life in Another World- Season 4","time":"2026-08-10T01:01:52-03:00","caller":"episodes.go:35","message":"Processing anime episodes"}
{"level":"info","anime":"Hanaori-san Still Wants to Fight in the Next Life","time":"2026-08-10T01:01:52-03:00","caller":"episodes.go:35","message":"Processing anime episodes"}
{"level":"info","anime":"I Want to Love You Till Your Dying Day","time":"2026-08-10T01:01:52-03:00","caller":"episodes.go:35","message":"Processing anime episodes"}
{"level":"info","animes_checked":21,"episodes_checked":274,"episodes_downloaded":0,"total_time":0.682355,"avg_time_per_episode":0.00249,"time":"2026-08-10T01:01:52-03:00","caller":"verification.go:315","message":"Verification completed"}
{"level":"info","method":"GET","path":"/","remote_addr":"192.168.0.100:34304","status":200,"duration":0.044833,"time":"2026-08-10T01:04:03-03:00","caller":"middleware.go:26","message":"HTTP request"}
{"level":"info","method":"GET","path":"/assets/index-DaAEhw2G.css","remote_addr":"192.168.0.100:34316","status":200,"duration":0.790744,"time":"2026-08-10T01:04:03-03:00","caller":"middleware.go:26","message":"HTTP request"}
{"level":"info","method":"GET","path":"/assets/index-Ax_qHwsE.js","remote_addr":"192.168.0.100:34304","status":200,"duration":3.654888,"time":"2026-08-10T01:04:03-03:00","caller":"middleware.go:26","message":"HTTP request"}
{"level":"info","method":"GET","path":"/api/v1/status","remote_addr":"192.168.0.100:34316","status":200,"duration":1.096783,"time":"2026-08-10T01:04:03-03:00","caller":"middleware.go:26","message":"HTTP request"}
{"level":"info","method":"GET","path":"/api/v1/torrents","remote_addr":"192.168.0.100:34304","status":200,"duration":3.370349,"time":"2026-08-10T01:04:03-03:00","caller":"middleware.go:26","message":"HTTP request"}
{"level":"info","clients":1,"time":"2026-08-10T01:04:03-03:00","caller":"websocket.go:97","message":"WebSocket client connected"}
{"level":"info","method":"GET","path":"/api/v1/config","remote_addr":"192.168.0.100:34340","status":200,"duration":1.415859,"time":"2026-08-10T01:04:03-03:00","caller":"middleware.go:26","message":"HTTP request"}
{"level":"info","method":"GET","path":"/api/v1/status","remote_addr":"192.168.0.100:34366","status":200,"duration":1.58673,"time":"2026-08-10T01:04:03-03:00","caller":"middleware.go:26","message":"HTTP request"}
{"level":"info","method":"GET","path":"/api/v1/torrents","remote_addr":"192.168.0.100:34352","status":200,"duration":2.877346,"time":"2026-08-10T01:04:03-03:00","caller":"middleware.go:26","message":"HTTP request"}
{"level":"info","method":"GET","path":"/assets/manrope-latin-700-normal-BZp_XxE4.woff2","remote_addr":"192.168.0.100:34352","status":200,"duration":0.126649,"time":"2026-08-10T01:04:03-03:00","caller":"middleware.go:26","message":"HTTP request"}
{"level":"info","method":"GET","path":"/assets/manrope-latin-800-normal-BfWYOv1c.woff2","remote_addr":"192.168.0.100:34304","status":200,"duration":0.146242,"time":"2026-08-10T01:04:03-03:00","caller":"middleware.go:26","message":"HTTP request"}
{"level":"info","method":"GET","path":"/assets/manrope-latin-400-normal-PaqtzbVb.woff2","remote_addr":"192.168.0.100:34340","status":200,"duration":0.091668,"time":"2026-08-10T01:04:03-03:00","caller":"middleware.go:26","message":"HTTP request"}
{"level":"info","method":"GET","path":"/assets/manrope-latin-600-normal-4f0koTD-.woff2","remote_addr":"192.168.0.100:34366","status":200,"duration":0.057482,"time":"2026-08-10T01:04:03-03:00","caller":"middleware.go:26","message":"HTTP request"}
{"level":"info","method":"GET","path":"/assets/manrope-latin-500-normal-BYYD-dBL.woff2","remote_addr":"192.168.0.100:34316","status":200,"duration":0.097945,"time":"2026-08-10T01:04:03-03:00","caller":"middleware.go:26","message":"HTTP request"}
{"level":"info","method":"GET","path":"/assets/jetbrains-mono-latin-400-normal-V6pRDFza.woff2","remote_addr":"192.168.0.100:34366","status":200,"duration":0.089834,"time":"2026-08-10T01:04:03-03:00","caller":"middleware.go:26","message":"HTTP request"}
{"level":"info","method":"GET","path":"/api/v1/animes","remote_addr":"192.168.0.100:34328","status":200,"duration":1051.362297,"time":"2026-08-10T01:04:04-03:00","caller":"middleware.go:26","message":"HTTP request"}
{"level":"info","method":"GET","path":"/assets/jetbrains-mono-latin-700-normal-BYuf6tUa.woff2","remote_addr":"192.168.0.100:34328","status":200,"duration":0.113297,"time":"2026-08-10T01:04:04-03:00","caller":"middleware.go:26","message":"HTTP request"}
{"level":"info","method":"GET","path":"/api/v1/animes","remote_addr":"192.168.0.100:34366","status":200,"duration":954.861666,"time":"2026-08-10T01:04:05-03:00","caller":"middleware.go:26","message":"HTTP request"}
{"level":"info","method":"GET","path":"/api/v1/torrents","remote_addr":"192.168.0.100:34366","status":200,"duration":1.792379,"time":"2026-08-10T01:04:08-03:00","caller":"middleware.go:26","message":"HTTP request"}
{"level":"info","time":"2026-08-10T01:04:08-03:00","caller":"endpoint_check.go:52","message":"Manual check triggered via API"}
{"level":"info","method":"POST","path":"/api/v1/check","remote_addr":"192.168.0.100:34366","status":200,"duration":0.074167,"time":"2026-08-10T01:04:08-03:00","caller":"middleware.go:26","message":"HTTP request"}
{"level":"info","method":"GET","path":"/api/v1/animes","remote_addr":"192.168.0.100:34366","status":200,"duration":816.213284,"time":"2026-08-10T01:04:09-03:00","caller":"middleware.go:26","message":"HTTP request"}
{"level":"info","usernames":["JediahSk","D4NIDx"],"animes_found":21,"time":"2026-08-10T01:04:09-03:00","caller":"verification.go:525","message":"Successfully fetched animes from Anilist"}
{"level":"info","anime":"Mushoku Tensei: Jobless Reincarnation Season 3","time":"2026-08-10T01:04:10-03:00","caller":"episodes.go:35","message":"Processing anime episodes"}
{"level":"info","anime":"The World Is Dancing","time":"2026-08-10T01:04:10-03:00","caller":"episodes.go:35","message":"Processing anime episodes"}
{"level":"info","anime":"I Became a Legend After My 10 Year-Long Last Stand","time":"2026-08-10T01:04:10-03:00","caller":"episodes.go:35","message":"Processing anime episodes"}
{"level":"info","anime":"From Old Country Bumpkin to Master Swordsman II","time":"2026-08-10T01:04:10-03:00","caller":"episodes.go:35","message":"Processing anime episodes"}
{"level":"info","anime":"Chainsmoker Cat","time":"2026-08-10T01:04:10-03:00","caller":"episodes.go:35","message":"Processing anime episodes"}
{"level":"info","anime":"Jaadugar: A Witch in Mongolia","time":"2026-08-10T01:04:10-03:00","caller":"episodes.go:35","message":"Processing anime episodes"}
{"level":"info","anime":"You and I Are Polar Opposites Season 2","time":"2026-08-10T01:04:10-03:00","caller":"episodes.go:35","message":"Processing anime episodes"}
{"level":"info","anime":"Love Unseen Beneath the Clear Night Sky","time":"2026-08-10T01:04:10-03:00","caller":"episodes.go:35","message":"Processing anime episodes"}
{"level":"info","anime":"The Cat and the Dragon","time":"2026-08-10T01:04:10-03:00","caller":"episodes.go:35","message":"Processing anime episodes"}
{"level":"info","anime":"Smoking Behind the Supermarket with You","time":"2026-08-10T01:04:10-03:00","caller":"episodes.go:35","message":"Processing anime episodes"}
{"level":"info","anime":"The Frontier Lord Begins with Zero Subjects","time":"2026-08-10T01:04:10-03:00","caller":"episodes.go:35","message":"Processing anime episodes"}
{"level":"info","anime":"Sparks of Tomorrow","time":"2026-08-10T01:04:10-03:00","caller":"episodes.go:35","message":"Processing anime episodes"}
{"level":"info","anime":"Hanaori-san Still Wants to Fight in the Next Life","time":"2026-08-10T01:04:10-03:00","caller":"episodes.go:35","message":"Processing anime episodes"}
{"level":"info","anime":"KAIJU GIRL CARAMELISE","time":"2026-08-10T01:04:10-03:00","caller":"episodes.go:35","message":"Processing anime episodes"}
{"level":"info","anime":"Dara-san of the Reiwa Era","time":"2026-08-10T01:04:10-03:00","caller":"episodes.go:35","message":"Processing anime episodes"}
{"level":"info","anime":"Re:ZERO -Starting Life in Another World- Season 4","time":"2026-08-10T01:04:10-03:00","caller":"episodes.go:35","message":"Processing anime episodes"}
{"level":"info","anime":"BLACK TORCH","time":"2026-08-10T01:04:10-03:00","caller":"episodes.go:35","message":"Processing anime episodes"}
{"level":"info","anime":"I Want to Love You Till Your Dying Day","time":"2026-08-10T01:04:10-03:00","caller":"episodes.go:35","message":"Processing anime episodes"}
{"level":"info","anime":"THE GHOST IN THE SHELL","time":"2026-08-10T01:04:10-03:00","caller":"episodes.go:35","message":"Processing anime episodes"}
{"level":"info","anime":"The 100 Girlfriends Who Really, Really, Really, Really, REALLY Love You Season 3","time":"2026-08-10T01:04:10-03:00","caller":"episodes.go:35","message":"Processing anime episodes"}
{"level":"info","anime":"Daemons of the Shadow Realm","time":"2026-08-10T01:04:10-03:00","caller":"episodes.go:35","message":"Processing anime episodes"}
{"level":"info","animes_checked":21,"episodes_checked":274,"episodes_downloaded":0,"total_time":0.655318,"avg_time_per_episode":0.002391,"time":"2026-08-10T01:04:10-03:00","caller":"verification.go:315","message":"Verification completed"}
{"level":"info","method":"GET","path":"/api/v1/animes","remote_addr":"192.168.0.100:34366","status":200,"duration":916.50895,"time":"2026-08-10T01:04:11-03:00","caller":"middleware.go:26","message":"HTTP request"}
{"level":"info","method":"GET","path":"/api/v1/torrents","remote_addr":"192.168.0.100:34366","status":200,"duration":2.082288,"time":"2026-08-10T01:04:13-03:00","caller":"middleware.go:26","message":"HTTP request"}
{"level":"info","method":"GET","path":"/api/v1/torrents","remote_addr":"192.168.0.100:34366","status":200,"duration":1.836008,"time":"2026-08-10T01:04:13-03:00","caller":"middleware.go:26","message":"HTTP request"}
{"level":"info","method":"GET","path":"/api/v1/torrents","remote_addr":"192.168.0.100:34366","status":200,"duration":2.584197,"time":"2026-08-10T01:04:18-03:00","caller":"middleware.go:26","message":"HTTP request"}
{"level":"info","clients":0,"time":"2026-08-10T01:04:22-03:00","caller":"websocket.go:106","message":"WebSocket client disconnected"}
{"level":"info","usernames":["JediahSk","D4NIDx"],"animes_found":21,"time":"2026-08-10T01:11:53-03:00","caller":"verification.go:525","message":"Successfully fetched animes from Anilist"}
{"level":"info","anime":"The World Is Dancing","time":"2026-08-10T01:11:53-03:00","caller":"episodes.go:35","message":"Processing anime episodes"}
{"level":"info","anime":"The 100 Girlfriends Who Really, Really, Really, Really, REALLY Love You Season 3","time":"2026-08-10T01:11:53-03:00","caller":"episodes.go:35","message":"Processing anime episodes"}
{"level":"info","anime":"I Became a Legend After My 10 Year-Long Last Stand","time":"2026-08-10T01:11:53-03:00","caller":"episodes.go:35","message":"Processing anime episodes"}
{"level":"info","anime":"Chainsmoker Cat","time":"2026-08-10T01:11:53-03:00","caller":"episodes.go:35","message":"Processing anime episodes"}
{"level":"info","anime":"Jaadugar: A Witch in Mongolia","time":"2026-08-10T01:11:53-03:00","caller":"episodes.go:35","message":"Processing anime episodes"}
{"level":"info","anime":"You and I Are Polar Opposites Season 2","time":"2026-08-10T01:11:53-03:00","caller":"episodes.go:35","message":"Processing anime episodes"}
{"level":"info","anime":"From Old Country Bumpkin to Master Swordsman II","time":"2026-08-10T01:11:53-03:00","caller":"episodes.go:35","message":"Processing anime episodes"}
{"level":"info","anime":"Sparks of Tomorrow","time":"2026-08-10T01:11:53-03:00","caller":"episodes.go:35","message":"Processing anime episodes"}
{"level":"info","anime":"Daemons of the Shadow Realm","time":"2026-08-10T01:11:53-03:00","caller":"episodes.go:35","message":"Processing anime episodes"}
{"level":"info","anime":"KAIJU GIRL CARAMELISE","time":"2026-08-10T01:11:53-03:00","caller":"episodes.go:35","message":"Processing anime episodes"}
{"level":"info","anime":"THE GHOST IN THE SHELL","time":"2026-08-10T01:11:53-03:00","caller":"episodes.go:35","message":"Processing anime episodes"}
{"level":"info","anime":"Hanaori-san Still Wants to Fight in the Next Life","time":"2026-08-10T01:11:53-03:00","caller":"episodes.go:35","message":"Processing anime episodes"}
{"level":"info","anime":"Love Unseen Beneath the Clear Night Sky","time":"2026-08-10T01:11:53-03:00","caller":"episodes.go:35","message":"Processing anime episodes"}
{"level":"info","anime":"Mushoku Tensei: Jobless Reincarnation Season 3","time":"2026-08-10T01:11:53-03:00","caller":"episodes.go:35","message":"Processing anime episodes"}
{"level":"info","anime":"The Frontier Lord Begins with Zero Subjects","time":"2026-08-10T01:11:53-03:00","caller":"episodes.go:35","message":"Processing anime episodes"}
{"level":"info","anime":"BLACK TORCH","time":"2026-08-10T01:11:53-03:00","caller":"episodes.go:35","message":"Processing anime episodes"}
{"level":"info","anime":"The Cat and the Dragon","time":"2026-08-10T01:11:53-03:00","caller":"episodes.go:35","message":"Processing anime episodes"}
{"level":"info","anime":"I Want to Love You Till Your Dying Day","time":"2026-08-10T01:11:53-03:00","caller":"episodes.go:35","message":"Processing anime episodes"}
{"level":"info","anime":"Smoking Behind the Supermarket with You","time":"2026-08-10T01:11:53-03:00","caller":"episodes.go:35","message":"Processing anime episodes"}
{"level":"info","anime":"Re:ZERO -Starting Life in Another World- Season 4","time":"2026-08-10T01:11:53-03:00","caller":"episodes.go:35","message":"Processing anime episodes"}
{"level":"info","anime":"Dara-san of the Reiwa Era","time":"2026-08-10T01:11:53-03:00","caller":"episodes.go:35","message":"Processing anime episodes"}
{"level":"info","animes_checked":21,"episodes_checked":274,"episodes_downloaded":0,"total_time":0.719503,"avg_time_per_episode":0.002625,"time":"2026-08-10T01:11:53-03:00","caller":"verification.go:315","message":"Verification completed"}
{"level":"info","usernames":["JediahSk","D4NIDx"],"animes_found":21,"time":"2026-08-10T01:21:55-03:00","caller":"verification.go:525","message":"Successfully fetched animes from Anilist"}
{"level":"info","anime":"Chainsmoker Cat","time":"2026-08-10T01:21:56-03:00","caller":"episodes.go:35","message":"Processing anime episodes"}
{"level":"info","anime":"Love Unseen Beneath the Clear Night Sky","time":"2026-08-10T01:21:56-03:00","caller":"episodes.go:35","message":"Processing anime episodes"}
{"level":"info","anime":"Mushoku Tensei: Jobless Reincarnation Season 3","time":"2026-08-10T01:21:56-03:00","caller":"episodes.go:35","message":"Processing anime episodes"}
{"level":"info","anime":"From Old Country Bumpkin to Master Swordsman II","time":"2026-08-10T01:21:56-03:00","caller":"episodes.go:35","message":"Processing anime episodes"}
{"level":"info","anime":"The 100 Girlfriends Who Really, Really, Really, Really, REALLY Love You Season 3","time":"2026-08-10T01:21:56-03:00","caller":"episodes.go:35","message":"Processing anime episodes"}
{"level":"info","anime":"BLACK TORCH","time":"2026-08-10T01:21:56-03:00","caller":"episodes.go:35","message":"Processing anime episodes"}
{"level":"info","anime":"The Frontier Lord Begins with Zero Subjects","time":"2026-08-10T01:21:56-03:00","caller":"episodes.go:35","message":"Processing anime episodes"}
{"level":"info","anime":"I Want to Love You Till Your Dying Day","time":"2026-08-10T01:21:56-03:00","caller":"episodes.go:35","message":"Processing anime episodes"}
{"level":"info","anime":"Daemons of the Shadow Realm","time":"2026-08-10T01:21:56-03:00","caller":"episodes.go:35","message":"Processing anime episodes"}
{"level":"info","anime":"Re:ZERO -Starting Life in Another World- Season 4","time":"2026-08-10T01:21:56-03:00","caller":"episodes.go:35","message":"Processing anime episodes"}
{"level":"info","anime":"Hanaori-san Still Wants to Fight in the Next Life","time":"2026-08-10T01:21:56-03:00","caller":"episodes.go:35","message":"Processing anime episodes"}
{"level":"info","anime":"The World Is Dancing","time":"2026-08-10T01:21:56-03:00","caller":"episodes.go:35","message":"Processing anime episodes"}
{"level":"info","anime":"Sparks of Tomorrow","time":"2026-08-10T01:21:56-03:00","caller":"episodes.go:35","message":"Processing anime episodes"}
{"level":"info","anime":"THE GHOST IN THE SHELL","time":"2026-08-10T01:21:56-03:00","caller":"episodes.go:35","message":"Processing anime episodes"}
{"level":"info","anime":"Jaadugar: A Witch in Mongolia","time":"2026-08-10T01:21:56-03:00","caller":"episodes.go:35","message":"Processing anime episodes"}
{"level":"info","anime":"KAIJU GIRL CARAMELISE","time":"2026-08-10T01:21:56-03:00","caller":"episodes.go:35","message":"Processing anime episodes"}
{"level":"info","anime":"You and I Are Polar Opposites Season 2","time":"2026-08-10T01:21:56-03:00","caller":"episodes.go:35","message":"Processing anime episodes"}
{"level":"info","anime":"Smoking Behind the Supermarket with You","time":"2026-08-10T01:21:56-03:00","caller":"episodes.go:35","message":"Processing anime episodes"}
{"level":"info","anime":"I Became a Legend After My 10 Year-Long Last Stand","time":"2026-08-10T01:21:56-03:00","caller":"episodes.go:35","message":"Processing anime episodes"}
{"level":"info","anime":"Dara-san of the Reiwa Era","time":"2026-08-10T01:21:56-03:00","caller":"episodes.go:35","message":"Processing anime episodes"}
{"level":"info","anime":"The Cat and the Dragon","time":"2026-08-10T01:21:56-03:00","caller":"episodes.go:35","message":"Processing anime episodes"}
{"level":"info","animes_checked":21,"episodes_checked":274,"episodes_downloaded":0,"total_time":0.67828,"avg_time_per_episode":0.002475,"time":"2026-08-10T01:21:56-03:00","caller":"verification.go:315","message":"Verification completed"}
{"level":"info","usernames":["JediahSk","D4NIDx"],"animes_found":21,"time":"2026-08-10T01:31:57-03:00","caller":"verification.go:525","message":"Successfully fetched animes from Anilist"}
{"level":"info","anime":"Mushoku Tensei: Jobless Reincarnation Season 3","time":"2026-08-10T01:31:58-03:00","caller":"episodes.go:35","message":"Processing anime episodes"}
{"level":"info","anime":"Jaadugar: A Witch in Mongolia","time":"2026-08-10T01:31:58-03:00","caller":"episodes.go:35","message":"Processing anime episodes"}
{"level":"info","anime":"Sparks of Tomorrow","time":"2026-08-10T01:31:58-03:00","caller":"episodes.go:35","message":"Processing anime episodes"}
{"level":"info","anime":"From Old Country Bumpkin to Master Swordsman II","time":"2026-08-10T01:31:58-03:00","caller":"episodes.go:35","message":"Processing anime episodes"}
{"level":"info","anime":"Chainsmoker Cat","time":"2026-08-10T01:31:58-03:00","caller":"episodes.go:35","message":"Processing anime episodes"}
{"level":"info","anime":"You and I Are Polar Opposites Season 2","time":"2026-08-10T01:31:58-03:00","caller":"episodes.go:35","message":"Processing anime episodes"}
{"level":"info","anime":"Smoking Behind the Supermarket with You","time":"2026-08-10T01:31:58-03:00","caller":"episodes.go:35","message":"Processing anime episodes"}
{"level":"info","anime":"Daemons of the Shadow Realm","time":"2026-08-10T01:31:58-03:00","caller":"episodes.go:35","message":"Processing anime episodes"}
{"level":"info","anime":"The Frontier Lord Begins with Zero Subjects","time":"2026-08-10T01:31:58-03:00","caller":"episodes.go:35","message":"Processing anime episodes"}
{"level":"info","anime":"KAIJU GIRL CARAMELISE","time":"2026-08-10T01:31:58-03:00","caller":"episodes.go:35","message":"Processing anime episodes"}
{"level":"info","anime":"The 100 Girlfriends Who Really, Really, Really, Really, REALLY Love You Season 3","time":"2026-08-10T01:31:58-03:00","caller":"episodes.go:35","message":"Processing anime episodes"}
{"level":"info","anime":"I Became a Legend After My 10 Year-Long Last Stand","time":"2026-08-10T01:31:58-03:00","caller":"episodes.go:35","message":"Processing anime episodes"}
{"level":"info","anime":"Love Unseen Beneath the Clear Night Sky","time":"2026-08-10T01:31:58-03:00","caller":"episodes.go:35","message":"Processing anime episodes"}
{"level":"info","anime":"The Cat and the Dragon","time":"2026-08-10T01:31:58-03:00","caller":"episodes.go:35","message":"Processing anime episodes"}
{"level":"info","anime":"I Want to Love You Till Your Dying Day","time":"2026-08-10T01:31:58-03:00","caller":"episodes.go:35","message":"Processing anime episodes"}
{"level":"info","anime":"BLACK TORCH","time":"2026-08-10T01:31:58-03:00","caller":"episodes.go:35","message":"Processing anime episodes"}
{"level":"info","anime":"THE GHOST IN THE SHELL","time":"2026-08-10T01:31:58-03:00","caller":"episodes.go:35","message":"Processing anime episodes"}
{"level":"info","anime":"Re:ZERO -Starting Life in Another World- Season 4","time":"2026-08-10T01:31:58-03:00","caller":"episodes.go:35","message":"Processing anime episodes"}
{"level":"info","anime":"Hanaori-san Still Wants to Fight in the Next Life","time":"2026-08-10T01:31:58-03:00","caller":"episodes.go:35","message":"Processing anime episodes"}
{"level":"info","anime":"Dara-san of the Reiwa Era","time":"2026-08-10T01:31:58-03:00","caller":"episodes.go:35","message":"Processing anime episodes"}
{"level":"info","anime":"The World Is Dancing","time":"2026-08-10T01:31:58-03:00","caller":"episodes.go:35","message":"Processing anime episodes"}
{"level":"info","animes_checked":21,"episodes_checked":274,"episodes_downloaded":0,"total_time":0.524965,"avg_time_per_episode":0.001915,"time":"2026-08-10T01:31:58-03:00","caller":"verification.go:315","message":"Verification completed"}
{"level":"info","usernames":["JediahSk","D4NIDx"],"animes_found":21,"time":"2026-08-10T01:41:59-03:00","caller":"verification.go:525","message":"Successfully fetched animes from Anilist"}
{"level":"info","anime":"The World Is Dancing","time":"2026-08-10T01:42:00-03:00","caller":"episodes.go:35","message":"Processing anime episodes"}
{"level":"info","anime":"Mushoku Tensei: Jobless Reincarnation Season 3","time":"2026-08-10T01:42:00-03:00","caller":"episodes.go:35","message":"Processing anime episodes"}
{"level":"info","anime":"KAIJU GIRL CARAMELISE","time":"2026-08-10T01:42:00-03:00","caller":"episodes.go:35","message":"Processing anime episodes"}
{"level":"info","anime":"Daemons of the Shadow Realm","time":"2026-08-10T01:42:00-03:00","caller":"episodes.go:35","message":"Processing anime episodes"}
{"level":"info","anime":"You and I Are Polar Opposites Season 2","time":"2026-08-10T01:42:00-03:00","caller":"episodes.go:35","message":"Processing anime episodes"}
{"level":"info","anime":"Smoking Behind the Supermarket with You","time":"2026-08-10T01:42:00-03:00","caller":"episodes.go:35","message":"Processing anime episodes"}
{"level":"info","anime":"Sparks of Tomorrow","time":"2026-08-10T01:42:00-03:00","caller":"episodes.go:35","message":"Processing anime episodes"}
{"level":"info","anime":"From Old Country Bumpkin to Master Swordsman II","time":"2026-08-10T01:42:00-03:00","caller":"episodes.go:35","message":"Processing anime episodes"}
{"level":"info","anime":"Hanaori-san Still Wants to Fight in the Next Life","time":"2026-08-10T01:42:00-03:00","caller":"episodes.go:35","message":"Processing anime episodes"}
{"level":"info","anime":"I Became a Legend After My 10 Year-Long Last Stand","time":"2026-08-10T01:42:00-03:00","caller":"episodes.go:35","message":"Processing anime episodes"}
{"level":"info","anime":"Love Unseen Beneath the Clear Night Sky","time":"2026-08-10T01:42:00-03:00","caller":"episodes.go:35","message":"Processing anime episodes"}
{"level":"info","anime":"The Cat and the Dragon","time":"2026-08-10T01:42:00-03:00","caller":"episodes.go:35","message":"Processing anime episodes"}
{"level":"info","anime":"The Frontier Lord Begins with Zero Subjects","time":"2026-08-10T01:42:00-03:00","caller":"episodes.go:35","message":"Processing anime episodes"}
{"level":"info","anime":"THE GHOST IN THE SHELL","time":"2026-08-10T01:42:00-03:00","caller":"episodes.go:35","message":"Processing anime episodes"}
{"level":"info","anime":"BLACK TORCH","time":"2026-08-10T01:42:00-03:00","caller":"episodes.go:35","message":"Processing anime episodes"}
{"level":"info","anime":"Dara-san of the Reiwa Era","time":"2026-08-10T01:42:00-03:00","caller":"episodes.go:35","message":"Processing anime episodes"}
{"level":"info","anime":"The 100 Girlfriends Who Really, Really, Really, Really, REALLY Love You Season 3","time":"2026-08-10T01:42:00-03:00","caller":"episodes.go:35","message":"Processing anime episodes"}
{"level":"info","anime":"I Want to Love You Till Your Dying Day","time":"2026-08-10T01:42:00-03:00","caller":"episodes.go:35","message":"Processing anime episodes"}
{"level":"info","anime":"Re:ZERO -Starting Life in Another World- Season 4","time":"2026-08-10T01:42:00-03:00","caller":"episodes.go:35","message":"Processing anime episodes"}
{"level":"info","anime":"Jaadugar: A Witch in Mongolia","time":"2026-08-10T01:42:00-03:00","caller":"episodes.go:35","message":"Processing anime episodes"}
{"level":"info","anime":"Chainsmoker Cat","time":"2026-08-10T01:42:00-03:00","caller":"episodes.go:35","message":"Processing anime episodes"}
{"level":"info","animes_checked":21,"episodes_checked":274,"episodes_downloaded":0,"total_time":0.761744,"avg_time_per_episode":0.00278,"time":"2026-08-10T01:42:00-03:00","caller":"verification.go:315","message":"Verification completed"}
{"level":"info","usernames":["JediahSk","D4NIDx"],"animes_found":21,"time":"2026-08-10T01:52:01-03:00","caller":"verification.go:525","message":"Successfully fetched animes from Anilist"}
{"level":"info","anime":"Mushoku Tensei: Jobless Reincarnation Season 3","time":"2026-08-10T01:52:01-03:00","caller":"episodes.go:35","message":"Processing anime episodes"}
{"level":"info","anime":"From Old Country Bumpkin to Master Swordsman II","time":"2026-08-10T01:52:01-03:00","caller":"episodes.go:35","message":"Processing anime episodes"}
{"level":"info","anime":"Jaadugar: A Witch in Mongolia","time":"2026-08-10T01:52:01-03:00","caller":"episodes.go:35","message":"Processing anime episodes"}
{"level":"info","anime":"Love Unseen Beneath the Clear Night Sky","time":"2026-08-10T01:52:01-03:00","caller":"episodes.go:35","message":"Processing anime episodes"}
{"level":"info","anime":"The Frontier Lord Begins with Zero Subjects","time":"2026-08-10T01:52:01-03:00","caller":"episodes.go:35","message":"Processing anime episodes"}
{"level":"info","anime":"You and I Are Polar Opposites Season 2","time":"2026-08-10T01:52:01-03:00","caller":"episodes.go:35","message":"Processing anime episodes"}
{"level":"info","anime":"Hanaori-san Still Wants to Fight in the Next Life","time":"2026-08-10T01:52:01-03:00","caller":"episodes.go:35","message":"Processing anime episodes"}
{"level":"info","anime":"Smoking Behind the Supermarket with You","time":"2026-08-10T01:52:01-03:00","caller":"episodes.go:35","message":"Processing anime episodes"}
{"level":"info","anime":"Dara-san of the Reiwa Era","time":"2026-08-10T01:52:01-03:00","caller":"episodes.go:35","message":"Processing anime episodes"}
{"level":"info","anime":"Sparks of Tomorrow","time":"2026-08-10T01:52:01-03:00","caller":"episodes.go:35","message":"Processing anime episodes"}
{"level":"info","anime":"BLACK TORCH","time":"2026-08-10T01:52:01-03:00","caller":"episodes.go:35","message":"Processing anime episodes"}
{"level":"info","anime":"KAIJU GIRL CARAMELISE","time":"2026-08-10T01:52:01-03:00","caller":"episodes.go:35","message":"Processing anime episodes"}
{"level":"info","anime":"I Want to Love You Till Your Dying Day","time":"2026-08-10T01:52:01-03:00","caller":"episodes.go:35","message":"Processing anime episodes"}
{"level":"info","anime":"THE GHOST IN THE SHELL","time":"2026-08-10T01:52:01-03:00","caller":"episodes.go:35","message":"Processing anime episodes"}
{"level":"info","anime":"Re:ZERO -Starting Life in Another World- Season 4","time":"2026-08-10T01:52:01-03:00","caller":"episodes.go:35","message":"Processing anime episodes"}
{"level":"info","anime":"The World Is Dancing","time":"2026-08-10T01:52:01-03:00","caller":"episodes.go:35","message":"Processing anime episodes"}
{"level":"info","anime":"The 100 Girlfriends Who Really, Really, Really, Really, REALLY Love You Season 3","time":"2026-08-10T01:52:01-03:00","caller":"episodes.go:35","message":"Processing anime episodes"}
{"level":"info","anime":"Chainsmoker Cat","time":"2026-08-10T01:52:01-03:00","caller":"episodes.go:35","message":"Processing anime episodes"}
{"level":"info","anime":"The Cat and the Dragon","time":"2026-08-10T01:52:01-03:00","caller":"episodes.go:35","message":"Processing anime episodes"}
{"level":"info","anime":"Daemons of the Shadow Realm","time":"2026-08-10T01:52:01-03:00","caller":"episodes.go:35","message":"Processing anime episodes"}
{"level":"info","anime":"I Became a Legend After My 10 Year-Long Last Stand","time":"2026-08-10T01:52:01-03:00","caller":"episodes.go:35","message":"Processing anime episodes"}
{"level":"info","animes_checked":21,"episodes_checked":274,"episodes_downloaded":0,"total_time":0.814893,"avg_time_per_episode":0.002974,"time":"2026-08-10T01:52:01-03:00","caller":"verification.go:315","message":"Verification completed"}
{"level":"info","usernames":["JediahSk","D4NIDx"],"animes_found":21,"time":"2026-08-10T02:02:03-03:00","caller":"verification.go:525","message":"Successfully fetched animes from Anilist"}
{"level":"info","anime":"Daemons of the Shadow Realm","time":"2026-08-10T02:02:03-03:00","caller":"episodes.go:35","message":"Processing anime episodes"}
{"level":"info","anime":"KAIJU GIRL CARAMELISE","time":"2026-08-10T02:02:03-03:00","caller":"episodes.go:35","message":"Processing anime episodes"}
{"level":"info","anime":"The 100 Girlfriends Who Really, Really, Really, Really, REALLY Love You Season 3","time":"2026-08-10T02:02:03-03:00","caller":"episodes.go:35","message":"Processing anime episodes"}
{"level":"info","anime":"Chainsmoker Cat","time":"2026-08-10T02:02:03-03:00","caller":"episodes.go:35","message":"Processing anime episodes"}
{"level":"info","anime":"The World Is Dancing","time":"2026-08-10T02:02:03-03:00","caller":"episodes.go:35","message":"Processing anime episodes"}
{"level":"info","anime":"The Frontier Lord Begins with Zero Subjects","time":"2026-08-10T02:02:03-03:00","caller":"episodes.go:35","message":"Processing anime episodes"}
{"level":"info","anime":"You and I Are Polar Opposites Season 2","time":"2026-08-10T02:02:03-03:00","caller":"episodes.go:35","message":"Processing anime episodes"}
{"level":"info","anime":"THE GHOST IN THE SHELL","time":"2026-08-10T02:02:03-03:00","caller":"episodes.go:35","message":"Processing anime episodes"}
{"level":"info","anime":"Smoking Behind the Supermarket with You","time":"2026-08-10T02:02:03-03:00","caller":"episodes.go:35","message":"Processing anime episodes"}
{"level":"info","anime":"I Became a Legend After My 10 Year-Long Last Stand","time":"2026-08-10T02:02:03-03:00","caller":"episodes.go:35","message":"Processing anime episodes"}
{"level":"info","anime":"Sparks of Tomorrow","time":"2026-08-10T02:02:03-03:00","caller":"episodes.go:35","message":"Processing anime episodes"}
{"level":"info","anime":"Love Unseen Beneath the Clear Night Sky","time":"2026-08-10T02:02:03-03:00","caller":"episodes.go:35","message":"Processing anime episodes"}
{"level":"info","anime":"Mushoku Tensei: Jobless Reincarnation Season 3","time":"2026-08-10T02:02:03-03:00","caller":"episodes.go:35","message":"Processing anime episodes"}
{"level":"info","anime":"BLACK TORCH","time":"2026-08-10T02:02:03-03:00","caller":"episodes.go:35","message":"Processing anime episodes"}
{"level":"info","anime":"The Cat and the Dragon","time":"2026-08-10T02:02:03-03:00","caller":"episodes.go:35","message":"Processing anime episodes"}
{"level":"info","anime":"Hanaori-san Still Wants to Fight in the Next Life","time":"2026-08-10T02:02:03-03:00","caller":"episodes.go:35","message":"Processing anime episodes"}
{"level":"info","anime":"Re:ZERO -Starting Life in Another World- Season 4","time":"2026-08-10T02:02:03-03:00","caller":"episodes.go:35","message":"Processing anime episodes"}
{"level":"info","anime":"Dara-san of the Reiwa Era","time":"2026-08-10T02:02:03-03:00","caller":"episodes.go:35","message":"Processing anime episodes"}
{"level":"info","anime":"I Want to Love You Till Your Dying Day","time":"2026-08-10T02:02:03-03:00","caller":"episodes.go:35","message":"Processing anime episodes"}
{"level":"info","anime":"Jaadugar: A Witch in Mongolia","time":"2026-08-10T02:02:03-03:00","caller":"episodes.go:35","message":"Processing anime episodes"}
{"level":"info","anime":"From Old Country Bumpkin to Master Swordsman II","time":"2026-08-10T02:02:03-03:00","caller":"episodes.go:35","message":"Processing anime episodes"}
{"level":"info","animes_checked":21,"episodes_checked":274,"episodes_downloaded":0,"total_time":0.873874,"avg_time_per_episode":0.003189,"time":"2026-08-10T02:02:03-03:00","caller":"verification.go:315","message":"Verification completed"}
{"level":"info","usernames":["JediahSk","D4NIDx"],"animes_found":21,"time":"2026-08-10T02:12:05-03:00","caller":"verification.go:525","message":"Successfully fetched animes from Anilist"}
{"level":"info","anime":"You and I Are Polar Opposites Season 2","time":"2026-08-10T02:12:05-03:00","caller":"episodes.go:35","message":"Processing anime episodes"}
{"level":"info","anime":"From Old Country Bumpkin to Master Swordsman II","time":"2026-08-10T02:12:05-03:00","caller":"episodes.go:35","message":"Processing anime episodes"}
{"level":"info","anime":"Daemons of the Shadow Realm","time":"2026-08-10T02:12:05-03:00","caller":"episodes.go:35","message":"Processing anime episodes"}
{"level":"info","anime":"The 100 Girlfriends Who Really, Really, Really, Really, REALLY Love You Season 3","time":"2026-08-10T02:12:05-03:00","caller":"episodes.go:35","message":"Processing anime episodes"}
{"level":"info","anime":"KAIJU GIRL CARAMELISE","time":"2026-08-10T02:12:05-03:00","caller":"episodes.go:35","message":"Processing anime episodes"}
{"level":"info","anime":"Mushoku Tensei: Jobless Reincarnation Season 3","time":"2026-08-10T02:12:05-03:00","caller":"episodes.go:35","message":"Processing anime episodes"}
{"level":"info","anime":"THE GHOST IN THE SHELL","time":"2026-08-10T02:12:05-03:00","caller":"episodes.go:35","message":"Processing anime episodes"}
{"level":"info","anime":"Chainsmoker Cat","time":"2026-08-10T02:12:05-03:00","caller":"episodes.go:35","message":"Processing anime episodes"}
{"level":"info","anime":"Smoking Behind the Supermarket with You","time":"2026-08-10T02:12:05-03:00","caller":"episodes.go:35","message":"Processing anime episodes"}
{"level":"info","anime":"The World Is Dancing","time":"2026-08-10T02:12:05-03:00","caller":"episodes.go:35","message":"Processing anime episodes"}
{"level":"info","anime":"Love Unseen Beneath the Clear Night Sky","time":"2026-08-10T02:12:05-03:00","caller":"episodes.go:35","message":"Processing anime episodes"}
{"level":"info","anime":"I Became a Legend After My 10 Year-Long Last Stand","time":"2026-08-10T02:12:05-03:00","caller":"episodes.go:35","message":"Processing anime episodes"}
{"level":"info","anime":"The Cat and the Dragon","time":"2026-08-10T02:12:05-03:00","caller":"episodes.go:35","message":"Processing anime episodes"}
{"level":"info","anime":"Hanaori-san Still Wants to Fight in the Next Life","time":"2026-08-10T02:12:05-03:00","caller":"episodes.go:35","message":"Processing anime episodes"}
{"level":"info","anime":"Sparks of Tomorrow","time":"2026-08-10T02:12:05-03:00","caller":"episodes.go:35","message":"Processing anime episodes"}
{"level":"info","anime":"Re:ZERO -Starting Life in Another World- Season 4","time":"2026-08-10T02:12:05-03:00","caller":"episodes.go:35","message":"Processing anime episodes"}
{"level":"info","anime":"Jaadugar: A Witch in Mongolia","time":"2026-08-10T02:12:05-03:00","caller":"episodes.go:35","message":"Processing anime episodes"}
{"level":"info","anime":"BLACK TORCH","time":"2026-08-10T02:12:05-03:00","caller":"episodes.go:35","message":"Processing anime episodes"}
{"level":"info","anime":"I Want to Love You Till Your Dying Day","time":"2026-08-10T02:12:05-03:00","caller":"episodes.go:35","message":"Processing anime episodes"}
{"level":"info","anime":"Dara-san of the Reiwa Era","time":"2026-08-10T02:12:05-03:00","caller":"episodes.go:35","message":"Processing anime episodes"}
{"level":"info","anime":"The Frontier Lord Begins with Zero Subjects","time":"2026-08-10T02:12:05-03:00","caller":"episodes.go:35","message":"Processing anime episodes"}
{"level":"info","animes_checked":21,"episodes_checked":274,"episodes_downloaded":0,"total_time":0.767929,"avg_time_per_episode":0.002802,"time":"2026-08-10T02:12:05-03:00","caller":"verification.go:315","message":"Verification completed"}
{"level":"info","usernames":["JediahSk","D4NIDx"],"animes_found":21,"time":"2026-08-10T02:22:06-03:00","caller":"verification.go:525","message":"Successfully fetched animes from Anilist"}
{"level":"info","anime":"Daemons of the Shadow Realm","time":"2026-08-10T02:22:07-03:00","caller":"episodes.go:35","message":"Processing anime episodes"}
{"level":"info","anime":"Chainsmoker Cat","time":"2026-08-10T02:22:07-03:00","caller":"episodes.go:35","message":"Processing anime episodes"}
{"level":"info","anime":"Jaadugar: A Witch in Mongolia","time":"2026-08-10T02:22:07-03:00","caller":"episodes.go:35","message":"Processing anime episodes"}
{"level":"info","anime":"Sparks of Tomorrow","time":"2026-08-10T02:22:07-03:00","caller":"episodes.go:35","message":"Processing anime episodes"}
{"level":"info","anime":"From Old Country Bumpkin to Master Swordsman II","time":"2026-08-10T02:22:07-03:00","caller":"episodes.go:35","message":"Processing anime episodes"}
{"level":"info","anime":"The 100 Girlfriends Who Really, Really, Really, Really, REALLY Love You Season 3","time":"2026-08-10T02:22:07-03:00","caller":"episodes.go:35","message":"Processing anime episodes"}
{"level":"info","anime":"Mushoku Tensei: Jobless Reincarnation Season 3","time":"2026-08-10T02:22:07-03:00","caller":"episodes.go:35","message":"Processing anime episodes"}
{"level":"info","anime":"KAIJU GIRL CARAMELISE","time":"2026-08-10T02:22:07-03:00","caller":"episodes.go:35","message":"Processing anime episodes"}
{"level":"info","anime":"The Frontier Lord Begins with Zero Subjects","time":"2026-08-10T02:22:07-03:00","caller":"episodes.go:35","message":"Processing anime episodes"}
{"level":"info","anime":"THE GHOST IN THE SHELL","time":"2026-08-10T02:22:07-03:00","caller":"episodes.go:35","message":"Processing anime episodes"}
{"level":"info","anime":"I Became a Legend After My 10 Year-Long Last Stand","time":"2026-08-10T02:22:07-03:00","caller":"episodes.go:35","message":"Processing anime episodes"}
{"level":"info","anime":"Love Unseen Beneath the Clear Night Sky","time":"2026-08-10T02:22:07-03:00","caller":"episodes.go:35","message":"Processing anime episodes"}
{"level":"info","anime":"The Cat and the Dragon","time":"2026-08-10T02:22:07-03:00","caller":"episodes.go:35","message":"Processing anime episodes"}
{"level":"info","anime":"The World Is Dancing","time":"2026-08-10T02:22:07-03:00","caller":"episodes.go:35","message":"Processing anime episodes"}
{"level":"info","anime":"BLACK TORCH","time":"2026-08-10T02:22:07-03:00","caller":"episodes.go:35","message":"Processing anime episodes"}
{"level":"info","anime":"Hanaori-san Still Wants to Fight in the Next Life","time":"2026-08-10T02:22:07-03:00","caller":"episodes.go:35","message":"Processing anime episodes"}
{"level":"info","anime":"I Want to Love You Till Your Dying Day","time":"2026-08-10T02:22:07-03:00","caller":"episodes.go:35","message":"Processing anime episodes"}
{"level":"info","anime":"Dara-san of the Reiwa Era","time":"2026-08-10T02:22:07-03:00","caller":"episodes.go:35","message":"Processing anime episodes"}
{"level":"info","anime":"Re:ZERO -Starting Life in Another World- Season 4","time":"2026-08-10T02:22:07-03:00","caller":"episodes.go:35","message":"Processing anime episodes"}
{"level":"info","anime":"You and I Are Polar Opposites Season 2","time":"2026-08-10T02:22:07-03:00","caller":"episodes.go:35","message":"Processing anime episodes"}
{"level":"info","anime":"Smoking Behind the Supermarket with You","time":"2026-08-10T02:22:07-03:00","caller":"episodes.go:35","message":"Processing anime episodes"}
{"level":"info","animes_checked":21,"episodes_checked":274,"episodes_downloaded":0,"total_time":0.652577,"avg_time_per_episode":0.002381,"time":"2026-08-10T02:22:07-03:00","caller":"verification.go:315","message":"Verification completed"}
{"level":"info","usernames":["JediahSk","D4NIDx"],"animes_found":21,"time":"2026-08-10T02:32:08-03:00","caller":"verification.go:525","message":"Successfully fetched animes from Anilist"}
{"level":"info","anime":"The World Is Dancing","time":"2026-08-10T02:32:09-03:00","caller":"episodes.go:35","message":"Processing anime episodes"}
{"level":"info","anime":"Mushoku Tensei: Jobless Reincarnation Season 3","time":"2026-08-10T02:32:09-03:00","caller":"episodes.go:35","message":"Processing anime episodes"}
{"level":"info","anime":"Jaadugar: A Witch in Mongolia","time":"2026-08-10T02:32:09-03:00","caller":"episodes.go:35","message":"Processing anime episodes"}
{"level":"info","anime":"You and I Are Polar Opposites Season 2","time":"2026-08-10T02:32:09-03:00","caller":"episodes.go:35","message":"Processing anime episodes"}
{"level":"info","anime":"Smoking Behind the Supermarket with You","time":"2026-08-10T02:32:09-03:00","caller":"episodes.go:35","message":"Processing anime episodes"}
{"level":"info","anime":"Sparks of Tomorrow","time":"2026-08-10T02:32:09-03:00","caller":"episodes.go:35","message":"Processing anime episodes"}
{"level":"info","anime":"Daemons of the Shadow Realm","time":"2026-08-10T02:32:09-03:00","caller":"episodes.go:35","message":"Processing anime episodes"}
{"level":"info","anime":"The 100 Girlfriends Who Really, Really, Really, Really, REALLY Love You Season 3","time":"2026-08-10T02:32:09-03:00","caller":"episodes.go:35","message":"Processing anime episodes"}
{"level":"info","anime":"From Old Country Bumpkin to Master Swordsman II","time":"2026-08-10T02:32:09-03:00","caller":"episodes.go:35","message":"Processing anime episodes"}
{"level":"info","anime":"Hanaori-san Still Wants to Fight in the Next Life","time":"2026-08-10T02:32:09-03:00","caller":"episodes.go:35","message":"Processing anime episodes"}
{"level":"info","anime":"BLACK TORCH","time":"2026-08-10T02:32:09-03:00","caller":"episodes.go:35","message":"Processing anime episodes"}
{"level":"info","anime":"I Want to Love You Till Your Dying Day","time":"2026-08-10T02:32:09-03:00","caller":"episodes.go:35","message":"Processing anime episodes"}
{"level":"info","anime":"Re:ZERO -Starting Life in Another World- Season 4","time":"2026-08-10T02:32:09-03:00","caller":"episodes.go:35","message":"Processing anime episodes"}
{"level":"info","anime":"Chainsmoker Cat","time":"2026-08-10T02:32:09-03:00","caller":"episodes.go:35","message":"Processing anime episodes"}
{"level":"info","anime":"I Became a Legend After My 10 Year-Long Last Stand","time":"2026-08-10T02:32:09-03:00","caller":"episodes.go:35","message":"Processing anime episodes"}
{"level":"info","anime":"THE GHOST IN THE SHELL","time":"2026-08-10T02:32:09-03:00","caller":"episodes.go:35","message":"Processing anime episodes"}
{"level":"info","anime":"Dara-san of the Reiwa Era","time":"2026-08-10T02:32:09-03:00","caller":"episodes.go:35","message":"Processing anime episodes"}
{"level":"info","anime":"The Cat and the Dragon","time":"2026-08-10T02:32:09-03:00","caller":"episodes.go:35","message":"Processing anime episodes"}
{"level":"info","anime":"The Frontier Lord Begins with Zero Subjects","time":"2026-08-10T02:32:09-03:00","caller":"episodes.go:35","message":"Processing anime episodes"}
{"level":"info","anime":"Love Unseen Beneath the Clear Night Sky","time":"2026-08-10T02:32:09-03:00","caller":"episodes.go:35","message":"Processing anime episodes"}
{"level":"info","anime":"KAIJU GIRL CARAMELISE","time":"2026-08-10T02:32:09-03:00","caller":"episodes.go:35","message":"Processing anime episodes"}
{"level":"info","animes_checked":21,"episodes_checked":274,"episodes_downloaded":0,"total_time":0.657577,"avg_time_per_episode":0.002399,"time":"2026-08-10T02:32:09-03:00","caller":"verification.go:315","message":"Verification completed"}
{"level":"info","usernames":["JediahSk","D4NIDx"],"animes_found":21,"time":"2026-08-10T02:42:10-03:00","caller":"verification.go:525","message":"Successfully fetched animes from Anilist"}
{"level":"info","anime":"Jaadugar: A Witch in Mongolia","time":"2026-08-10T02:42:10-03:00","caller":"episodes.go:35","message":"Processing anime episodes"}
{"level":"info","anime":"You and I Are Polar Opposites Season 2","time":"2026-08-10T02:42:10-03:00","caller":"episodes.go:35","message":"Processing anime episodes"}
{"level":"info","anime":"Smoking Behind the Supermarket with You","time":"2026-08-10T02:42:10-03:00","caller":"episodes.go:35","message":"Processing anime episodes"}
{"level":"info","anime":"Sparks of Tomorrow","time":"2026-08-10T02:42:10-03:00","caller":"episodes.go:35","message":"Processing anime episodes"}
{"level":"info","anime":"KAIJU GIRL CARAMELISE","time":"2026-08-10T02:42:10-03:00","caller":"episodes.go:35","message":"Processing anime episodes"}
{"level":"info","anime":"THE GHOST IN THE SHELL","time":"2026-08-10T02:42:10-03:00","caller":"episodes.go:35","message":"Processing anime episodes"}
{"level":"info","anime":"Hanaori-san Still Wants to Fight in the Next Life","time":"2026-08-10T02:42:10-03:00","caller":"episodes.go:35","message":"Processing anime episodes"}
{"level":"info","anime":"BLACK TORCH","time":"2026-08-10T02:42:10-03:00","caller":"episodes.go:35","message":"Processing anime episodes"}
{"level":"info","anime":"Mushoku Tensei: Jobless Reincarnation Season 3","time":"2026-08-10T02:42:10-03:00","caller":"episodes.go:35","message":"Processing anime episodes"}
{"level":"info","anime":"Love Unseen Beneath the Clear Night Sky","time":"2026-08-10T02:42:10-03:00","caller":"episodes.go:35","message":"Processing anime episodes"}
{"level":"info","anime":"Dara-san of the Reiwa Era","time":"2026-08-10T02:42:10-03:00","caller":"episodes.go:35","message":"Processing anime episodes"}
{"level":"info","anime":"I Became a Legend After My 10 Year-Long Last Stand","time":"2026-08-10T02:42:10-03:00","caller":"episodes.go:35","message":"Processing anime episodes"}
{"level":"info","anime":"The Frontier Lord Begins with Zero Subjects","time":"2026-08-10T02:42:10-03:00","caller":"episodes.go:35","message":"Processing anime episodes"}
{"level":"info","anime":"From Old Country Bumpkin to Master Swordsman II","time":"2026-08-10T02:42:10-03:00","caller":"episodes.go:35","message":"Processing anime episodes"}
{"level":"info","anime":"I Want to Love You Till Your Dying Day","time":"2026-08-10T02:42:10-03:00","caller":"episodes.go:35","message":"Processing anime episodes"}
{"level":"info","anime":"The 100 Girlfriends Who Really, Really, Really, Really, REALLY Love You Season 3","time":"2026-08-10T02:42:10-03:00","caller":"episodes.go:35","message":"Processing anime episodes"}
{"level":"info","anime":"The World Is Dancing","time":"2026-08-10T02:42:10-03:00","caller":"episodes.go:35","message":"Processing anime episodes"}
{"level":"info","anime":"Daemons of the Shadow Realm","time":"2026-08-10T02:42:10-03:00","caller":"episodes.go:35","message":"Processing anime episodes"}
{"level":"info","anime":"Chainsmoker Cat","time":"2026-08-10T02:42:10-03:00","caller":"episodes.go:35","message":"Processing anime episodes"}
{"level":"info","anime":"The Cat and the Dragon","time":"2026-08-10T02:42:10-03:00","caller":"episodes.go:35","message":"Processing anime episodes"}
{"level":"info","anime":"Re:ZERO -Starting Life in Another World- Season 4","time":"2026-08-10T02:42:10-03:00","caller":"episodes.go:35","message":"Processing anime episodes"}
{"level":"info","animes_checked":21,"episodes_checked":274,"episodes_downloaded":0,"total_time":0.810818,"avg_time_per_episode":0.002959,"time":"2026-08-10T02:42:10-03:00","caller":"verification.go:315","message":"Verification completed"}
{"level":"info","usernames":["JediahSk","D4NIDx"],"animes_found":21,"time":"2026-08-10T02:52:12-03:00","caller":"verification.go:525","message":"Successfully fetched animes from Anilist"}
{"level":"info","anime":"The World Is Dancing","time":"2026-08-10T02:52:12-03:00","caller":"episodes.go:35","message":"Processing anime episodes"}
{"level":"info","anime":"Jaadugar: A Witch in Mongolia","time":"2026-08-10T02:52:12-03:00","caller":"episodes.go:35","message":"Processing anime episodes"}
{"level":"info","anime":"Mushoku Tensei: Jobless Reincarnation Season 3","time":"2026-08-10T02:52:12-03:00","caller":"episodes.go:35","message":"Processing anime episodes"}
{"level":"info","anime":"From Old Country Bumpkin to Master Swordsman II","time":"2026-08-10T02:52:12-03:00","caller":"episodes.go:35","message":"Processing anime episodes"}
{"level":"info","anime":"The 100 Girlfriends Who Really, Really, Really, Really, REALLY Love You Season 3","time":"2026-08-10T02:52:12-03:00","caller":"episodes.go:35","message":"Processing anime episodes"}
{"level":"info","anime":"Chainsmoker Cat","time":"2026-08-10T02:52:12-03:00","caller":"episodes.go:35","message":"Processing anime episodes"}
{"level":"info","anime":"You and I Are Polar Opposites Season 2","time":"2026-08-10T02:52:12-03:00","caller":"episodes.go:35","message":"Processing anime episodes"}
{"level":"info","anime":"Smoking Behind the Supermarket with You","time":"2026-08-10T02:52:12-03:00","caller":"episodes.go:35","message":"Processing anime episodes"}
{"level":"info","anime":"Daemons of the Shadow Realm","time":"2026-08-10T02:52:12-03:00","caller":"episodes.go:35","message":"Processing anime episodes"}
{"level":"info","anime":"Sparks of Tomorrow","time":"2026-08-10T02:52:12-03:00","caller":"episodes.go:35","message":"Processing anime episodes"}
{"level":"info","anime":"Hanaori-san Still Wants to Fight in the Next Life","time":"2026-08-10T02:52:12-03:00","caller":"episodes.go:35","message":"Processing anime episodes"}
{"level":"info","anime":"KAIJU GIRL CARAMELISE","time":"2026-08-10T02:52:12-03:00","caller":"episodes.go:35","message":"Processing anime episodes"}
{"level":"info","anime":"THE GHOST IN THE SHELL","time":"2026-08-10T02:52:12-03:00","caller":"episodes.go:35","message":"Processing anime episodes"}
{"level":"info","anime":"The Frontier Lord Begins with Zero Subjects","time":"2026-08-10T02:52:12-03:00","caller":"episodes.go:35","message":"Processing anime episodes"}
{"level":"info","anime":"I Became a Legend After My 10 Year-Long Last Stand","time":"2026-08-10T02:52:12-03:00","caller":"episodes.go:35","message":"Processing anime episodes"}
{"level":"info","anime":"BLACK TORCH","time":"2026-08-10T02:52:12-03:00","caller":"episodes.go:35","message":"Processing anime episodes"}
{"level":"info","anime":"Dara-san of the Reiwa Era","time":"2026-08-10T02:52:12-03:00","caller":"episodes.go:35","message":"Processing anime episodes"}
{"level":"info","anime":"I Want to Love You Till Your Dying Day","time":"2026-08-10T02:52:12-03:00","caller":"episodes.go:35","message":"Processing anime episodes"}
{"level":"info","anime":"Love Unseen Beneath the Clear Night Sky","time":"2026-08-10T02:52:12-03:00","caller":"episodes.go:35","message":"Processing anime episodes"}
{"level":"info","anime":"Re:ZERO -Starting Life in Another World- Season 4","time":"2026-08-10T02:52:12-03:00","caller":"episodes.go:35","message":"Processing anime episodes"}
{"level":"info","anime":"The Cat and the Dragon","time":"2026-08-10T02:52:12-03:00","caller":"episodes.go:35","message":"Processing anime episodes"}
{"level":"info","animes_checked":21,"episodes_checked":274,"episodes_downloaded":0,"total_time":1.415581,"avg_time_per_episode":0.005166,"time":"2026-08-10T02:52:12-03:00","caller":"verification.go:315","message":"Verification completed"}
{"level":"info","usernames":["JediahSk","D4NIDx"],"animes_found":21,"time":"2026-08-10T03:02:14-03:00","caller":"verification.go:525","message":"Successfully fetched animes from Anilist"}
{"level":"info","anime":"Mushoku Tensei: Jobless Reincarnation Season 3","time":"2026-08-10T03:02:14-03:00","caller":"episodes.go:35","message":"Processing anime episodes"}
{"level":"info","anime":"Jaadugar: A Witch in Mongolia","time":"2026-08-10T03:02:14-03:00","caller":"episodes.go:35","message":"Processing anime episodes"}
{"level":"info","anime":"The 100 Girlfriends Who Really, Really, Really, Really, REALLY Love You Season 3","time":"2026-08-10T03:02:14-03:00","caller":"episodes.go:35","message":"Processing anime episodes"}
{"level":"info","anime":"The World Is Dancing","time":"2026-08-10T03:02:14-03:00","caller":"episodes.go:35","message":"Processing anime episodes"}
{"level":"info","anime":"Love Unseen Beneath the Clear Night Sky","time":"2026-08-10T03:02:14-03:00","caller":"episodes.go:35","message":"Processing anime episodes"}
{"level":"info","anime":"You and I Are Polar Opposites Season 2","time":"2026-08-10T03:02:14-03:00","caller":"episodes.go:35","message":"Processing anime episodes"}
{"level":"info","anime":"Smoking Behind the Supermarket with You","time":"2026-08-10T03:02:14-03:00","caller":"episodes.go:35","message":"Processing anime episodes"}
{"level":"info","anime":"Sparks of Tomorrow","time":"2026-08-10T03:02:14-03:00","caller":"episodes.go:35","message":"Processing anime episodes"}
{"level":"info","anime":"KAIJU GIRL CARAMELISE","time":"2026-08-10T03:02:14-03:00","caller":"episodes.go:35","message":"Processing anime episodes"}
{"level":"info","anime":"THE GHOST IN THE SHELL","time":"2026-08-10T03:02:14-03:00","caller":"episodes.go:35","message":"Processing anime episodes"}
{"level":"info","anime":"I Became a Legend After My 10 Year-Long Last Stand","time":"2026-08-10T03:02:14-03:00","caller":"episodes.go:35","message":"Processing anime episodes"}
{"level":"info","anime":"Dara-san of the Reiwa Era","time":"2026-08-10T03:02:14-03:00","caller":"episodes.go:35","message":"Processing anime episodes"}
{"level":"info","anime":"The Cat and the Dragon","time":"2026-08-10T03:02:14-03:00","caller":"episodes.go:35","message":"Processing anime episodes"}
{"level":"info","anime":"The Frontier Lord Begins with Zero Subjects","time":"2026-08-10T03:02:14-03:00","caller":"episodes.go:35","message":"Processing anime episodes"}
{"level":"info","anime":"Hanaori-san Still Wants to Fight in the Next Life","time":"2026-08-10T03:02:14-03:00","caller":"episodes.go:35","message":"Processing anime episodes"}
{"level":"info","anime":"I Want to Love You Till Your Dying Day","time":"2026-08-10T03:02:14-03:00","caller":"episodes.go:35","message":"Processing anime episodes"}
{"level":"info","anime":"BLACK TORCH","time":"2026-08-10T03:02:14-03:00","caller":"episodes.go:35","message":"Processing anime episodes"}
{"level":"info","anime":"Daemons of the Shadow Realm","time":"2026-08-10T03:02:14-03:00","caller":"episodes.go:35","message":"Processing anime episodes"}
{"level":"info","anime":"Re:ZERO -Starting Life in Another World- Season 4","time":"2026-08-10T03:02:14-03:00","caller":"episodes.go:35","message":"Processing anime episodes"}
{"level":"info","anime":"From Old Country Bumpkin to Master Swordsman II","time":"2026-08-10T03:02:14-03:00","caller":"episodes.go:35","message":"Processing anime episodes"}
{"level":"info","anime":"Chainsmoker Cat","time":"2026-08-10T03:02:14-03:00","caller":"episodes.go:35","message":"Processing anime episodes"}
{"level":"info","animes_checked":21,"episodes_checked":274,"episodes_downloaded":0,"total_time":0.876485,"avg_time_per_episode":0.003198,"time":"2026-08-10T03:02:14-03:00","caller":"verification.go:315","message":"Verification completed"}
{"level":"info","usernames":["JediahSk","D4NIDx"],"animes_found":21,"time":"2026-08-10T03:12:15-03:00","caller":"verification.go:525","message":"Successfully fetched animes from Anilist"}
{"level":"info","anime":"Sparks of Tomorrow","time":"2026-08-10T03:12:16-03:00","caller":"episodes.go:35","message":"Processing anime episodes"}
{"level":"info","anime":"KAIJU GIRL CARAMELISE","time":"2026-08-10T03:12:16-03:00","caller":"episodes.go:35","message":"Processing anime episodes"}
{"level":"info","anime":"Daemons of the Shadow Realm","time":"2026-08-10T03:12:16-03:00","caller":"episodes.go:35","message":"Processing anime episodes"}
{"level":"info","anime":"Love Unseen Beneath the Clear Night Sky","time":"2026-08-10T03:12:16-03:00","caller":"episodes.go:35","message":"Processing anime episodes"}
{"level":"info","anime":"I Became a Legend After My 10 Year-Long Last Stand","time":"2026-08-10T03:12:16-03:00","caller":"episodes.go:35","message":"Processing anime episodes"}
{"level":"info","anime":"From Old Country Bumpkin to Master Swordsman II","time":"2026-08-10T03:12:16-03:00","caller":"episodes.go:35","message":"Processing anime episodes"}
{"level":"info","anime":"The Cat and the Dragon","time":"2026-08-10T03:12:16-03:00","caller":"episodes.go:35","message":"Processing anime episodes"}
{"level":"info","anime":"THE GHOST IN THE SHELL","time":"2026-08-10T03:12:16-03:00","caller":"episodes.go:35","message":"Processing anime episodes"}
{"level":"info","anime":"Mushoku Tensei: Jobless Reincarnation Season 3","time":"2026-08-10T03:12:16-03:00","caller":"episodes.go:35","message":"Processing anime episodes"}
{"level":"info","anime":"BLACK TORCH","time":"2026-08-10T03:12:16-03:00","caller":"episodes.go:35","message":"Processing anime episodes"}
{"level":"info","anime":"Hanaori-san Still Wants to Fight in the Next Life","time":"2026-08-10T03:12:16-03:00","caller":"episodes.go:35","message":"Processing anime episodes"}
{"level":"info","anime":"Dara-san of the Reiwa Era","time":"2026-08-10T03:12:16-03:00","caller":"episodes.go:35","message":"Processing anime episodes"}
{"level":"info","anime":"I Want to Love You Till Your Dying Day","time":"2026-08-10T03:12:16-03:00","caller":"episodes.go:35","message":"Processing anime episodes"}
{"level":"info","anime":"Chainsmoker Cat","time":"2026-08-10T03:12:16-03:00","caller":"episodes.go:35","message":"Processing anime episodes"}
{"level":"info","anime":"Re:ZERO -Starting Life in Another World- Season 4","time":"2026-08-10T03:12:16-03:00","caller":"episodes.go:35","message":"Processing anime episodes"}
{"level":"info","anime":"The 100 Girlfriends Who Really, Really, Really, Really, REALLY Love You Season 3","time":"2026-08-10T03:12:16-03:00","caller":"episodes.go:35","message":"Processing anime episodes"}
{"level":"info","anime":"You and I Are Polar Opposites Season 2","time":"2026-08-10T03:12:16-03:00","caller":"episodes.go:35","message":"Processing anime episodes"}
{"level":"info","anime":"The World Is Dancing","time":"2026-08-10T03:12:16-03:00","caller":"episodes.go:35","message":"Processing anime episodes"}
{"level":"info","anime":"Jaadugar: A Witch in Mongolia","time":"2026-08-10T03:12:16-03:00","caller":"episodes.go:35","message":"Processing anime episodes"}
{"level":"info","anime":"Smoking Behind the Supermarket with You","time":"2026-08-10T03:12:16-03:00","caller":"episodes.go:35","message":"Processing anime episodes"}
{"level":"info","anime":"The Frontier Lord Begins with Zero Subjects","time":"2026-08-10T03:12:16-03:00","caller":"episodes.go:35","message":"Processing anime episodes"}
{"level":"info","animes_checked":21,"episodes_checked":274,"episodes_downloaded":0,"total_time":0.70767,"avg_time_per_episode":0.002582,"time":"2026-08-10T03:12:16-03:00","caller":"verification.go:315","message":"Verification completed"}
{"level":"info","usernames":["JediahSk","D4NIDx"],"animes_found":21,"time":"2026-08-10T03:22:17-03:00","caller":"verification.go:525","message":"Successfully fetched animes from Anilist"}
{"level":"info","anime":"The 100 Girlfriends Who Really, Really, Really, Really, REALLY Love You Season 3","time":"2026-08-10T03:22:18-03:00","caller":"episodes.go:35","message":"Processing anime episodes"}
{"level":"info","anime":"Mushoku Tensei: Jobless Reincarnation Season 3","time":"2026-08-10T03:22:18-03:00","caller":"episodes.go:35","message":"Processing anime episodes"}
{"level":"info","anime":"You and I Are Polar Opposites Season 2","time":"2026-08-10T03:22:18-03:00","caller":"episodes.go:35","message":"Processing anime episodes"}
{"level":"info","anime":"The World Is Dancing","time":"2026-08-10T03:22:18-03:00","caller":"episodes.go:35","message":"Processing anime episodes"}
{"level":"info","anime":"From Old Country Bumpkin to Master Swordsman II","time":"2026-08-10T03:22:18-03:00","caller":"episodes.go:35","message":"Processing anime episodes"}
{"level":"info","anime":"Chainsmoker Cat","time":"2026-08-10T03:22:18-03:00","caller":"episodes.go:35","message":"Processing anime episodes"}
{"level":"info","anime":"Jaadugar: A Witch in Mongolia","time":"2026-08-10T03:22:18-03:00","caller":"episodes.go:35","message":"Processing anime episodes"}
{"level":"info","anime":"Daemons of the Shadow Realm","time":"2026-08-10T03:22:18-03:00","caller":"episodes.go:35","message":"Processing anime episodes"}
{"level":"info","anime":"Sparks of Tomorrow","time":"2026-08-10T03:22:18-03:00","caller":"episodes.go:35","message":"Processing anime episodes"}
{"level":"info","anime":"Hanaori-san Still Wants to Fight in the Next Life","time":"2026-08-10T03:22:18-03:00","caller":"episodes.go:35","message":"Processing anime episodes"}
{"level":"info","anime":"Love Unseen Beneath the Clear Night Sky","time":"2026-08-10T03:22:18-03:00","caller":"episodes.go:35","message":"Processing anime episodes"}
{"level":"info","anime":"Dara-san of the Reiwa Era","time":"2026-08-10T03:22:18-03:00","caller":"episodes.go:35","message":"Processing anime episodes"}
{"level":"info","anime":"The Cat and the Dragon","time":"2026-08-10T03:22:18-03:00","caller":"episodes.go:35","message":"Processing anime episodes"}
{"level":"info","anime":"BLACK TORCH","time":"2026-08-10T03:22:18-03:00","caller":"episodes.go:35","message":"Processing anime episodes"}
{"level":"info","anime":"The Frontier Lord Begins with Zero Subjects","time":"2026-08-10T03:22:18-03:00","caller":"episodes.go:35","message":"Processing anime episodes"}
{"level":"info","anime":"I Want to Love You Till Your Dying Day","time":"2026-08-10T03:22:18-03:00","caller":"episodes.go:35","message":"Processing anime episodes"}
{"level":"info","anime":"Re:ZERO -Starting Life in Another World- Season 4","time":"2026-08-10T03:22:18-03:00","caller":"episodes.go:35","message":"Processing anime episodes"}
{"level":"info","anime":"KAIJU GIRL CARAMELISE","time":"2026-08-10T03:22:18-03:00","caller":"episodes.go:35","message":"Processing anime episodes"}
{"level":"info","anime":"THE GHOST IN THE SHELL","time":"2026-08-10T03:22:18-03:00","caller":"episodes.go:35","message":"Processing anime episodes"}
{"level":"info","anime":"I Became a Legend After My 10 Year-Long Last Stand","time":"2026-08-10T03:22:18-03:00","caller":"episodes.go:35","message":"Processing anime episodes"}
{"level":"info","anime":"Smoking Behind the Supermarket with You","time":"2026-08-10T03:22:18-03:00","caller":"episodes.go:35","message":"Processing anime episodes"}
{"level":"info","animes_checked":21,"episodes_checked":274,"episodes_downloaded":0,"total_time":0.691096,"avg_time_per_episode":0.002522,"time":"2026-08-10T03:22:18-03:00","caller":"verification.go:315","message":"Verification completed"}
{"level":"info","usernames":["JediahSk","D4NIDx"],"animes_found":21,"time":"2026-08-10T03:32:19-03:00","caller":"verification.go:525","message":"Successfully fetched animes from Anilist"}
{"level":"info","anime":"Jaadugar: A Witch in Mongolia","time":"2026-08-10T03:32:19-03:00","caller":"episodes.go:35","message":"Processing anime episodes"}
{"level":"info","anime":"Daemons of the Shadow Realm","time":"2026-08-10T03:32:19-03:00","caller":"episodes.go:35","message":"Processing anime episodes"}
{"level":"info","anime":"The Cat and the Dragon","time":"2026-08-10T03:32:19-03:00","caller":"episodes.go:35","message":"Processing anime episodes"}
{"level":"info","anime":"Smoking Behind the Supermarket with You","time":"2026-08-10T03:32:19-03:00","caller":"episodes.go:35","message":"Processing anime episodes"}
{"level":"info","anime":"Sparks of Tomorrow","time":"2026-08-10T03:32:19-03:00","caller":"episodes.go:35","message":"Processing anime episodes"}
{"level":"info","anime":"Mushoku Tensei: Jobless Reincarnation Season 3","time":"2026-08-10T03:32:19-03:00","caller":"episodes.go:35","message":"Processing anime episodes"}
{"level":"info","anime":"KAIJU GIRL CARAMELISE","time":"2026-08-10T03:32:19-03:00","caller":"episodes.go:35","message":"Processing anime episodes"}
{"level":"info","anime":"From Old Country Bumpkin to Master Swordsman II","time":"2026-08-10T03:32:19-03:00","caller":"episodes.go:35","message":"Processing anime episodes"}
{"level":"info","anime":"Dara-san of the Reiwa Era","time":"2026-08-10T03:32:19-03:00","caller":"episodes.go:35","message":"Processing anime episodes"}
{"level":"info","anime":"The Frontier Lord Begins with Zero Subjects","time":"2026-08-10T03:32:19-03:00","caller":"episodes.go:35","message":"Processing anime episodes"}
{"level":"info","anime":"Hanaori-san Still Wants to Fight in the Next Life","time":"2026-08-10T03:32:19-03:00","caller":"episodes.go:35","message":"Processing anime episodes"}
{"level":"info","anime":"I Became a Legend After My 10 Year-Long Last Stand","time":"2026-08-10T03:32:19-03:00","caller":"episodes.go:35","message":"Processing anime episodes"}
{"level":"info","anime":"I Want to Love You Till Your Dying Day","time":"2026-08-10T03:32:19-03:00","caller":"episodes.go:35","message":"Processing anime episodes"}
{"level":"info","anime":"Re:ZERO -Starting Life in Another World- Season 4","time":"2026-08-10T03:32:19-03:00","caller":"episodes.go:35","message":"Processing anime episodes"}
{"level":"info","anime":"BLACK TORCH","time":"2026-08-10T03:32:19-03:00","caller":"episodes.go:35","message":"Processing anime episodes"}
{"level":"info","anime":"Love Unseen Beneath the Clear Night Sky","time":"2026-08-10T03:32:19-03:00","caller":"episodes.go:35","message":"Processing anime episodes"}
{"level":"info","anime":"The World Is Dancing","time":"2026-08-10T03:32:19-03:00","caller":"episodes.go:35","message":"Processing anime episodes"}
{"level":"info","anime":"THE GHOST IN THE SHELL","time":"2026-08-10T03:32:19-03:00","caller":"episodes.go:35","message":"Processing anime episodes"}
{"level":"info","anime":"Chainsmoker Cat","time":"2026-08-10T03:32:19-03:00","caller":"episodes.go:35","message":"Processing anime episodes"}
{"level":"info","anime":"The 100 Girlfriends Who Really, Really, Really, Really, REALLY Love You Season 3","time":"2026-08-10T03:32:19-03:00","caller":"episodes.go:35","message":"Processing anime episodes"}
{"level":"info","anime":"You and I Are Polar Opposites Season 2","time":"2026-08-10T03:32:19-03:00","caller":"episodes.go:35","message":"Processing anime episodes"}
{"level":"info","animes_checked":21,"episodes_checked":274,"episodes_downloaded":0,"total_time":0.564502,"avg_time_per_episode":0.00206,"time":"2026-08-10T03:32:19-03:00","caller":"verification.go:315","message":"Verification completed"}
{"level":"info","usernames":["JediahSk","D4NIDx"],"animes_found":21,"time":"2026-08-10T03:42:21-03:00","caller":"verification.go:525","message":"Successfully fetched animes from Anilist"}
{"level":"info","anime":"Mushoku Tensei: Jobless Reincarnation Season 3","time":"2026-08-10T03:42:21-03:00","caller":"episodes.go:35","message":"Processing anime episodes"}
{"level":"info","anime":"The World Is Dancing","time":"2026-08-10T03:42:21-03:00","caller":"episodes.go:35","message":"Processing anime episodes"}
{"level":"info","anime":"Sparks of Tomorrow","time":"2026-08-10T03:42:21-03:00","caller":"episodes.go:35","message":"Processing anime episodes"}
{"level":"info","anime":"Chainsmoker Cat","time":"2026-08-10T03:42:21-03:00","caller":"episodes.go:35","message":"Processing anime episodes"}
{"level":"info","anime":"KAIJU GIRL CARAMELISE","time":"2026-08-10T03:42:21-03:00","caller":"episodes.go:35","message":"Processing anime episodes"}
{"level":"info","anime":"Jaadugar: A Witch in Mongolia","time":"2026-08-10T03:42:21-03:00","caller":"episodes.go:35","message":"Processing anime episodes"}
{"level":"info","anime":"THE GHOST IN THE SHELL","time":"2026-08-10T03:42:21-03:00","caller":"episodes.go:35","message":"Processing anime episodes"}
{"level":"info","anime":"You and I Are Polar Opposites Season 2","time":"2026-08-10T03:42:21-03:00","caller":"episodes.go:35","message":"Processing anime episodes"}
{"level":"info","anime":"I Became a Legend After My 10 Year-Long Last Stand","time":"2026-08-10T03:42:21-03:00","caller":"episodes.go:35","message":"Processing anime episodes"}
{"level":"info","anime":"Hanaori-san Still Wants to Fight in the Next Life","time":"2026-08-10T03:42:21-03:00","caller":"episodes.go:35","message":"Processing anime episodes"}
{"level":"info","anime":"Dara-san of the Reiwa Era","time":"2026-08-10T03:42:21-03:00","caller":"episodes.go:35","message":"Processing anime episodes"}
{"level":"info","anime":"Love Unseen Beneath the Clear Night Sky","time":"2026-08-10T03:42:21-03:00","caller":"episodes.go:35","message":"Processing anime episodes"}
{"level":"info","anime":"The 100 Girlfriends Who Really, Really, Really, Really, REALLY Love You Season 3","time":"2026-08-10T03:42:21-03:00","caller":"episodes.go:35","message":"Processing anime episodes"}
{"level":"info","anime":"The Cat and the Dragon","time":"2026-08-10T03:42:21-03:00","caller":"episodes.go:35","message":"Processing anime episodes"}
{"level":"info","anime":"Smoking Behind the Supermarket with You","time":"2026-08-10T03:42:21-03:00","caller":"episodes.go:35","message":"Processing anime episodes"}
{"level":"info","anime":"The Frontier Lord Begins with Zero Subjects","time":"2026-08-10T03:42:21-03:00","caller":"episodes.go:35","message":"Processing anime episodes"}
{"level":"info","anime":"I Want to Love You Till Your Dying Day","time":"2026-08-10T03:42:21-03:00","caller":"episodes.go:35","message":"Processing anime episodes"}
{"level":"info","anime":"BLACK TORCH","time":"2026-08-10T03:42:21-03:00","caller":"episodes.go:35","message":"Processing anime episodes"}
{"level":"info","anime":"Re:ZERO -Starting Life in Another World- Season 4","time":"2026-08-10T03:42:21-03:00","caller":"episodes.go:35","message":"Processing anime episodes"}
{"level":"info","anime":"Daemons of the Shadow Realm","time":"2026-08-10T03:42:21-03:00","caller":"episodes.go:35","message":"Processing anime episodes"}
{"level":"info","anime":"From Old Country Bumpkin to Master Swordsman II","time":"2026-08-10T03:42:21-03:00","caller":"episodes.go:35","message":"Processing anime episodes"}
{"level":"info","animes_checked":21,"episodes_checked":274,"episodes_downloaded":0,"total_time":1.228895,"avg_time_per_episode":0.004485,"time":"2026-08-10T03:42:21-03:00","caller":"verification.go:315","message":"Verification completed"}
{"level":"info","usernames":["JediahSk","D4NIDx"],"animes_found":21,"time":"2026-08-10T03:52:23-03:00","caller":"verification.go:525","message":"Successfully fetched animes from Anilist"}
{"level":"info","anime":"The World Is Dancing","time":"2026-08-10T03:52:23-03:00","caller":"episodes.go:35","message":"Processing anime episodes"}
{"level":"info","anime":"Mushoku Tensei: Jobless Reincarnation Season 3","time":"2026-08-10T03:52:23-03:00","caller":"episodes.go:35","message":"Processing anime episodes"}
{"level":"info","anime":"From Old Country Bumpkin to Master Swordsman II","time":"2026-08-10T03:52:23-03:00","caller":"episodes.go:35","message":"Processing anime episodes"}
{"level":"info","anime":"Smoking Behind the Supermarket with You","time":"2026-08-10T03:52:23-03:00","caller":"episodes.go:35","message":"Processing anime episodes"}
{"level":"info","anime":"Chainsmoker Cat","time":"2026-08-10T03:52:23-03:00","caller":"episodes.go:35","message":"Processing anime episodes"}
{"level":"info","anime":"Jaadugar: A Witch in Mongolia","time":"2026-08-10T03:52:23-03:00","caller":"episodes.go:35","message":"Processing anime episodes"}
{"level":"info","anime":"You and I Are Polar Opposites Season 2","time":"2026-08-10T03:52:23-03:00","caller":"episodes.go:35","message":"Processing anime episodes"}
{"level":"info","anime":"The 100 Girlfriends Who Really, Really, Really, Really, REALLY Love You Season 3","time":"2026-08-10T03:52:23-03:00","caller":"episodes.go:35","message":"Processing anime episodes"}
{"level":"info","anime":"I Became a Legend After My 10 Year-Long Last Stand","time":"2026-08-10T03:52:23-03:00","caller":"episodes.go:35","message":"Processing anime episodes"}
{"level":"info","anime":"Dara-san of the Reiwa Era","time":"2026-08-10T03:52:23-03:00","caller":"episodes.go:35","message":"Processing anime episodes"}
{"level":"info","anime":"Love Unseen Beneath the Clear Night Sky","time":"2026-08-10T03:52:23-03:00","caller":"episodes.go:35","message":"Processing anime episodes"}
{"level":"info","anime":"Hanaori-san Still Wants to Fight in the Next Life","time":"2026-08-10T03:52:23-03:00","caller":"episodes.go:35","message":"Processing anime episodes"}
{"level":"info","anime":"I Want to Love You Till Your Dying Day","time":"2026-08-10T03:52:23-03:00","caller":"episodes.go:35","message":"Processing anime episodes"}
{"level":"info","anime":"The Cat and the Dragon","time":"2026-08-10T03:52:23-03:00","caller":"episodes.go:35","message":"Processing anime episodes"}
{"level":"info","anime":"The Frontier Lord Begins with Zero Subjects","time":"2026-08-10T03:52:23-03:00","caller":"episodes.go:35","message":"Processing anime episodes"}
{"level":"info","anime":"Re:ZERO -Starting Life in Another World- Season 4","time":"2026-08-10T03:52:23-03:00","caller":"episodes.go:35","message":"Processing anime episodes"}
{"level":"info","anime":"Daemons of the Shadow Realm","time":"2026-08-10T03:52:23-03:00","caller":"episodes.go:35","message":"Processing anime episodes"}
{"level":"info","anime":"Sparks of Tomorrow","time":"2026-08-10T03:52:23-03:00","caller":"episodes.go:35","message":"Processing anime episodes"}
{"level":"info","anime":"BLACK TORCH","time":"2026-08-10T03:52:23-03:00","caller":"episodes.go:35","message":"Processing anime episodes"}
{"level":"info","anime":"THE GHOST IN THE SHELL","time":"2026-08-10T03:52:23-03:00","caller":"episodes.go:35","message":"Processing anime episodes"}
{"level":"info","anime":"KAIJU GIRL CARAMELISE","time":"2026-08-10T03:52:23-03:00","caller":"episodes.go:35","message":"Processing anime episodes"}
{"level":"info","animes_checked":21,"episodes_checked":274,"episodes_downloaded":0,"total_time":0.67104,"avg_time_per_episode":0.002449,"time":"2026-08-10T03:52:23-03:00","caller":"verification.go:315","message":"Verification completed"}
{"level":"info","usernames":["JediahSk","D4NIDx"],"animes_found":21,"time":"2026-08-10T04:02:25-03:00","caller":"verification.go:525","message":"Successfully fetched animes from Anilist"}
{"level":"info","anime":"Daemons of the Shadow Realm","time":"2026-08-10T04:02:25-03:00","caller":"episodes.go:35","message":"Processing anime episodes"}
{"level":"info","anime":"KAIJU GIRL CARAMELISE","time":"2026-08-10T04:02:25-03:00","caller":"episodes.go:35","message":"Processing anime episodes"}
{"level":"info","anime":"Chainsmoker Cat","time":"2026-08-10T04:02:25-03:00","caller":"episodes.go:35","message":"Processing anime episodes"}
{"level":"info","anime":"The 100 Girlfriends Who Really, Really, Really, Really, REALLY Love You Season 3","time":"2026-08-10T04:02:25-03:00","caller":"episodes.go:35","message":"Processing anime episodes"}
{"level":"info","anime":"The Frontier Lord Begins with Zero Subjects","time":"2026-08-10T04:02:25-03:00","caller":"episodes.go:35","message":"Processing anime episodes"}
{"level":"info","anime":"The World Is Dancing","time":"2026-08-10T04:02:25-03:00","caller":"episodes.go:35","message":"Processing anime episodes"}
{"level":"info","anime":"Jaadugar: A Witch in Mongolia","time":"2026-08-10T04:02:25-03:00","caller":"episodes.go:35","message":"Processing anime episodes"}
{"level":"info","anime":"Smoking Behind the Supermarket with You","time":"2026-08-10T04:02:25-03:00","caller":"episodes.go:35","message":"Processing anime episodes"}
{"level":"info","anime":"You and I Are Polar Opposites Season 2","time":"2026-08-10T04:02:25-03:00","caller":"episodes.go:35","message":"Processing anime episodes"}
{"level":"info","anime":"THE GHOST IN THE SHELL","time":"2026-08-10T04:02:25-03:00","caller":"episodes.go:35","message":"Processing anime episodes"}
{"level":"info","anime":"Sparks of Tomorrow","time":"2026-08-10T04:02:25-03:00","caller":"episodes.go:35","message":"Processing anime episodes"}
{"level":"info","anime":"Love Unseen Beneath the Clear Night Sky","time":"2026-08-10T04:02:25-03:00","caller":"episodes.go:35","message":"Processing anime episodes"}
{"level":"info","anime":"I Became a Legend After My 10 Year-Long Last Stand","time":"2026-08-10T04:02:25-03:00","caller":"episodes.go:35","message":"Processing anime episodes"}
{"level":"info","anime":"The Cat and the Dragon","time":"2026-08-10T04:02:25-03:00","caller":"episodes.go:35","message":"Processing anime episodes"}
{"level":"info","anime":"BLACK TORCH","time":"2026-08-10T04:02:25-03:00","caller":"episodes.go:35","message":"Processing anime episodes"}
{"level":"info","anime":"Hanaori-san Still Wants to Fight in the Next Life","time":"2026-08-10T04:02:25-03:00","caller":"episodes.go:35","message":"Processing anime episodes"}
{"level":"info","anime":"I Want to Love You Till Your Dying Day","time":"2026-08-10T04:02:25-03:00","caller":"episodes.go:35","message":"Processing anime episodes"}
{"level":"info","anime":"Re:ZERO -Starting Life in Another World- Season 4","time":"2026-08-10T04:02:25-03:00","caller":"episodes.go:35","message":"Processing anime episodes"}
{"level":"info","anime":"Dara-san of the Reiwa Era","time":"2026-08-10T04:02:25-03:00","caller":"episodes.go:35","message":"Processing anime episodes"}
{"level":"info","anime":"Mushoku Tensei: Jobless Reincarnation Season 3","time":"2026-08-10T04:02:25-03:00","caller":"episodes.go:35","message":"Processing anime episodes"}
{"level":"info","anime":"From Old Country Bumpkin to Master Swordsman II","time":"2026-08-10T04:02:25-03:00","caller":"episodes.go:35","message":"Processing anime episodes"}
{"level":"info","animes_checked":21,"episodes_checked":274,"episodes_downloaded":0,"total_time":0.69454,"avg_time_per_episode":0.002534,"time":"2026-08-10T04:02:25-03:00","caller":"verification.go:315","message":"Verification completed"}
{"level":"info","usernames":["JediahSk","D4NIDx"],"animes_found":21,"time":"2026-08-10T04:12:26-03:00","caller":"verification.go:525","message":"Successfully fetched animes from Anilist"}
{"level":"info","anime":"Mushoku Tensei: Jobless Reincarnation Season 3","time":"2026-08-10T04:12:27-03:00","caller":"episodes.go:35","message":"Processing anime episodes"}
{"level":"info","anime":"Daemons of the Shadow Realm","time":"2026-08-10T04:12:27-03:00","caller":"episodes.go:35","message":"Processing anime episodes"}
{"level":"info","anime":"From Old Country Bumpkin to Master Swordsman II","time":"2026-08-10T04:12:27-03:00","caller":"episodes.go:35","message":"Processing anime episodes"}
{"level":"info","anime":"You and I Are Polar Opposites Season 2","time":"2026-08-10T04:12:27-03:00","caller":"episodes.go:35","message":"Processing anime episodes"}
{"level":"info","anime":"The World Is Dancing","time":"2026-08-10T04:12:27-03:00","caller":"episodes.go:35","message":"Processing anime episodes"}
{"level":"info","anime":"Chainsmoker Cat","time":"2026-08-10T04:12:27-03:00","caller":"episodes.go:35","message":"Processing anime episodes"}
{"level":"info","anime":"Jaadugar: A Witch in Mongolia","time":"2026-08-10T04:12:27-03:00","caller":"episodes.go:35","message":"Processing anime episodes"}
{"level":"info","anime":"The 100 Girlfriends Who Really, Really, Really, Really, REALLY Love You Season 3","time":"2026-08-10T04:12:27-03:00","caller":"episodes.go:35","message":"Processing anime episodes"}
{"level":"info","anime":"The Cat and the Dragon","time":"2026-08-10T04:12:27-03:00","caller":"episodes.go:35","message":"Processing anime episodes"}
{"level":"info","anime":"Sparks of Tomorrow","time":"2026-08-10T04:12:27-03:00","caller":"episodes.go:35","message":"Processing anime episodes"}
{"level":"info","anime":"The Frontier Lord Begins with Zero Subjects","time":"2026-08-10T04:12:27-03:00","caller":"episodes.go:35","message":"Processing anime episodes"}
{"level":"info","anime":"I Became a Legend After My 10 Year-Long Last Stand","time":"2026-08-10T04:12:27-03:00","caller":"episodes.go:35","message":"Processing anime episodes"}
{"level":"info","anime":"BLACK TORCH","time":"2026-08-10T04:12:27-03:00","caller":"episodes.go:35","message":"Processing anime episodes"}
{"level":"info","anime":"THE GHOST IN THE SHELL","time":"2026-08-10T04:12:27-03:00","caller":"episodes.go:35","message":"Processing anime episodes"}
{"level":"info","anime":"Dara-san of the Reiwa Era","time":"2026-08-10T04:12:27-03:00","caller":"episodes.go:35","message":"Processing anime episodes"}
{"level":"info","anime":"Smoking Behind the Supermarket with You","time":"2026-08-10T04:12:27-03:00","caller":"episodes.go:35","message":"Processing anime episodes"}
{"level":"info","anime":"Hanaori-san Still Wants to Fight in the Next Life","time":"2026-08-10T04:12:27-03:00","caller":"episodes.go:35","message":"Processing anime episodes"}
{"level":"info","anime":"Re:ZERO -Starting Life in Another World- Season 4","time":"2026-08-10T04:12:27-03:00","caller":"episodes.go:35","message":"Processing anime episodes"}
{"level":"info","anime":"I Want to Love You Till Your Dying Day","time":"2026-08-10T04:12:27-03:00","caller":"episodes.go:35","message":"Processing anime episodes"}
{"level":"info","anime":"KAIJU GIRL CARAMELISE","time":"2026-08-10T04:12:27-03:00","caller":"episodes.go:35","message":"Processing anime episodes"}
{"level":"info","anime":"Love Unseen Beneath the Clear Night Sky","time":"2026-08-10T04:12:27-03:00","caller":"episodes.go:35","message":"Processing anime episodes"}
{"level":"info","animes_checked":21,"episodes_checked":274,"episodes_downloaded":0,"total_time":0.719652,"avg_time_per_episode":0.002626,"time":"2026-08-10T04:12:27-03:00","caller":"verification.go:315","message":"Verification completed"}
{"level":"info","usernames":["JediahSk","D4NIDx"],"animes_found":21,"time":"2026-08-10T04:22:28-03:00","caller":"verification.go:525","message":"Successfully fetched animes from Anilist"}
{"level":"info","anime":"Mushoku Tensei: Jobless Reincarnation Season 3","time":"2026-08-10T04:22:29-03:00","caller":"episodes.go:35","message":"Processing anime episodes"}
{"level":"info","anime":"The World Is Dancing","time":"2026-08-10T04:22:29-03:00","caller":"episodes.go:35","message":"Processing anime episodes"}
{"level":"info","anime":"Smoking Behind the Supermarket with You","time":"2026-08-10T04:22:29-03:00","caller":"episodes.go:35","message":"Processing anime episodes"}
{"level":"info","anime":"Daemons of the Shadow Realm","time":"2026-08-10T04:22:29-03:00","caller":"episodes.go:35","message":"Processing anime episodes"}
{"level":"info","anime":"From Old Country Bumpkin to Master Swordsman II","time":"2026-08-10T04:22:29-03:00","caller":"episodes.go:35","message":"Processing anime episodes"}
{"level":"info","anime":"Jaadugar: A Witch in Mongolia","time":"2026-08-10T04:22:29-03:00","caller":"episodes.go:35","message":"Processing anime episodes"}
{"level":"info","anime":"The Cat and the Dragon","time":"2026-08-10T04:22:29-03:00","caller":"episodes.go:35","message":"Processing anime episodes"}
{"level":"info","anime":"Sparks of Tomorrow","time":"2026-08-10T04:22:29-03:00","caller":"episodes.go:35","message":"Processing anime episodes"}
{"level":"info","anime":"KAIJU GIRL CARAMELISE","time":"2026-08-10T04:22:29-03:00","caller":"episodes.go:35","message":"Processing anime episodes"}
{"level":"info","anime":"THE GHOST IN THE SHELL","time":"2026-08-10T04:22:29-03:00","caller":"episodes.go:35","message":"Processing anime episodes"}
{"level":"info","anime":"The Frontier Lord Begins with Zero Subjects","time":"2026-08-10T04:22:29-03:00","caller":"episodes.go:35","message":"Processing anime episodes"}
{"level":"info","anime":"Hanaori-san Still Wants to Fight in the Next Life","time":"2026-08-10T04:22:29-03:00","caller":"episodes.go:35","message":"Processing anime episodes"}
{"level":"info","anime":"Dara-san of the Reiwa Era","time":"2026-08-10T04:22:29-03:00","caller":"episodes.go:35","message":"Processing anime episodes"}
{"level":"info","anime":"BLACK TORCH","time":"2026-08-10T04:22:29-03:00","caller":"episodes.go:35","message":"Processing anime episodes"}
{"level":"info","anime":"I Want to Love You Till Your Dying Day","time":"2026-08-10T04:22:29-03:00","caller":"episodes.go:35","message":"Processing anime episodes"}
{"level":"info","anime":"Re:ZERO -Starting Life in Another World- Season 4","time":"2026-08-10T04:22:29-03:00","caller":"episodes.go:35","message":"Processing anime episodes"}
{"level":"info","anime":"Love Unseen Beneath the Clear Night Sky","time":"2026-08-10T04:22:29-03:00","caller":"episodes.go:35","message":"Processing anime episodes"}
{"level":"info","anime":"The 100 Girlfriends Who Really, Really, Really, Really, REALLY Love You Season 3","time":"2026-08-10T04:22:29-03:00","caller":"episodes.go:35","message":"Processing anime episodes"}
{"level":"info","anime":"I Became a Legend After My 10 Year-Long Last Stand","time":"2026-08-10T04:22:29-03:00","caller":"episodes.go:35","message":"Processing anime episodes"}
{"level":"info","anime":"Chainsmoker Cat","time":"2026-08-10T04:22:29-03:00","caller":"episodes.go:35","message":"Processing anime episodes"}
{"level":"info","anime":"You and I Are Polar Opposites Season 2","time":"2026-08-10T04:22:29-03:00","caller":"episodes.go:35","message":"Processing anime episodes"}
{"level":"info","animes_checked":21,"episodes_checked":274,"episodes_downloaded":0,"total_time":0.679244,"avg_time_per_episode":0.002478,"time":"2026-08-10T04:22:29-03:00","caller":"verification.go:315","message":"Verification completed"}
{"level":"info","usernames":["JediahSk","D4NIDx"],"animes_found":21,"time":"2026-08-10T04:32:30-03:00","caller":"verification.go:525","message":"Successfully fetched animes from Anilist"}
{"level":"info","anime":"KAIJU GIRL CARAMELISE","time":"2026-08-10T04:32:30-03:00","caller":"episodes.go:35","message":"Processing anime episodes"}
{"level":"info","anime":"The Cat and the Dragon","time":"2026-08-10T04:32:30-03:00","caller":"episodes.go:35","message":"Processing anime episodes"}
{"level":"info","anime":"The Frontier Lord Begins with Zero Subjects","time":"2026-08-10T04:32:30-03:00","caller":"episodes.go:35","message":"Processing anime episodes"}
{"level":"info","anime":"Hanaori-san Still Wants to Fight in the Next Life","time":"2026-08-10T04:32:30-03:00","caller":"episodes.go:35","message":"Processing anime episodes"}
{"level":"info","anime":"Dara-san of the Reiwa Era","time":"2026-08-10T04:32:30-03:00","caller":"episodes.go:35","message":"Processing anime episodes"}
{"level":"info","anime":"BLACK TORCH","time":"2026-08-10T04:32:30-03:00","caller":"episodes.go:35","message":"Processing anime episodes"}
{"level":"info","anime":"I Want to Love You Till Your Dying Day","time":"2026-08-10T04:32:30-03:00","caller":"episodes.go:35","message":"Processing anime episodes"}
{"level":"info","anime":"Re:ZERO -Starting Life in Another World- Season 4","time":"2026-08-10T04:32:30-03:00","caller":"episodes.go:35","message":"Processing anime episodes"}
{"level":"info","anime":"Chainsmoker Cat","time":"2026-08-10T04:32:30-03:00","caller":"episodes.go:35","message":"Processing anime episodes"}
{"level":"info","anime":"Mushoku Tensei: Jobless Reincarnation Season 3","time":"2026-08-10T04:32:30-03:00","caller":"episodes.go:35","message":"Processing anime episodes"}
{"level":"info","anime":"From Old Country Bumpkin to Master Swordsman II","time":"2026-08-10T04:32:30-03:00","caller":"episodes.go:35","message":"Processing anime episodes"}
{"level":"info","anime":"The 100 Girlfriends Who Really, Really, Really, Really, REALLY Love You Season 3","time":"2026-08-10T04:32:30-03:00","caller":"episodes.go:35","message":"Processing anime episodes"}
{"level":"info","anime":"The World Is Dancing","time":"2026-08-10T04:32:30-03:00","caller":"episodes.go:35","message":"Processing anime episodes"}
{"level":"info","anime":"You and I Are Polar Opposites Season 2","time":"2026-08-10T04:32:30-03:00","caller":"episodes.go:35","message":"Processing anime episodes"}
{"level":"info","anime":"Jaadugar: A Witch in Mongolia","time":"2026-08-10T04:32:30-03:00","caller":"episodes.go:35","message":"Processing anime episodes"}
{"level":"info","anime":"Smoking Behind the Supermarket with You","time":"2026-08-10T04:32:30-03:00","caller":"episodes.go:35","message":"Processing anime episodes"}
{"level":"info","anime":"Sparks of Tomorrow","time":"2026-08-10T04:32:30-03:00","caller":"episodes.go:35","message":"Processing anime episodes"}
{"level":"info","anime":"Love Unseen Beneath the Clear Night Sky","time":"2026-08-10T04:32:30-03:00","caller":"episodes.go:35","message":"Processing anime episodes"}
{"level":"info","anime":"THE GHOST IN THE SHELL","time":"2026-08-10T04:32:30-03:00","caller":"episodes.go:35","message":"Processing anime episodes"}
{"level":"info","anime":"I Became a Legend After My 10 Year-Long Last Stand","time":"2026-08-10T04:32:30-03:00","caller":"episodes.go:35","message":"Processing anime episodes"}
{"level":"info","anime":"Daemons of the Shadow Realm","time":"2026-08-10T04:32:30-03:00","caller":"episodes.go:35","message":"Processing anime episodes"}
{"level":"info","animes_checked":21,"episodes_checked":274,"episodes_downloaded":0,"total_time":1.564915,"avg_time_per_episode":0.005711,"time":"2026-08-10T04:32:30-03:00","caller":"verification.go:315","message":"Verification completed"}
{"level":"info","usernames":["JediahSk","D4NIDx"],"animes_found":21,"time":"2026-08-10T04:42:32-03:00","caller":"verification.go:525","message":"Successfully fetched animes from Anilist"}
{"level":"info","anime":"Jaadugar: A Witch in Mongolia","time":"2026-08-10T04:42:33-03:00","caller":"episodes.go:35","message":"Processing anime episodes"}
{"level":"info","anime":"Daemons of the Shadow Realm","time":"2026-08-10T04:42:33-03:00","caller":"episodes.go:35","message":"Processing anime episodes"}
{"level":"info","anime":"I Became a Legend After My 10 Year-Long Last Stand","time":"2026-08-10T04:42:33-03:00","caller":"episodes.go:35","message":"Processing anime episodes"}
{"level":"info","anime":"Sparks of Tomorrow","time":"2026-08-10T04:42:33-03:00","caller":"episodes.go:35","message":"Processing anime episodes"}
{"level":"info","anime":"Love Unseen Beneath the Clear Night Sky","time":"2026-08-10T04:42:33-03:00","caller":"episodes.go:35","message":"Processing anime episodes"}
{"level":"info","anime":"KAIJU GIRL CARAMELISE","time":"2026-08-10T04:42:33-03:00","caller":"episodes.go:35","message":"Processing anime episodes"}
{"level":"info","anime":"THE GHOST IN THE SHELL","time":"2026-08-10T04:42:33-03:00","caller":"episodes.go:35","message":"Processing anime episodes"}
{"level":"info","anime":"Mushoku Tensei: Jobless Reincarnation Season 3","time":"2026-08-10T04:42:33-03:00","caller":"episodes.go:35","message":"Processing anime episodes"}
{"level":"info","anime":"The 100 Girlfriends Who Really, Really, Really, Really, REALLY Love You Season 3","time":"2026-08-10T04:42:33-03:00","caller":"episodes.go:35","message":"Processing anime episodes"}
{"level":"info","anime":"From Old Country Bumpkin to Master Swordsman II","time":"2026-08-10T04:42:33-03:00","caller":"episodes.go:35","message":"Processing anime episodes"}
{"level":"info","anime":"The World Is Dancing","time":"2026-08-10T04:42:33-03:00","caller":"episodes.go:35","message":"Processing anime episodes"}
{"level":"info","anime":"You and I Are Polar Opposites Season 2","time":"2026-08-10T04:42:33-03:00","caller":"episodes.go:35","message":"Processing anime episodes"}
{"level":"info","anime":"The Cat and the Dragon","time":"2026-08-10T04:42:33-03:00","caller":"episodes.go:35","message":"Processing anime episodes"}
{"level":"info","anime":"BLACK TORCH","time":"2026-08-10T04:42:33-03:00","caller":"episodes.go:35","message":"Processing anime episodes"}
{"level":"info","anime":"The Frontier Lord Begins with Zero Subjects","time":"2026-08-10T04:42:33-03:00","caller":"episodes.go:35","message":"Processing anime episodes"}
{"level":"info","anime":"I Want to Love You Till Your Dying Day","time":"2026-08-10T04:42:33-03:00","caller":"episodes.go:35","message":"Processing anime episodes"}
{"level":"info","anime":"Hanaori-san Still Wants to Fight in the Next Life","time":"2026-08-10T04:42:33-03:00","caller":"episodes.go:35","message":"Processing anime episodes"}
{"level":"info","anime":"Re:ZERO -Starting Life in Another World- Season 4","time":"2026-08-10T04:42:33-03:00","caller":"episodes.go:35","message":"Processing anime episodes"}
{"level":"info","anime":"Smoking Behind the Supermarket with You","time":"2026-08-10T04:42:33-03:00","caller":"episodes.go:35","message":"Processing anime episodes"}
{"level":"info","anime":"Dara-san of the Reiwa Era","time":"2026-08-10T04:42:33-03:00","caller":"episodes.go:35","message":"Processing anime episodes"}
{"level":"info","anime":"Chainsmoker Cat","time":"2026-08-10T04:42:33-03:00","caller":"episodes.go:35","message":"Processing anime episodes"}
{"level":"info","animes_checked":21,"episodes_checked":274,"episodes_downloaded":0,"total_time":0.671133,"avg_time_per_episode":0.002449,"time":"2026-08-10T04:42:33-03:00","caller":"verification.go:315","message":"Verification completed"}
{"level":"info","usernames":["JediahSk","D4NIDx"],"animes_found":21,"time":"2026-08-10T04:52:34-03:00","caller":"verification.go:525","message":"Successfully fetched animes from Anilist"}
{"level":"info","anime":"Chainsmoker Cat","time":"2026-08-10T04:52:35-03:00","caller":"episodes.go:35","message":"Processing anime episodes"}
{"level":"info","anime":"Jaadugar: A Witch in Mongolia","time":"2026-08-10T04:52:35-03:00","caller":"episodes.go:35","message":"Processing anime episodes"}
{"level":"info","anime":"KAIJU GIRL CARAMELISE","time":"2026-08-10T04:52:35-03:00","caller":"episodes.go:35","message":"Processing anime episodes"}
{"level":"info","anime":"THE GHOST IN THE SHELL","time":"2026-08-10T04:52:35-03:00","caller":"episodes.go:35","message":"Processing anime episodes"}
{"level":"info","anime":"I Became a Legend After My 10 Year-Long Last Stand","time":"2026-08-10T04:52:35-03:00","caller":"episodes.go:35","message":"Processing anime episodes"}
{"level":"info","anime":"Daemons of the Shadow Realm","time":"2026-08-10T04:52:35-03:00","caller":"episodes.go:35","message":"Processing anime episodes"}
{"level":"info","anime":"Dara-san of the Reiwa Era","time":"2026-08-10T04:52:35-03:00","caller":"episodes.go:35","message":"Processing anime episodes"}
{"level":"info","anime":"BLACK TORCH","time":"2026-08-10T04:52:35-03:00","caller":"episodes.go:35","message":"Processing anime episodes"}
{"level":"info","anime":"Love Unseen Beneath the Clear Night Sky","time":"2026-08-10T04:52:35-03:00","caller":"episodes.go:35","message":"Processing anime episodes"}
{"level":"info","anime":"Mushoku Tensei: Jobless Reincarnation Season 3","time":"2026-08-10T04:52:35-03:00","caller":"episodes.go:35","message":"Processing anime episodes"}
{"level":"info","anime":"I Want to Love You Till Your Dying Day","time":"2026-08-10T04:52:35-03:00","caller":"episodes.go:35","message":"Processing anime episodes"}
{"level":"info","anime":"The Cat and the Dragon","time":"2026-08-10T04:52:35-03:00","caller":"episodes.go:35","message":"Processing anime episodes"}
{"level":"info","anime":"The Frontier Lord Begins with Zero Subjects","time":"2026-08-10T04:52:35-03:00","caller":"episodes.go:35","message":"Processing anime episodes"}
{"level":"info","anime":"The 100 Girlfriends Who Really, Really, Really, Really, REALLY Love You Season 3","time":"2026-08-10T04:52:35-03:00","caller":"episodes.go:35","message":"Processing anime episodes"}
{"level":"info","anime":"Smoking Behind the Supermarket with You","time":"2026-08-10T04:52:35-03:00","caller":"episodes.go:35","message":"Processing anime episodes"}
{"level":"info","anime":"You and I Are Polar Opposites Season 2","time":"2026-08-10T04:52:35-03:00","caller":"episodes.go:35","message":"Processing anime episodes"}
{"level":"info","anime":"The World Is Dancing","time":"2026-08-10T04:52:35-03:00","caller":"episodes.go:35","message":"Processing anime episodes"}
{"level":"info","anime":"Sparks of Tomorrow","time":"2026-08-10T04:52:35-03:00","caller":"episodes.go:35","message":"Processing anime episodes"}
{"level":"info","anime":"Re:ZERO -Starting Life in Another World- Season 4","time":"2026-08-10T04:52:35-03:00","caller":"episodes.go:35","message":"Processing anime episodes"}
{"level":"info","anime":"From Old Country Bumpkin to Master Swordsman II","time":"2026-08-10T04:52:35-03:00","caller":"episodes.go:35","message":"Processing anime episodes"}
{"level":"info","anime":"Hanaori-san Still Wants to Fight in the Next Life","time":"2026-08-10T04:52:35-03:00","caller":"episodes.go:35","message":"Processing anime episodes"}
{"level":"info","animes_checked":21,"episodes_checked":274,"episodes_downloaded":0,"total_time":0.611947,"avg_time_per_episode":0.002233,"time":"2026-08-10T04:52:35-03:00","caller":"verification.go:315","message":"Verification completed"}
{"level":"info","usernames":["JediahSk","D4NIDx"],"animes_found":21,"time":"2026-08-10T05:02:36-03:00","caller":"verification.go:525","message":"Successfully fetched animes from Anilist"}
{"level":"info","anime":"The World Is Dancing","time":"2026-08-10T05:02:37-03:00","caller":"episodes.go:35","message":"Processing anime episodes"}
{"level":"info","anime":"Love Unseen Beneath the Clear Night Sky","time":"2026-08-10T05:02:37-03:00","caller":"episodes.go:35","message":"Processing anime episodes"}
{"level":"info","anime":"Daemons of the Shadow Realm","time":"2026-08-10T05:02:37-03:00","caller":"episodes.go:35","message":"Processing anime episodes"}
{"level":"info","anime":"Jaadugar: A Witch in Mongolia","time":"2026-08-10T05:02:37-03:00","caller":"episodes.go:35","message":"Processing anime episodes"}
{"level":"info","anime":"Mushoku Tensei: Jobless Reincarnation Season 3","time":"2026-08-10T05:02:37-03:00","caller":"episodes.go:35","message":"Processing anime episodes"}
{"level":"info","anime":"Sparks of Tomorrow","time":"2026-08-10T05:02:37-03:00","caller":"episodes.go:35","message":"Processing anime episodes"}
{"level":"info","anime":"You and I Are Polar Opposites Season 2","time":"2026-08-10T05:02:37-03:00","caller":"episodes.go:35","message":"Processing anime episodes"}
{"level":"info","anime":"THE GHOST IN THE SHELL","time":"2026-08-10T05:02:37-03:00","caller":"episodes.go:35","message":"Processing anime episodes"}
{"level":"info","anime":"KAIJU GIRL CARAMELISE","time":"2026-08-10T05:02:37-03:00","caller":"episodes.go:35","message":"Processing anime episodes"}
{"level":"info","anime":"Smoking Behind the Supermarket with You","time":"2026-08-10T05:02:37-03:00","caller":"episodes.go:35","message":"Processing anime episodes"}
{"level":"info","anime":"I Became a Legend After My 10 Year-Long Last Stand","time":"2026-08-10T05:02:37-03:00","caller":"episodes.go:35","message":"Processing anime episodes"}
{"level":"info","anime":"Dara-san of the Reiwa Era","time":"2026-08-10T05:02:37-03:00","caller":"episodes.go:35","message":"Processing anime episodes"}
{"level":"info","anime":"The 100 Girlfriends Who Really, Really, Really, Really, REALLY Love You Season 3","time":"2026-08-10T05:02:37-03:00","caller":"episodes.go:35","message":"Processing anime episodes"}
{"level":"info","anime":"The Cat and the Dragon","time":"2026-08-10T05:02:37-03:00","caller":"episodes.go:35","message":"Processing anime episodes"}
{"level":"info","anime":"The Frontier Lord Begins with Zero Subjects","time":"2026-08-10T05:02:37-03:00","caller":"episodes.go:35","message":"Processing anime episodes"}
{"level":"info","anime":"Hanaori-san Still Wants to Fight in the Next Life","time":"2026-08-10T05:02:37-03:00","caller":"episodes.go:35","message":"Processing anime episodes"}
{"level":"info","anime":"Re:ZERO -Starting Life in Another World- Season 4","time":"2026-08-10T05:02:37-03:00","caller":"episodes.go:35","message":"Processing anime episodes"}
{"level":"info","anime":"From Old Country Bumpkin to Master Swordsman II","time":"2026-08-10T05:02:37-03:00","caller":"episodes.go:35","message":"Processing anime episodes"}
{"level":"info","anime":"I Want to Love You Till Your Dying Day","time":"2026-08-10T05:02:37-03:00","caller":"episodes.go:35","message":"Processing anime episodes"}
{"level":"info","anime":"BLACK TORCH","time":"2026-08-10T05:02:37-03:00","caller":"episodes.go:35","message":"Processing anime episodes"}
{"level":"info","anime":"Chainsmoker Cat","time":"2026-08-10T05:02:37-03:00","caller":"episodes.go:35","message":"Processing anime episodes"}
{"level":"info","animes_checked":21,"episodes_checked":274,"episodes_downloaded":0,"total_time":0.553669,"avg_time_per_episode":0.00202,"time":"2026-08-10T05:02:37-03:00","caller":"verification.go:315","message":"Verification completed"}
{"level":"info","usernames":["JediahSk","D4NIDx"],"animes_found":21,"time":"2026-08-10T05:12:38-03:00","caller":"verification.go:525","message":"Successfully fetched animes from Anilist"}
{"level":"info","anime":"From Old Country Bumpkin to Master Swordsman II","time":"2026-08-10T05:12:39-03:00","caller":"episodes.go:35","message":"Processing anime episodes"}
{"level":"info","anime":"Mushoku Tensei: Jobless Reincarnation Season 3","time":"2026-08-10T05:12:39-03:00","caller":"episodes.go:35","message":"Processing anime episodes"}
{"level":"info","anime":"The 100 Girlfriends Who Really, Really, Really, Really, REALLY Love You Season 3","time":"2026-08-10T05:12:39-03:00","caller":"episodes.go:35","message":"Processing anime episodes"}
{"level":"info","anime":"You and I Are Polar Opposites Season 2","time":"2026-08-10T05:12:39-03:00","caller":"episodes.go:35","message":"Processing anime episodes"}
{"level":"info","anime":"Smoking Behind the Supermarket with You","time":"2026-08-10T05:12:39-03:00","caller":"episodes.go:35","message":"Processing anime episodes"}
{"level":"info","anime":"Sparks of Tomorrow","time":"2026-08-10T05:12:39-03:00","caller":"episodes.go:35","message":"Processing anime episodes"}
{"level":"info","anime":"KAIJU GIRL CARAMELISE","time":"2026-08-10T05:12:39-03:00","caller":"episodes.go:35","message":"Processing anime episodes"}
{"level":"info","anime":"THE GHOST IN THE SHELL","time":"2026-08-10T05:12:39-03:00","caller":"episodes.go:35","message":"Processing anime episodes"}
{"level":"info","anime":"I Became a Legend After My 10 Year-Long Last Stand","time":"2026-08-10T05:12:39-03:00","caller":"episodes.go:35","message":"Processing anime episodes"}
{"level":"info","anime":"Love Unseen Beneath the Clear Night Sky","time":"2026-08-10T05:12:39-03:00","caller":"episodes.go:35","message":"Processing anime episodes"}
{"level":"info","anime":"The Cat and the Dragon","time":"2026-08-10T05:12:39-03:00","caller":"episodes.go:35","message":"Processing anime episodes"}
{"level":"info","anime":"The Frontier Lord Begins with Zero Subjects","time":"2026-08-10T05:12:39-03:00","caller":"episodes.go:35","message":"Processing anime episodes"}
{"level":"info","anime":"Hanaori-san Still Wants to Fight in the Next Life","time":"2026-08-10T05:12:39-03:00","caller":"episodes.go:35","message":"Processing anime episodes"}
{"level":"info","anime":"Dara-san of the Reiwa Era","time":"2026-08-10T05:12:39-03:00","caller":"episodes.go:35","message":"Processing anime episodes"}
{"level":"info","anime":"BLACK TORCH","time":"2026-08-10T05:12:39-03:00","caller":"episodes.go:35","message":"Processing anime episodes"}
{"level":"info","anime":"I Want to Love You Till Your Dying Day","time":"2026-08-10T05:12:39-03:00","caller":"episodes.go:35","message":"Processing anime episodes"}
{"level":"info","anime":"Re:ZERO -Starting Life in Another World- Season 4","time":"2026-08-10T05:12:39-03:00","caller":"episodes.go:35","message":"Processing anime episodes"}
{"level":"info","anime":"The World Is Dancing","time":"2026-08-10T05:12:39-03:00","caller":"episodes.go:35","message":"Processing anime episodes"}
{"level":"info","anime":"Daemons of the Shadow Realm","time":"2026-08-10T05:12:39-03:00","caller":"episodes.go:35","message":"Processing anime episodes"}
{"level":"info","anime":"Chainsmoker Cat","time":"2026-08-10T05:12:39-03:00","caller":"episodes.go:35","message":"Processing anime episodes"}
{"level":"info","anime":"Jaadugar: A Witch in Mongolia","time":"2026-08-10T05:12:39-03:00","caller":"episodes.go:35","message":"Processing anime episodes"}
{"level":"info","animes_checked":21,"episodes_checked":274,"episodes_downloaded":0,"total_time":1.31745,"avg_time_per_episode":0.004808,"time":"2026-08-10T05:12:39-03:00","caller":"verification.go:315","message":"Verification completed"}
{"level":"info","usernames":["JediahSk","D4NIDx"],"animes_found":21,"time":"2026-08-10T05:22:40-03:00","caller":"verification.go:525","message":"Successfully fetched animes from Anilist"}
{"level":"info","anime":"From Old Country Bumpkin to Master Swordsman II","time":"2026-08-10T05:22:40-03:00","caller":"episodes.go:35","message":"Processing anime episodes"}
{"level":"info","anime":"Daemons of the Shadow Realm","time":"2026-08-10T05:22:40-03:00","caller":"episodes.go:35","message":"Processing anime episodes"}
{"level":"info","anime":"Love Unseen Beneath the Clear Night Sky","time":"2026-08-10T05:22:40-03:00","caller":"episodes.go:35","message":"Processing anime episodes"}
{"level":"info","anime":"The Cat and the Dragon","time":"2026-08-10T05:22:40-03:00","caller":"episodes.go:35","message":"Processing anime episodes"}
{"level":"info","anime":"The World Is Dancing","time":"2026-08-10T05:22:40-03:00","caller":"episodes.go:35","message":"Processing anime episodes"}
{"level":"info","anime":"Chainsmoker Cat","time":"2026-08-10T05:22:40-03:00","caller":"episodes.go:35","message":"Processing anime episodes"}
{"level":"info","anime":"Jaadugar: A Witch in Mongolia","time":"2026-08-10T05:22:40-03:00","caller":"episodes.go:35","message":"Processing anime episodes"}
{"level":"info","anime":"You and I Are Polar Opposites Season 2","time":"2026-08-10T05:22:40-03:00","caller":"episodes.go:35","message":"Processing anime episodes"}
{"level":"info","anime":"Smoking Behind the Supermarket with You","time":"2026-08-10T05:22:40-03:00","caller":"episodes.go:35","message":"Processing anime episodes"}
{"level":"info","anime":"Sparks of Tomorrow","time":"2026-08-10T05:22:40-03:00","caller":"episodes.go:35","message":"Processing anime episodes"}
{"level":"info","anime":"KAIJU GIRL CARAMELISE","time":"2026-08-10T05:22:40-03:00","caller":"episodes.go:35","message":"Processing anime episodes"}
{"level":"info","anime":"The Frontier Lord Begins with Zero Subjects","time":"2026-08-10T05:22:40-03:00","caller":"episodes.go:35","message":"Processing anime episodes"}
{"level":"info","anime":"THE GHOST IN THE SHELL","time":"2026-08-10T05:22:40-03:00","caller":"episodes.go:35","message":"Processing anime episodes"}
{"level":"info","anime":"Hanaori-san Still Wants to Fight in the Next Life","time":"2026-08-10T05:22:40-03:00","caller":"episodes.go:35","message":"Processing anime episodes"}
{"level":"info","anime":"BLACK TORCH","time":"2026-08-10T05:22:40-03:00","caller":"episodes.go:35","message":"Processing anime episodes"}
{"level":"info","anime":"Dara-san of the Reiwa Era","time":"2026-08-10T05:22:40-03:00","caller":"episodes.go:35","message":"Processing anime episodes"}
{"level":"info","anime":"Re:ZERO -Starting Life in Another World- Season 4","time":"2026-08-10T05:22:40-03:00","caller":"episodes.go:35","message":"Processing anime episodes"}
{"level":"info","anime":"I Want to Love You Till Your Dying Day","time":"2026-08-10T05:22:40-03:00","caller":"episodes.go:35","message":"Processing anime episodes"}
{"level":"info","anime":"Mushoku Tensei: Jobless Reincarnation Season 3","time":"2026-08-10T05:22:40-03:00","caller":"episodes.go:35","message":"Processing anime episodes"}
{"level":"info","anime":"The 100 Girlfriends Who Really, Really, Really, Really, REALLY Love You Season 3","time":"2026-08-10T05:22:40-03:00","caller":"episodes.go:35","message":"Processing anime episodes"}
{"level":"info","anime":"I Became a Legend After My 10 Year-Long Last Stand","time":"2026-08-10T05:22:40-03:00","caller":"episodes.go:35","message":"Processing anime episodes"}
{"level":"info","animes_checked":21,"episodes_checked":274,"episodes_downloaded":0,"total_time":1.174042,"avg_time_per_episode":0.004284,"time":"2026-08-10T05:22:40-03:00","caller":"verification.go:315","message":"Verification completed"}
{"level":"info","usernames":["JediahSk","D4NIDx"],"animes_found":21,"time":"2026-08-10T05:32:41-03:00","caller":"verification.go:525","message":"Successfully fetched animes from Anilist"}
{"level":"info","anime":"From Old Country Bumpkin to Master Swordsman II","time":"2026-08-10T05:32:42-03:00","caller":"episodes.go:35","message":"Processing anime episodes"}
{"level":"info","anime":"THE GHOST IN THE SHELL","time":"2026-08-10T05:32:42-03:00","caller":"episodes.go:35","message":"Processing anime episodes"}
{"level":"info","anime":"Daemons of the Shadow Realm","time":"2026-08-10T05:32:42-03:00","caller":"episodes.go:35","message":"Processing anime episodes"}
{"level":"info","anime":"Hanaori-san Still Wants to Fight in the Next Life","time":"2026-08-10T05:32:42-03:00","caller":"episodes.go:35","message":"Processing anime episodes"}
{"level":"info","anime":"Love Unseen Beneath the Clear Night Sky","time":"2026-08-10T05:32:42-03:00","caller":"episodes.go:35","message":"Processing anime episodes"}
{"level":"info","anime":"Mushoku Tensei: Jobless Reincarnation Season 3","time":"2026-08-10T05:32:42-03:00","caller":"episodes.go:35","message":"Processing anime episodes"}
{"level":"info","anime":"I Became a Legend After My 10 Year-Long Last Stand","time":"2026-08-10T05:32:42-03:00","caller":"episodes.go:35","message":"Processing anime episodes"}
{"level":"info","anime":"Smoking Behind the Supermarket with You","time":"2026-08-10T05:32:42-03:00","caller":"episodes.go:35","message":"Processing anime episodes"}
{"level":"info","anime":"You and I Are Polar Opposites Season 2","time":"2026-08-10T05:32:42-03:00","caller":"episodes.go:35","message":"Processing anime episodes"}
{"level":"info","anime":"The 100 Girlfriends Who Really, Really, Really, Really, REALLY Love You Season 3","time":"2026-08-10T05:32:42-03:00","caller":"episodes.go:35","message":"Processing anime episodes"}
{"level":"info","anime":"Sparks of Tomorrow","time":"2026-08-10T05:32:42-03:00","caller":"episodes.go:35","message":"Processing anime episodes"}
{"level":"info","anime":"The World Is Dancing","time":"2026-08-10T05:32:42-03:00","caller":"episodes.go:35","message":"Processing anime episodes"}
{"level":"info","anime":"Chainsmoker Cat","time":"2026-08-10T05:32:42-03:00","caller":"episodes.go:35","message":"Processing anime episodes"}
{"level":"info","anime":"Jaadugar: A Witch in Mongolia","time":"2026-08-10T05:32:42-03:00","caller":"episodes.go:35","message":"Processing anime episodes"}
{"level":"info","anime":"KAIJU GIRL CARAMELISE","time":"2026-08-10T05:32:42-03:00","caller":"episodes.go:35","message":"Processing anime episodes"}
{"level":"info","anime":"BLACK TORCH","time":"2026-08-10T05:32:42-03:00","caller":"episodes.go:35","message":"Processing anime episodes"}
{"level":"info","anime":"I Want to Love You Till Your Dying Day","time":"2026-08-10T05:32:42-03:00","caller":"episodes.go:35","message":"Processing anime episodes"}
{"level":"info","anime":"Dara-san of the Reiwa Era","time":"2026-08-10T05:32:42-03:00","caller":"episodes.go:35","message":"Processing anime episodes"}
{"level":"info","anime":"The Cat and the Dragon","time":"2026-08-10T05:32:42-03:00","caller":"episodes.go:35","message":"Processing anime episodes"}
{"level":"info","anime":"Re:ZERO -Starting Life in Another World- Season 4","time":"2026-08-10T05:32:42-03:00","caller":"episodes.go:35","message":"Processing anime episodes"}
{"level":"info","anime":"The Frontier Lord Begins with Zero Subjects","time":"2026-08-10T05:32:42-03:00","caller":"episodes.go:35","message":"Processing anime episodes"}
{"level":"info","animes_checked":21,"episodes_checked":274,"episodes_downloaded":0,"total_time":0.674095,"avg_time_per_episode":0.00246,"time":"2026-08-10T05:32:42-03:00","caller":"verification.go:315","message":"Verification completed"}
{"level":"info","usernames":["JediahSk","D4NIDx"],"animes_found":21,"time":"2026-08-10T05:42:43-03:00","caller":"verification.go:525","message":"Successfully fetched animes from Anilist"}
{"level":"info","anime":"Daemons of the Shadow Realm","time":"2026-08-10T05:42:44-03:00","caller":"episodes.go:35","message":"Processing anime episodes"}
{"level":"info","anime":"The 100 Girlfriends Who Really, Really, Really, Really, REALLY Love You Season 3","time":"2026-08-10T05:42:44-03:00","caller":"episodes.go:35","message":"Processing anime episodes"}
{"level":"info","anime":"The Cat and the Dragon","time":"2026-08-10T05:42:44-03:00","caller":"episodes.go:35","message":"Processing anime episodes"}
{"level":"info","anime":"Smoking Behind the Supermarket with You","time":"2026-08-10T05:42:44-03:00","caller":"episodes.go:35","message":"Processing anime episodes"}
{"level":"info","anime":"Mushoku Tensei: Jobless Reincarnation Season 3","time":"2026-08-10T05:42:44-03:00","caller":"episodes.go:35","message":"Processing anime episodes"}
{"level":"info","anime":"The World Is Dancing","time":"2026-08-10T05:42:44-03:00","caller":"episodes.go:35","message":"Processing anime episodes"}
{"level":"info","anime":"Chainsmoker Cat","time":"2026-08-10T05:42:44-03:00","caller":"episodes.go:35","message":"Processing anime episodes"}
{"level":"info","anime":"KAIJU GIRL CARAMELISE","time":"2026-08-10T05:42:44-03:00","caller":"episodes.go:35","message":"Processing anime episodes"}
{"level":"info","anime":"Jaadugar: A Witch in Mongolia","time":"2026-08-10T05:42:44-03:00","caller":"episodes.go:35","message":"Processing anime episodes"}
{"level":"info","anime":"THE GHOST IN THE SHELL","time":"2026-08-10T05:42:44-03:00","caller":"episodes.go:35","message":"Processing anime episodes"}
{"level":"info","anime":"Dara-san of the Reiwa Era","time":"2026-08-10T05:42:44-03:00","caller":"episodes.go:35","message":"Processing anime episodes"}
{"level":"info","anime":"The Frontier Lord Begins with Zero Subjects","time":"2026-08-10T05:42:44-03:00","caller":"episodes.go:35","message":"Processing anime episodes"}
{"level":"info","anime":"Hanaori-san Still Wants to Fight in the Next Life","time":"2026-08-10T05:42:44-03:00","caller":"episodes.go:35","message":"Processing anime episodes"}
{"level":"info","anime":"Love Unseen Beneath the Clear Night Sky","time":"2026-08-10T05:42:44-03:00","caller":"episodes.go:35","message":"Processing anime episodes"}
{"level":"info","anime":"I Want to Love You Till Your Dying Day","time":"2026-08-10T05:42:44-03:00","caller":"episodes.go:35","message":"Processing anime episodes"}
{"level":"info","anime":"BLACK TORCH","time":"2026-08-10T05:42:44-03:00","caller":"episodes.go:35","message":"Processing anime episodes"}
{"level":"info","anime":"Re:ZERO -Starting Life in Another World- Season 4","time":"2026-08-10T05:42:44-03:00","caller":"episodes.go:35","message":"Processing anime episodes"}
{"level":"info","anime":"I Became a Legend After My 10 Year-Long Last Stand","time":"2026-08-10T05:42:44-03:00","caller":"episodes.go:35","message":"Processing anime episodes"}
{"level":"info","anime":"You and I Are Polar Opposites Season 2","time":"2026-08-10T05:42:44-03:00","caller":"episodes.go:35","message":"Processing anime episodes"}
{"level":"info","anime":"From Old Country Bumpkin to Master Swordsman II","time":"2026-08-10T05:42:44-03:00","caller":"episodes.go:35","message":"Processing anime episodes"}
{"level":"info","anime":"Sparks of Tomorrow","time":"2026-08-10T05:42:44-03:00","caller":"episodes.go:35","message":"Processing anime episodes"}
{"level":"info","animes_checked":21,"episodes_checked":274,"episodes_downloaded":0,"total_time":0.811911,"avg_time_per_episode":0.002963,"time":"2026-08-10T05:42:44-03:00","caller":"verification.go:315","message":"Verification completed"}
{"level":"info","usernames":["JediahSk","D4NIDx"],"animes_found":21,"time":"2026-08-10T05:52:45-03:00","caller":"verification.go:525","message":"Successfully fetched animes from Anilist"}
{"level":"info","anime":"Jaadugar: A Witch in Mongolia","time":"2026-08-10T05:52:45-03:00","caller":"episodes.go:35","message":"Processing anime episodes"}
{"level":"info","anime":"Mushoku Tensei: Jobless Reincarnation Season 3","time":"2026-08-10T05:52:45-03:00","caller":"episodes.go:35","message":"Processing anime episodes"}
{"level":"info","anime":"You and I Are Polar Opposites Season 2","time":"2026-08-10T05:52:45-03:00","caller":"episodes.go:35","message":"Processing anime episodes"}
{"level":"info","anime":"THE GHOST IN THE SHELL","time":"2026-08-10T05:52:45-03:00","caller":"episodes.go:35","message":"Processing anime episodes"}
{"level":"info","anime":"Dara-san of the Reiwa Era","time":"2026-08-10T05:52:45-03:00","caller":"episodes.go:35","message":"Processing anime episodes"}
{"level":"info","anime":"Daemons of the Shadow Realm","time":"2026-08-10T05:52:45-03:00","caller":"episodes.go:35","message":"Processing anime episodes"}
{"level":"info","anime":"BLACK TORCH","time":"2026-08-10T05:52:45-03:00","caller":"episodes.go:35","message":"Processing anime episodes"}
{"level":"info","anime":"Hanaori-san Still Wants to Fight in the Next Life","time":"2026-08-10T05:52:45-03:00","caller":"episodes.go:35","message":"Processing anime episodes"}
{"level":"info","anime":"Re:ZERO -Starting Life in Another World- Season 4","time":"2026-08-10T05:52:45-03:00","caller":"episodes.go:35","message":"Processing anime episodes"}
{"level":"info","anime":"Love Unseen Beneath the Clear Night Sky","time":"2026-08-10T05:52:45-03:00","caller":"episodes.go:35","message":"Processing anime episodes"}
{"level":"info","anime":"The 100 Girlfriends Who Really, Really, Really, Really, REALLY Love You Season 3","time":"2026-08-10T05:52:45-03:00","caller":"episodes.go:35","message":"Processing anime episodes"}
{"level":"info","anime":"I Became a Legend After My 10 Year-Long Last Stand","time":"2026-08-10T05:52:45-03:00","caller":"episodes.go:35","message":"Processing anime episodes"}
{"level":"info","anime":"From Old Country Bumpkin to Master Swordsman II","time":"2026-08-10T05:52:45-03:00","caller":"episodes.go:35","message":"Processing anime episodes"}
{"level":"info","anime":"The Cat and the Dragon","time":"2026-08-10T05:52:45-03:00","caller":"episodes.go:35","message":"Processing anime episodes"}
{"level":"info","anime":"The Frontier Lord Begins with Zero Subjects","time":"2026-08-10T05:52:45-03:00","caller":"episodes.go:35","message":"Processing anime episodes"}
{"level":"info","anime":"The World Is Dancing","time":"2026-08-10T05:52:45-03:00","caller":"episodes.go:35","message":"Processing anime episodes"}
{"level":"info","anime":"Chainsmoker Cat","time":"2026-08-10T05:52:45-03:00","caller":"episodes.go:35","message":"Processing anime episodes"}
{"level":"info","anime":"Smoking Behind the Supermarket with You","time":"2026-08-10T05:52:45-03:00","caller":"episodes.go:35","message":"Processing anime episodes"}
{"level":"info","anime":"Sparks of Tomorrow","time":"2026-08-10T05:52:45-03:00","caller":"episodes.go:35","message":"Processing anime episodes"}
{"level":"info","anime":"KAIJU GIRL CARAMELISE","time":"2026-08-10T05:52:45-03:00","caller":"episodes.go:35","message":"Processing anime episodes"}
{"level":"info","anime":"I Want to Love You Till Your Dying Day","time":"2026-08-10T05:52:45-03:00","caller":"episodes.go:35","message":"Processing anime episodes"}
{"level":"info","animes_checked":21,"episodes_checked":274,"episodes_downloaded":0,"total_time":1.178005,"avg_time_per_episode":0.004299,"time":"2026-08-10T05:52:45-03:00","caller":"verification.go:315","message":"Verification completed"}
{"level":"info","usernames":["JediahSk","D4NIDx"],"animes_found":21,"time":"2026-08-10T06:02:47-03:00","caller":"verification.go:525","message":"Successfully fetched animes from Anilist"}
{"level":"info","anime":"The 100 Girlfriends Who Really, Really, Really, Really, REALLY Love You Season 3","time":"2026-08-10T06:02:47-03:00","caller":"episodes.go:35","message":"Processing anime episodes"}
{"level":"info","anime":"Jaadugar: A Witch in Mongolia","time":"2026-08-10T06:02:47-03:00","caller":"episodes.go:35","message":"Processing anime episodes"}
{"level":"info","anime":"The World Is Dancing","time":"2026-08-10T06:02:47-03:00","caller":"episodes.go:35","message":"Processing anime episodes"}
{"level":"info","anime":"You and I Are Polar Opposites Season 2","time":"2026-08-10T06:02:47-03:00","caller":"episodes.go:35","message":"Processing anime episodes"}
{"level":"info","anime":"Smoking Behind the Supermarket with You","time":"2026-08-10T06:02:47-03:00","caller":"episodes.go:35","message":"Processing anime episodes"}
{"level":"info","anime":"Chainsmoker Cat","time":"2026-08-10T06:02:47-03:00","caller":"episodes.go:35","message":"Processing anime episodes"}
{"level":"info","anime":"From Old Country Bumpkin to Master Swordsman II","time":"2026-08-10T06:02:47-03:00","caller":"episodes.go:35","message":"Processing anime episodes"}
{"level":"info","anime":"BLACK TORCH","time":"2026-08-10T06:02:47-03:00","caller":"episodes.go:35","message":"Processing anime episodes"}
{"level":"info","anime":"Hanaori-san Still Wants to Fight in the Next Life","time":"2026-08-10T06:02:47-03:00","caller":"episodes.go:35","message":"Processing anime episodes"}
{"level":"info","anime":"Dara-san of the Reiwa Era","time":"2026-08-10T06:02:47-03:00","caller":"episodes.go:35","message":"Processing anime episodes"}
{"level":"info","anime":"Re:ZERO -Starting Life in Another World- Season 4","time":"2026-08-10T06:02:47-03:00","caller":"episodes.go:35","message":"Processing anime episodes"}
{"level":"info","anime":"Daemons of the Shadow Realm","time":"2026-08-10T06:02:47-03:00","caller":"episodes.go:35","message":"Processing anime episodes"}
{"level":"info","anime":"I Became a Legend After My 10 Year-Long Last Stand","time":"2026-08-10T06:02:47-03:00","caller":"episodes.go:35","message":"Processing anime episodes"}
{"level":"info","anime":"Mushoku Tensei: Jobless Reincarnation Season 3","time":"2026-08-10T06:02:47-03:00","caller":"episodes.go:35","message":"Processing anime episodes"}
{"level":"info","anime":"I Want to Love You Till Your Dying Day","time":"2026-08-10T06:02:47-03:00","caller":"episodes.go:35","message":"Processing anime episodes"}
{"level":"info","anime":"Love Unseen Beneath the Clear Night Sky","time":"2026-08-10T06:02:47-03:00","caller":"episodes.go:35","message":"Processing anime episodes"}
{"level":"info","anime":"The Cat and the Dragon","time":"2026-08-10T06:02:47-03:00","caller":"episodes.go:35","message":"Processing anime episodes"}
{"level":"info","anime":"Sparks of Tomorrow","time":"2026-08-10T06:02:47-03:00","caller":"episodes.go:35","message":"Processing anime episodes"}
{"level":"info","anime":"The Frontier Lord Begins with Zero Subjects","time":"2026-08-10T06:02:47-03:00","caller":"episodes.go:35","message":"Processing anime episodes"}
{"level":"info","anime":"KAIJU GIRL CARAMELISE","time":"2026-08-10T06:02:47-03:00","caller":"episodes.go:35","message":"Processing anime episodes"}
{"level":"info","anime":"THE GHOST IN THE SHELL","time":"2026-08-10T06:02:47-03:00","caller":"episodes.go:35","message":"Processing anime episodes"}
{"level":"info","animes_checked":21,"episodes_checked":274,"episodes_downloaded":0,"total_time":0.959893,"avg_time_per_episode":0.003503,"time":"2026-08-10T06:02:47-03:00","caller":"verification.go:315","message":"Verification completed"}
{"level":"info","usernames":["JediahSk","D4NIDx"],"animes_found":21,"time":"2026-08-10T06:12:49-03:00","caller":"verification.go:525","message":"Successfully fetched animes from Anilist"}
{"level":"info","anime":"Mushoku Tensei: Jobless Reincarnation Season 3","time":"2026-08-10T06:12:49-03:00","caller":"episodes.go:35","message":"Processing anime episodes"}
{"level":"info","anime":"Chainsmoker Cat","time":"2026-08-10T06:12:49-03:00","caller":"episodes.go:35","message":"Processing anime episodes"}
{"level":"info","anime":"I Became a Legend After My 10 Year-Long Last Stand","time":"2026-08-10T06:12:49-03:00","caller":"episodes.go:35","message":"Processing anime episodes"}
{"level":"info","anime":"Daemons of the Shadow Realm","time":"2026-08-10T06:12:49-03:00","caller":"episodes.go:35","message":"Processing anime episodes"}
{"level":"info","anime":"Jaadugar: A Witch in Mongolia","time":"2026-08-10T06:12:49-03:00","caller":"episodes.go:35","message":"Processing anime episodes"}
{"level":"info","anime":"Love Unseen Beneath the Clear Night Sky","time":"2026-08-10T06:12:49-03:00","caller":"episodes.go:35","message":"Processing anime episodes"}
{"level":"info","anime":"KAIJU GIRL CARAMELISE","time":"2026-08-10T06:12:49-03:00","caller":"episodes.go:35","message":"Processing anime episodes"}
{"level":"info","anime":"The Cat and the Dragon","time":"2026-08-10T06:12:49-03:00","caller":"episodes.go:35","message":"Processing anime episodes"}
{"level":"info","anime":"The Frontier Lord Begins with Zero Subjects","time":"2026-08-10T06:12:49-03:00","caller":"episodes.go:35","message":"Processing anime episodes"}
{"level":"info","anime":"Hanaori-san Still Wants to Fight in the Next Life","time":"2026-08-10T06:12:49-03:00","caller":"episodes.go:35","message":"Processing anime episodes"}
{"level":"info","anime":"Dara-san of the Reiwa Era","time":"2026-08-10T06:12:49-03:00","caller":"episodes.go:35","message":"Processing anime episodes"}
{"level":"info","anime":"BLACK TORCH","time":"2026-08-10T06:12:49-03:00","caller":"episodes.go:35","message":"Processing anime episodes"}
{"level":"info","anime":"I Want to Love You Till Your Dying Day","time":"2026-08-10T06:12:49-03:00","caller":"episodes.go:35","message":"Processing anime episodes"}
{"level":"info","anime":"Re:ZERO -Starting Life in Another World- Season 4","time":"2026-08-10T06:12:49-03:00","caller":"episodes.go:35","message":"Processing anime episodes"}
{"level":"info","anime":"The 100 Girlfriends Who Really, Really, Really, Really, REALLY Love You Season 3","time":"2026-08-10T06:12:49-03:00","caller":"episodes.go:35","message":"Processing anime episodes"}
{"level":"info","anime":"The World Is Dancing","time":"2026-08-10T06:12:49-03:00","caller":"episodes.go:35","message":"Processing anime episodes"}
{"level":"info","anime":"Smoking Behind the Supermarket with You","time":"2026-08-10T06:12:49-03:00","caller":"episodes.go:35","message":"Processing anime episodes"}
{"level":"info","anime":"You and I Are Polar Opposites Season 2","time":"2026-08-10T06:12:49-03:00","caller":"episodes.go:35","message":"Processing anime episodes"}
{"level":"info","anime":"Sparks of Tomorrow","time":"2026-08-10T06:12:49-03:00","caller":"episodes.go:35","message":"Processing anime episodes"}
{"level":"info","anime":"From Old Country Bumpkin to Master Swordsman II","time":"2026-08-10T06:12:49-03:00","caller":"episodes.go:35","message":"Processing anime episodes"}
{"level":"info","anime":"THE GHOST IN THE SHELL","time":"2026-08-10T06:12:49-03:00","caller":"episodes.go:35","message":"Processing anime episodes"}
{"level":"info","animes_checked":21,"episodes_checked":274,"episodes_downloaded":0,"total_time":0.75067,"avg_time_per_episode":0.002739,"time":"2026-08-10T06:12:49-03:00","caller":"verification.go:315","message":"Verification completed"}
{"level":"info","usernames":["JediahSk","D4NIDx"],"animes_found":21,"time":"2026-08-10T06:22:50-03:00","caller":"verification.go:525","message":"Successfully fetched animes from Anilist"}
{"level":"info","anime":"The 100 Girlfriends Who Really, Really, Really, Really, REALLY Love You Season 3","time":"2026-08-10T06:22:51-03:00","caller":"episodes.go:35","message":"Processing anime episodes"}
{"level":"info","anime":"Smoking Behind the Supermarket with You","time":"2026-08-10T06:22:51-03:00","caller":"episodes.go:35","message":"Processing anime episodes"}
{"level":"info","anime":"Chainsmoker Cat","time":"2026-08-10T06:22:51-03:00","caller":"episodes.go:35","message":"Processing anime episodes"}
{"level":"info","anime":"Sparks of Tomorrow","time":"2026-08-10T06:22:51-03:00","caller":"episodes.go:35","message":"Processing anime episodes"}
{"level":"info","anime":"Mushoku Tensei: Jobless Reincarnation Season 3","time":"2026-08-10T06:22:51-03:00","caller":"episodes.go:35","message":"Processing anime episodes"}
{"level":"info","anime":"You and I Are Polar Opposites Season 2","time":"2026-08-10T06:22:51-03:00","caller":"episodes.go:35","message":"Processing anime episodes"}
{"level":"info","anime":"KAIJU GIRL CARAMELISE","time":"2026-08-10T06:22:51-03:00","caller":"episodes.go:35","message":"Processing anime episodes"}
{"level":"info","anime":"Daemons of the Shadow Realm","time":"2026-08-10T06:22:51-03:00","caller":"episodes.go:35","message":"Processing anime episodes"}
{"level":"info","anime":"Hanaori-san Still Wants to Fight in the Next Life","time":"2026-08-10T06:22:51-03:00","caller":"episodes.go:35","message":"Processing anime episodes"}
{"level":"info","anime":"Dara-san of the Reiwa Era","time":"2026-08-10T06:22:51-03:00","caller":"episodes.go:35","message":"Processing anime episodes"}
{"level":"info","anime":"I Became a Legend After My 10 Year-Long Last Stand","time":"2026-08-10T06:22:51-03:00","caller":"episodes.go:35","message":"Processing anime episodes"}
{"level":"info","anime":"BLACK TORCH","time":"2026-08-10T06:22:51-03:00","caller":"episodes.go:35","message":"Processing anime episodes"}
{"level":"info","anime":"Love Unseen Beneath the Clear Night Sky","time":"2026-08-10T06:22:51-03:00","caller":"episodes.go:35","message":"Processing anime episodes"}
{"level":"info","anime":"I Want to Love You Till Your Dying Day","time":"2026-08-10T06:22:51-03:00","caller":"episodes.go:35","message":"Processing anime episodes"}
{"level":"info","anime":"The Cat and the Dragon","time":"2026-08-10T06:22:51-03:00","caller":"episodes.go:35","message":"Processing anime episodes"}
{"level":"info","anime":"Re:ZERO -Starting Life in Another World- Season 4","time":"2026-08-10T06:22:51-03:00","caller":"episodes.go:35","message":"Processing anime episodes"}
{"level":"info","anime":"The Frontier Lord Begins with Zero Subjects","time":"2026-08-10T06:22:51-03:00","caller":"episodes.go:35","message":"Processing anime episodes"}
{"level":"info","anime":"From Old Country Bumpkin to Master Swordsman II","time":"2026-08-10T06:22:51-03:00","caller":"episodes.go:35","message":"Processing anime episodes"}
{"level":"info","anime":"The World Is Dancing","time":"2026-08-10T06:22:51-03:00","caller":"episodes.go:35","message":"Processing anime episodes"}
{"level":"info","anime":"Jaadugar: A Witch in Mongolia","time":"2026-08-10T06:22:51-03:00","caller":"episodes.go:35","message":"Processing anime episodes"}
{"level":"info","anime":"THE GHOST IN THE SHELL","time":"2026-08-10T06:22:51-03:00","caller":"episodes.go:35","message":"Processing anime episodes"}
{"level":"info","animes_checked":21,"episodes_checked":274,"episodes_downloaded":0,"total_time":0.724966,"avg_time_per_episode":0.002645,"time":"2026-08-10T06:22:51-03:00","caller":"verification.go:315","message":"Verification completed"}
{"level":"info","usernames":["JediahSk","D4NIDx"],"animes_found":21,"time":"2026-08-10T06:32:52-03:00","caller":"verification.go:525","message":"Successfully fetched animes from Anilist"}
{"level":"info","anime":"THE GHOST IN THE SHELL","time":"2026-08-10T06:32:53-03:00","caller":"episodes.go:35","message":"Processing anime episodes"}
{"level":"info","anime":"Daemons of the Shadow Realm","time":"2026-08-10T06:32:53-03:00","caller":"episodes.go:35","message":"Processing anime episodes"}
{"level":"info","anime":"Smoking Behind the Supermarket with You","time":"2026-08-10T06:32:53-03:00","caller":"episodes.go:35","message":"Processing anime episodes"}
{"level":"info","anime":"Jaadugar: A Witch in Mongolia","time":"2026-08-10T06:32:53-03:00","caller":"episodes.go:35","message":"Processing anime episodes"}
{"level":"info","anime":"Mushoku Tensei: Jobless Reincarnation Season 3","time":"2026-08-10T06:32:53-03:00","caller":"episodes.go:35","message":"Processing anime episodes"}
{"level":"info","anime":"You and I Are Polar Opposites Season 2","time":"2026-08-10T06:32:53-03:00","caller":"episodes.go:35","message":"Processing anime episodes"}
{"level":"info","anime":"The 100 Girlfriends Who Really, Really, Really, Really, REALLY Love You Season 3","time":"2026-08-10T06:32:53-03:00","caller":"episodes.go:35","message":"Processing anime episodes"}
{"level":"info","anime":"The World Is Dancing","time":"2026-08-10T06:32:53-03:00","caller":"episodes.go:35","message":"Processing anime episodes"}
{"level":"info","anime":"Hanaori-san Still Wants to Fight in the Next Life","time":"2026-08-10T06:32:53-03:00","caller":"episodes.go:35","message":"Processing anime episodes"}
{"level":"info","anime":"BLACK TORCH","time":"2026-08-10T06:32:53-03:00","caller":"episodes.go:35","message":"Processing anime episodes"}
{"level":"info","anime":"Love Unseen Beneath the Clear Night Sky","time":"2026-08-10T06:32:53-03:00","caller":"episodes.go:35","message":"Processing anime episodes"}
{"level":"info","anime":"Dara-san of the Reiwa Era","time":"2026-08-10T06:32:53-03:00","caller":"episodes.go:35","message":"Processing anime episodes"}
{"level":"info","anime":"The Cat and the Dragon","time":"2026-08-10T06:32:53-03:00","caller":"episodes.go:35","message":"Processing anime episodes"}
{"level":"info","anime":"I Want to Love You Till Your Dying Day","time":"2026-08-10T06:32:53-03:00","caller":"episodes.go:35","message":"Processing anime episodes"}
{"level":"info","anime":"The Frontier Lord Begins with Zero Subjects","time":"2026-08-10T06:32:53-03:00","caller":"episodes.go:35","message":"Processing anime episodes"}
{"level":"info","anime":"Re:ZERO -Starting Life in Another World- Season 4","time":"2026-08-10T06:32:53-03:00","caller":"episodes.go:35","message":"Processing anime episodes"}
{"level":"info","anime":"Sparks of Tomorrow","time":"2026-08-10T06:32:53-03:00","caller":"episodes.go:35","message":"Processing anime episodes"}
{"level":"info","anime":"KAIJU GIRL CARAMELISE","time":"2026-08-10T06:32:53-03:00","caller":"episodes.go:35","message":"Processing anime episodes"}
{"level":"info","anime":"Chainsmoker Cat","time":"2026-08-10T06:32:53-03:00","caller":"episodes.go:35","message":"Processing anime episodes"}
{"level":"info","anime":"I Became a Legend After My 10 Year-Long Last Stand","time":"2026-08-10T06:32:53-03:00","caller":"episodes.go:35","message":"Processing anime episodes"}
{"level":"info","anime":"From Old Country Bumpkin to Master Swordsman II","time":"2026-08-10T06:32:53-03:00","caller":"episodes.go:35","message":"Processing anime episodes"}
{"level":"info","animes_checked":21,"episodes_checked":274,"episodes_downloaded":0,"total_time":0.702633,"avg_time_per_episode":0.002564,"time":"2026-08-10T06:32:53-03:00","caller":"verification.go:315","message":"Verification completed"}
{"level":"info","usernames":["JediahSk","D4NIDx"],"animes_found":21,"time":"2026-08-10T06:42:54-03:00","caller":"verification.go:525","message":"Successfully fetched animes from Anilist"}
{"level":"info","anime":"Chainsmoker Cat","time":"2026-08-10T06:42:54-03:00","caller":"episodes.go:35","message":"Processing anime episodes"}
{"level":"info","anime":"From Old Country Bumpkin to Master Swordsman II","time":"2026-08-10T06:42:54-03:00","caller":"episodes.go:35","message":"Processing anime episodes"}
{"level":"info","anime":"Mushoku Tensei: Jobless Reincarnation Season 3","time":"2026-08-10T06:42:54-03:00","caller":"episodes.go:35","message":"Processing anime episodes"}
{"level":"info","anime":"Love Unseen Beneath the Clear Night Sky","time":"2026-08-10T06:42:54-03:00","caller":"episodes.go:35","message":"Processing anime episodes"}
{"level":"info","anime":"You and I Are Polar Opposites Season 2","time":"2026-08-10T06:42:54-03:00","caller":"episodes.go:35","message":"Processing anime episodes"}
{"level":"info","anime":"Daemons of the Shadow Realm","time":"2026-08-10T06:42:54-03:00","caller":"episodes.go:35","message":"Processing anime episodes"}
{"level":"info","anime":"Smoking Behind the Supermarket with You","time":"2026-08-10T06:42:54-03:00","caller":"episodes.go:35","message":"Processing anime episodes"}
{"level":"info","anime":"Sparks of Tomorrow","time":"2026-08-10T06:42:54-03:00","caller":"episodes.go:35","message":"Processing anime episodes"}
{"level":"info","anime":"The 100 Girlfriends Who Really, Really, Really, Really, REALLY Love You Season 3","time":"2026-08-10T06:42:54-03:00","caller":"episodes.go:35","message":"Processing anime episodes"}
{"level":"info","anime":"KAIJU GIRL CARAMELISE","time":"2026-08-10T06:42:54-03:00","caller":"episodes.go:35","message":"Processing anime episodes"}
{"level":"info","anime":"I Became a Legend After My 10 Year-Long Last Stand","time":"2026-08-10T06:42:54-03:00","caller":"episodes.go:35","message":"Processing anime episodes"}
{"level":"info","anime":"THE GHOST IN THE SHELL","time":"2026-08-10T06:42:54-03:00","caller":"episodes.go:35","message":"Processing anime episodes"}
{"level":"info","anime":"The World Is Dancing","time":"2026-08-10T06:42:54-03:00","caller":"episodes.go:35","message":"Processing anime episodes"}
{"level":"info","anime":"The Cat and the Dragon","time":"2026-08-10T06:42:54-03:00","caller":"episodes.go:35","message":"Processing anime episodes"}
{"level":"info","anime":"The Frontier Lord Begins with Zero Subjects","time":"2026-08-10T06:42:54-03:00","caller":"episodes.go:35","message":"Processing anime episodes"}
{"level":"info","anime":"Hanaori-san Still Wants to Fight in the Next Life","time":"2026-08-10T06:42:54-03:00","caller":"episodes.go:35","message":"Processing anime episodes"}
{"level":"info","anime":"BLACK TORCH","time":"2026-08-10T06:42:54-03:00","caller":"episodes.go:35","message":"Processing anime episodes"}
{"level":"info","anime":"Re:ZERO -Starting Life in Another World- Season 4","time":"2026-08-10T06:42:54-03:00","caller":"episodes.go:35","message":"Processing anime episodes"}
{"level":"info","anime":"I Want to Love You Till Your Dying Day","time":"2026-08-10T06:42:54-03:00","caller":"episodes.go:35","message":"Processing anime episodes"}
{"level":"info","anime":"Dara-san of the Reiwa Era","time":"2026-08-10T06:42:54-03:00","caller":"episodes.go:35","message":"Processing anime episodes"}
{"level":"info","anime":"Jaadugar: A Witch in Mongolia","time":"2026-08-10T06:42:54-03:00","caller":"episodes.go:35","message":"Processing anime episodes"}
{"level":"info","animes_checked":21,"episodes_checked":274,"episodes_downloaded":0,"total_time":0.910152,"avg_time_per_episode":0.003321,"time":"2026-08-10T06:42:54-03:00","caller":"verification.go:315","message":"Verification completed"}
{"level":"info","usernames":["JediahSk","D4NIDx"],"animes_found":21,"time":"2026-08-10T06:52:56-03:00","caller":"verification.go:525","message":"Successfully fetched animes from Anilist"}
{"level":"info","anime":"Mushoku Tensei: Jobless Reincarnation Season 3","time":"2026-08-10T06:52:56-03:00","caller":"episodes.go:35","message":"Processing anime episodes"}
{"level":"info","anime":"Chainsmoker Cat","time":"2026-08-10T06:52:56-03:00","caller":"episodes.go:35","message":"Processing anime episodes"}
{"level":"info","anime":"THE GHOST IN THE SHELL","time":"2026-08-10T06:52:56-03:00","caller":"episodes.go:35","message":"Processing anime episodes"}
{"level":"info","anime":"I Became a Legend After My 10 Year-Long Last Stand","time":"2026-08-10T06:52:56-03:00","caller":"episodes.go:35","message":"Processing anime episodes"}
{"level":"info","anime":"Daemons of the Shadow Realm","time":"2026-08-10T06:52:56-03:00","caller":"episodes.go:35","message":"Processing anime episodes"}
{"level":"info","anime":"Love Unseen Beneath the Clear Night Sky","time":"2026-08-10T06:52:56-03:00","caller":"episodes.go:35","message":"Processing anime episodes"}
{"level":"info","anime":"From Old Country Bumpkin to Master Swordsman II","time":"2026-08-10T06:52:56-03:00","caller":"episodes.go:35","message":"Processing anime episodes"}
{"level":"info","anime":"Smoking Behind the Supermarket with You","time":"2026-08-10T06:52:56-03:00","caller":"episodes.go:35","message":"Processing anime episodes"}
{"level":"info","anime":"You and I Are Polar Opposites Season 2","time":"2026-08-10T06:52:56-03:00","caller":"episodes.go:35","message":"Processing anime episodes"}
{"level":"info","anime":"Sparks of Tomorrow","time":"2026-08-10T06:52:56-03:00","caller":"episodes.go:35","message":"Processing anime episodes"}
{"level":"info","anime":"The Cat and the Dragon","time":"2026-08-10T06:52:56-03:00","caller":"episodes.go:35","message":"Processing anime episodes"}
{"level":"info","anime":"The Frontier Lord Begins with Zero Subjects","time":"2026-08-10T06:52:56-03:00","caller":"episodes.go:35","message":"Processing anime episodes"}
{"level":"info","anime":"BLACK TORCH","time":"2026-08-10T06:52:56-03:00","caller":"episodes.go:35","message":"Processing anime episodes"}
{"level":"info","anime":"Dara-san of the Reiwa Era","time":"2026-08-10T06:52:56-03:00","caller":"episodes.go:35","message":"Processing anime episodes"}
{"level":"info","anime":"I Want to Love You Till Your Dying Day","time":"2026-08-10T06:52:56-03:00","caller":"episodes.go:35","message":"Processing anime episodes"}
{"level":"info","anime":"The 100 Girlfriends Who Really, Really, Really, Really, REALLY Love You Season 3","time":"2026-08-10T06:52:56-03:00","caller":"episodes.go:35","message":"Processing anime episodes"}
{"level":"info","anime":"Re:ZERO -Starting Life in Another World- Season 4","time":"2026-08-10T06:52:56-03:00","caller":"episodes.go:35","message":"Processing anime episodes"}
{"level":"info","anime":"The World Is Dancing","time":"2026-08-10T06:52:56-03:00","caller":"episodes.go:35","message":"Processing anime episodes"}
{"level":"info","anime":"KAIJU GIRL CARAMELISE","time":"2026-08-10T06:52:56-03:00","caller":"episodes.go:35","message":"Processing anime episodes"}
{"level":"info","anime":"Jaadugar: A Witch in Mongolia","time":"2026-08-10T06:52:56-03:00","caller":"episodes.go:35","message":"Processing anime episodes"}
{"level":"info","anime":"Hanaori-san Still Wants to Fight in the Next Life","time":"2026-08-10T06:52:56-03:00","caller":"episodes.go:35","message":"Processing anime episodes"}
{"level":"info","animes_checked":21,"episodes_checked":274,"episodes_downloaded":0,"total_time":0.811151,"avg_time_per_episode":0.00296,"time":"2026-08-10T06:52:56-03:00","caller":"verification.go:315","message":"Verification completed"}
{"level":"info","usernames":["JediahSk","D4NIDx"],"animes_found":21,"time":"2026-08-10T07:02:58-03:00","caller":"verification.go:525","message":"Successfully fetched animes from Anilist"}
{"level":"info","anime":"Mushoku Tensei: Jobless Reincarnation Season 3","time":"2026-08-10T07:02:58-03:00","caller":"episodes.go:35","message":"Processing anime episodes"}
{"level":"info","anime":"Daemons of the Shadow Realm","time":"2026-08-10T07:02:58-03:00","caller":"episodes.go:35","message":"Processing anime episodes"}
{"level":"info","anime":"KAIJU GIRL CARAMELISE","time":"2026-08-10T07:02:58-03:00","caller":"episodes.go:35","message":"Processing anime episodes"}
{"level":"info","anime":"THE GHOST IN THE SHELL","time":"2026-08-10T07:02:58-03:00","caller":"episodes.go:35","message":"Processing anime episodes"}
{"level":"info","anime":"I Became a Legend After My 10 Year-Long Last Stand","time":"2026-08-10T07:02:58-03:00","caller":"episodes.go:35","message":"Processing anime episodes"}
{"level":"info","anime":"Love Unseen Beneath the Clear Night Sky","time":"2026-08-10T07:02:58-03:00","caller":"episodes.go:35","message":"Processing anime episodes"}
{"level":"info","anime":"The Cat and the Dragon","time":"2026-08-10T07:02:58-03:00","caller":"episodes.go:35","message":"Processing anime episodes"}
{"level":"info","anime":"The Frontier Lord Begins with Zero Subjects","time":"2026-08-10T07:02:58-03:00","caller":"episodes.go:35","message":"Processing anime episodes"}
{"level":"info","anime":"Hanaori-san Still Wants to Fight in the Next Life","time":"2026-08-10T07:02:58-03:00","caller":"episodes.go:35","message":"Processing anime episodes"}
{"level":"info","anime":"From Old Country Bumpkin to Master Swordsman II","time":"2026-08-10T07:02:58-03:00","caller":"episodes.go:35","message":"Processing anime episodes"}
{"level":"info","anime":"BLACK TORCH","time":"2026-08-10T07:02:58-03:00","caller":"episodes.go:35","message":"Processing anime episodes"}
{"level":"info","anime":"I Want to Love You Till Your Dying Day","time":"2026-08-10T07:02:58-03:00","caller":"episodes.go:35","message":"Processing anime episodes"}
{"level":"info","anime":"Re:ZERO -Starting Life in Another World- Season 4","time":"2026-08-10T07:02:58-03:00","caller":"episodes.go:35","message":"Processing anime episodes"}
{"level":"info","anime":"Chainsmoker Cat","time":"2026-08-10T07:02:58-03:00","caller":"episodes.go:35","message":"Processing anime episodes"}
{"level":"info","anime":"The 100 Girlfriends Who Really, Really, Really, Really, REALLY Love You Season 3","time":"2026-08-10T07:02:58-03:00","caller":"episodes.go:35","message":"Processing anime episodes"}
{"level":"info","anime":"The World Is Dancing","time":"2026-08-10T07:02:58-03:00","caller":"episodes.go:35","message":"Processing anime episodes"}
{"level":"info","anime":"Jaadugar: A Witch in Mongolia","time":"2026-08-10T07:02:58-03:00","caller":"episodes.go:35","message":"Processing anime episodes"}
{"level":"info","anime":"You and I Are Polar Opposites Season 2","time":"2026-08-10T07:02:58-03:00","caller":"episodes.go:35","message":"Processing anime episodes"}
{"level":"info","anime":"Smoking Behind the Supermarket with You","time":"2026-08-10T07:02:58-03:00","caller":"episodes.go:35","message":"Processing anime episodes"}
{"level":"info","anime":"Sparks of Tomorrow","time":"2026-08-10T07:02:58-03:00","caller":"episodes.go:35","message":"Processing anime episodes"}
{"level":"info","anime":"Dara-san of the Reiwa Era","time":"2026-08-10T07:02:58-03:00","caller":"episodes.go:35","message":"Processing anime episodes"}
{"level":"info","animes_checked":21,"episodes_checked":274,"episodes_downloaded":0,"total_time":0.912504,"avg_time_per_episode":0.00333,"time":"2026-08-10T07:02:58-03:00","caller":"verification.go:315","message":"Verification completed"}
{"level":"info","usernames":["JediahSk","D4NIDx"],"animes_found":21,"time":"2026-08-10T07:12:59-03:00","caller":"verification.go:525","message":"Successfully fetched animes from Anilist"}
{"level":"info","anime":"Mushoku Tensei: Jobless Reincarnation Season 3","time":"2026-08-10T07:13:00-03:00","caller":"episodes.go:35","message":"Processing anime episodes"}
{"level":"info","anime":"Jaadugar: A Witch in Mongolia","time":"2026-08-10T07:13:00-03:00","caller":"episodes.go:35","message":"Processing anime episodes"}
{"level":"info","anime":"Daemons of the Shadow Realm","time":"2026-08-10T07:13:00-03:00","caller":"episodes.go:35","message":"Processing anime episodes"}
{"level":"info","anime":"The 100 Girlfriends Who Really, Really, Really, Really, REALLY Love You Season 3","time":"2026-08-10T07:13:00-03:00","caller":"episodes.go:35","message":"Processing anime episodes"}
{"level":"info","anime":"Chainsmoker Cat","time":"2026-08-10T07:13:00-03:00","caller":"episodes.go:35","message":"Processing anime episodes"}
{"level":"info","anime":"Love Unseen Beneath the Clear Night Sky","time":"2026-08-10T07:13:00-03:00","caller":"episodes.go:35","message":"Processing anime episodes"}
{"level":"info","anime":"You and I Are Polar Opposites Season 2","time":"2026-08-10T07:13:00-03:00","caller":"episodes.go:35","message":"Processing anime episodes"}
{"level":"info","anime":"Smoking Behind the Supermarket with You","time":"2026-08-10T07:13:00-03:00","caller":"episodes.go:35","message":"Processing anime episodes"}
{"level":"info","anime":"Sparks of Tomorrow","time":"2026-08-10T07:13:00-03:00","caller":"episodes.go:35","message":"Processing anime episodes"}
{"level":"info","anime":"KAIJU GIRL CARAMELISE","time":"2026-08-10T07:13:00-03:00","caller":"episodes.go:35","message":"Processing anime episodes"}
{"level":"info","anime":"THE GHOST IN THE SHELL","time":"2026-08-10T07:13:00-03:00","caller":"episodes.go:35","message":"Processing anime episodes"}
{"level":"info","anime":"Dara-san of the Reiwa Era","time":"2026-08-10T07:13:00-03:00","caller":"episodes.go:35","message":"Processing anime episodes"}
{"level":"info","anime":"I Became a Legend After My 10 Year-Long Last Stand","time":"2026-08-10T07:13:00-03:00","caller":"episodes.go:35","message":"Processing anime episodes"}
{"level":"info","anime":"I Want to Love You Till Your Dying Day","time":"2026-08-10T07:13:00-03:00","caller":"episodes.go:35","message":"Processing anime episodes"}
{"level":"info","anime":"BLACK TORCH","time":"2026-08-10T07:13:00-03:00","caller":"episodes.go:35","message":"Processing anime episodes"}
{"level":"info","anime":"Hanaori-san Still Wants to Fight in the Next Life","time":"2026-08-10T07:13:00-03:00","caller":"episodes.go:35","message":"Processing anime episodes"}
{"level":"info","anime":"Re:ZERO -Starting Life in Another World- Season 4","time":"2026-08-10T07:13:00-03:00","caller":"episodes.go:35","message":"Processing anime episodes"}
{"level":"info","anime":"The Frontier Lord Begins with Zero Subjects","time":"2026-08-10T07:13:00-03:00","caller":"episodes.go:35","message":"Processing anime episodes"}
{"level":"info","anime":"The Cat and the Dragon","time":"2026-08-10T07:13:00-03:00","caller":"episodes.go:35","message":"Processing anime episodes"}
{"level":"info","anime":"The World Is Dancing","time":"2026-08-10T07:13:00-03:00","caller":"episodes.go:35","message":"Processing anime episodes"}
{"level":"info","anime":"From Old Country Bumpkin to Master Swordsman II","time":"2026-08-10T07:13:00-03:00","caller":"episodes.go:35","message":"Processing anime episodes"}
{"level":"info","animes_checked":21,"episodes_checked":274,"episodes_downloaded":0,"total_time":0.59641,"avg_time_per_episode":0.002176,"time":"2026-08-10T07:13:00-03:00","caller":"verification.go:315","message":"Verification completed"}
{"level":"info","usernames":["JediahSk","D4NIDx"],"animes_found":21,"time":"2026-08-10T07:23:01-03:00","caller":"verification.go:525","message":"Successfully fetched animes from Anilist"}
{"level":"info","anime":"From Old Country Bumpkin to Master Swordsman II","time":"2026-08-10T07:23:02-03:00","caller":"episodes.go:35","message":"Processing anime episodes"}
{"level":"info","anime":"The World Is Dancing","time":"2026-08-10T07:23:02-03:00","caller":"episodes.go:35","message":"Processing anime episodes"}
{"level":"info","anime":"Daemons of the Shadow Realm","time":"2026-08-10T07:23:02-03:00","caller":"episodes.go:35","message":"Processing anime episodes"}
{"level":"info","anime":"Chainsmoker Cat","time":"2026-08-10T07:23:02-03:00","caller":"episodes.go:35","message":"Processing anime episodes"}
{"level":"info","anime":"Hanaori-san Still Wants to Fight in the Next Life","time":"2026-08-10T07:23:02-03:00","caller":"episodes.go:35","message":"Processing anime episodes"}
{"level":"info","anime":"The 100 Girlfriends Who Really, Really, Really, Really, REALLY Love You Season 3","time":"2026-08-10T07:23:02-03:00","caller":"episodes.go:35","message":"Processing anime episodes"}
{"level":"info","anime":"Love Unseen Beneath the Clear Night Sky","time":"2026-08-10T07:23:02-03:00","caller":"episodes.go:35","message":"Processing anime episodes"}
{"level":"info","anime":"The Cat and the Dragon","time":"2026-08-10T07:23:02-03:00","caller":"episodes.go:35","message":"Processing anime episodes"}
{"level":"info","anime":"Mushoku Tensei: Jobless Reincarnation Season 3","time":"2026-08-10T07:23:02-03:00","caller":"episodes.go:35","message":"Processing anime episodes"}
{"level":"info","anime":"BLACK TORCH","time":"2026-08-10T07:23:02-03:00","caller":"episodes.go:35","message":"Processing anime episodes"}
{"level":"info","anime":"Dara-san of the Reiwa Era","time":"2026-08-10T07:23:02-03:00","caller":"episodes.go:35","message":"Processing anime episodes"}
{"level":"info","anime":"I Want to Love You Till Your Dying Day","time":"2026-08-10T07:23:02-03:00","caller":"episodes.go:35","message":"Processing anime episodes"}
{"level":"info","anime":"Sparks of Tomorrow","time":"2026-08-10T07:23:02-03:00","caller":"episodes.go:35","message":"Processing anime episodes"}
{"level":"info","anime":"Jaadugar: A Witch in Mongolia","time":"2026-08-10T07:23:02-03:00","caller":"episodes.go:35","message":"Processing anime episodes"}
{"level":"info","anime":"You and I Are Polar Opposites Season 2","time":"2026-08-10T07:23:02-03:00","caller":"episodes.go:35","message":"Processing anime episodes"}
{"level":"info","anime":"KAIJU GIRL CARAMELISE","time":"2026-08-10T07:23:02-03:00","caller":"episodes.go:35","message":"Processing anime episodes"}
{"level":"info","anime":"Smoking Behind the Supermarket with You","time":"2026-08-10T07:23:02-03:00","caller":"episodes.go:35","message":"Processing anime episodes"}
{"level":"info","anime":"THE GHOST IN THE SHELL","time":"2026-08-10T07:23:02-03:00","caller":"episodes.go:35","message":"Processing anime episodes"}
{"level":"info","anime":"Re:ZERO -Starting Life in Another World- Season 4","time":"2026-08-10T07:23:02-03:00","caller":"episodes.go:35","message":"Processing anime episodes"}
{"level":"info","anime":"I Became a Legend After My 10 Year-Long Last Stand","time":"2026-08-10T07:23:02-03:00","caller":"episodes.go:35","message":"Processing anime episodes"}
{"level":"info","anime":"The Frontier Lord Begins with Zero Subjects","time":"2026-08-10T07:23:02-03:00","caller":"episodes.go:35","message":"Processing anime episodes"}
{"level":"info","animes_checked":21,"episodes_checked":274,"episodes_downloaded":0,"total_time":0.471983,"avg_time_per_episode":0.001722,"time":"2026-08-10T07:23:02-03:00","caller":"verification.go:315","message":"Verification completed"}
{"level":"info","usernames":["JediahSk","D4NIDx"],"animes_found":21,"time":"2026-08-10T07:33:03-03:00","caller":"verification.go:525","message":"Successfully fetched animes from Anilist"}
{"level":"info","anime":"Daemons of the Shadow Realm","time":"2026-08-10T07:33:03-03:00","caller":"episodes.go:35","message":"Processing anime episodes"}
{"level":"info","anime":"KAIJU GIRL CARAMELISE","time":"2026-08-10T07:33:03-03:00","caller":"episodes.go:35","message":"Processing anime episodes"}
{"level":"info","anime":"Chainsmoker Cat","time":"2026-08-10T07:33:03-03:00","caller":"episodes.go:35","message":"Processing anime episodes"}
{"level":"info","anime":"From Old Country Bumpkin to Master Swordsman II","time":"2026-08-10T07:33:03-03:00","caller":"episodes.go:35","message":"Processing anime episodes"}
{"level":"info","anime":"The 100 Girlfriends Who Really, Really, Really, Really, REALLY Love You Season 3","time":"2026-08-10T07:33:03-03:00","caller":"episodes.go:35","message":"Processing anime episodes"}
{"level":"info","anime":"The World Is Dancing","time":"2026-08-10T07:33:03-03:00","caller":"episodes.go:35","message":"Processing anime episodes"}
{"level":"info","anime":"Jaadugar: A Witch in Mongolia","time":"2026-08-10T07:33:03-03:00","caller":"episodes.go:35","message":"Processing anime episodes"}
{"level":"info","anime":"Smoking Behind the Supermarket with You","time":"2026-08-10T07:33:03-03:00","caller":"episodes.go:35","message":"Processing anime episodes"}
{"level":"info","anime":"Sparks of Tomorrow","time":"2026-08-10T07:33:03-03:00","caller":"episodes.go:35","message":"Processing anime episodes"}
{"level":"info","anime":"You and I Are Polar Opposites Season 2","time":"2026-08-10T07:33:03-03:00","caller":"episodes.go:35","message":"Processing anime episodes"}
{"level":"info","anime":"THE GHOST IN THE SHELL","time":"2026-08-10T07:33:03-03:00","caller":"episodes.go:35","message":"Processing anime episodes"}
{"level":"info","anime":"Hanaori-san Still Wants to Fight in the Next Life","time":"2026-08-10T07:33:03-03:00","caller":"episodes.go:35","message":"Processing anime episodes"}
{"level":"info","anime":"The Frontier Lord Begins with Zero Subjects","time":"2026-08-10T07:33:03-03:00","caller":"episodes.go:35","message":"Processing anime episodes"}
{"level":"info","anime":"I Became a Legend After My 10 Year-Long Last Stand","time":"2026-08-10T07:33:03-03:00","caller":"episodes.go:35","message":"Processing anime episodes"}
{"level":"info","anime":"Dara-san of the Reiwa Era","time":"2026-08-10T07:33:03-03:00","caller":"episodes.go:35","message":"Processing anime episodes"}
{"level":"info","anime":"Mushoku Tensei: Jobless Reincarnation Season 3","time":"2026-08-10T07:33:03-03:00","caller":"episodes.go:35","message":"Processing anime episodes"}
{"level":"info","anime":"Love Unseen Beneath the Clear Night Sky","time":"2026-08-10T07:33:03-03:00","caller":"episodes.go:35","message":"Processing anime episodes"}
{"level":"info","anime":"I Want to Love You Till Your Dying Day","time":"2026-08-10T07:33:03-03:00","caller":"episodes.go:35","message":"Processing anime episodes"}
{"level":"info","anime":"BLACK TORCH","time":"2026-08-10T07:33:03-03:00","caller":"episodes.go:35","message":"Processing anime episodes"}
{"level":"info","anime":"Re:ZERO -Starting Life in Another World- Season 4","time":"2026-08-10T07:33:03-03:00","caller":"episodes.go:35","message":"Processing anime episodes"}
{"level":"info","anime":"The Cat and the Dragon","time":"2026-08-10T07:33:03-03:00","caller":"episodes.go:35","message":"Processing anime episodes"}
{"level":"info","animes_checked":21,"episodes_checked":274,"episodes_downloaded":0,"total_time":1.047449,"avg_time_per_episode":0.003822,"time":"2026-08-10T07:33:03-03:00","caller":"verification.go:315","message":"Verification completed"}
{"level":"info","usernames":["JediahSk","D4NIDx"],"animes_found":21,"time":"2026-08-10T07:43:05-03:00","caller":"verification.go:525","message":"Successfully fetched animes from Anilist"}
{"level":"info","anime":"The 100 Girlfriends Who Really, Really, Really, Really, REALLY Love You Season 3","time":"2026-08-10T07:43:05-03:00","caller":"episodes.go:35","message":"Processing anime episodes"}
{"level":"info","anime":"I Became a Legend After My 10 Year-Long Last Stand","time":"2026-08-10T07:43:05-03:00","caller":"episodes.go:35","message":"Processing anime episodes"}
{"level":"info","anime":"Hanaori-san Still Wants to Fight in the Next Life","time":"2026-08-10T07:43:05-03:00","caller":"episodes.go:35","message":"Processing anime episodes"}
{"level":"info","anime":"Love Unseen Beneath the Clear Night Sky","time":"2026-08-10T07:43:05-03:00","caller":"episodes.go:35","message":"Processing anime episodes"}
{"level":"info","anime":"Mushoku Tensei: Jobless Reincarnation Season 3","time":"2026-08-10T07:43:05-03:00","caller":"episodes.go:35","message":"Processing anime episodes"}
{"level":"info","anime":"The Cat and the Dragon","time":"2026-08-10T07:43:05-03:00","caller":"episodes.go:35","message":"Processing anime episodes"}
{"level":"info","anime":"Dara-san of the Reiwa Era","time":"2026-08-10T07:43:05-03:00","caller":"episodes.go:35","message":"Processing anime episodes"}
{"level":"info","anime":"BLACK TORCH","time":"2026-08-10T07:43:05-03:00","caller":"episodes.go:35","message":"Processing anime episodes"}
{"level":"info","anime":"I Want to Love You Till Your Dying Day","time":"2026-08-10T07:43:05-03:00","caller":"episodes.go:35","message":"Processing anime episodes"}
{"level":"info","anime":"Re:ZERO -Starting Life in Another World- Season 4","time":"2026-08-10T07:43:05-03:00","caller":"episodes.go:35","message":"Processing anime episodes"}
{"level":"info","anime":"You and I Are Polar Opposites Season 2","time":"2026-08-10T07:43:05-03:00","caller":"episodes.go:35","message":"Processing anime episodes"}
{"level":"info","anime":"Smoking Behind the Supermarket with You","time":"2026-08-10T07:43:05-03:00","caller":"episodes.go:35","message":"Processing anime episodes"}
{"level":"info","anime":"Sparks of Tomorrow","time":"2026-08-10T07:43:05-03:00","caller":"episodes.go:35","message":"Processing anime episodes"}
{"level":"info","anime":"KAIJU GIRL CARAMELISE","time":"2026-08-10T07:43:05-03:00","caller":"episodes.go:35","message":"Processing anime episodes"}
{"level":"info","anime":"THE GHOST IN THE SHELL","time":"2026-08-10T07:43:05-03:00","caller":"episodes.go:35","message":"Processing anime episodes"}
{"level":"info","anime":"The Frontier Lord Begins with Zero Subjects","time":"2026-08-10T07:43:05-03:00","caller":"episodes.go:35","message":"Processing anime episodes"}
{"level":"info","anime":"Chainsmoker Cat","time":"2026-08-10T07:43:05-03:00","caller":"episodes.go:35","message":"Processing anime episodes"}
{"level":"info","anime":"Jaadugar: A Witch in Mongolia","time":"2026-08-10T07:43:05-03:00","caller":"episodes.go:35","message":"Processing anime episodes"}
{"level":"info","anime":"The World Is Dancing","time":"2026-08-10T07:43:05-03:00","caller":"episodes.go:35","message":"Processing anime episodes"}
{"level":"info","anime":"From Old Country Bumpkin to Master Swordsman II","time":"2026-08-10T07:43:05-03:00","caller":"episodes.go:35","message":"Processing anime episodes"}
{"level":"info","anime":"Daemons of the Shadow Realm","time":"2026-08-10T07:43:05-03:00","caller":"episodes.go:35","message":"Processing anime episodes"}
{"level":"info","animes_checked":21,"episodes_checked":274,"episodes_downloaded":0,"total_time":0.612761,"avg_time_per_episode":0.002236,"time":"2026-08-10T07:43:05-03:00","caller":"verification.go:315","message":"Verification completed"}
{"level":"info","usernames":["JediahSk","D4NIDx"],"animes_found":21,"time":"2026-08-10T07:53:06-03:00","caller":"verification.go:525","message":"Successfully fetched animes from Anilist"}
{"level":"info","anime":"Jaadugar: A Witch in Mongolia","time":"2026-08-10T07:53:07-03:00","caller":"episodes.go:35","message":"Processing anime episodes"}
{"level":"info","anime":"Daemons of the Shadow Realm","time":"2026-08-10T07:53:07-03:00","caller":"episodes.go:35","message":"Processing anime episodes"}
{"level":"info","anime":"The 100 Girlfriends Who Really, Really, Really, Really, REALLY Love You Season 3","time":"2026-08-10T07:53:07-03:00","caller":"episodes.go:35","message":"Processing anime episodes"}
{"level":"info","anime":"From Old Country Bumpkin to Master Swordsman II","time":"2026-08-10T07:53:07-03:00","caller":"episodes.go:35","message":"Processing anime episodes"}
{"level":"info","anime":"Mushoku Tensei: Jobless Reincarnation Season 3","time":"2026-08-10T07:53:07-03:00","caller":"episodes.go:35","message":"Processing anime episodes"}
{"level":"info","anime":"The Cat and the Dragon","time":"2026-08-10T07:53:07-03:00","caller":"episodes.go:35","message":"Processing anime episodes"}
{"level":"info","anime":"Smoking Behind the Supermarket with You","time":"2026-08-10T07:53:07-03:00","caller":"episodes.go:35","message":"Processing anime episodes"}
{"level":"info","anime":"Sparks of Tomorrow","time":"2026-08-10T07:53:07-03:00","caller":"episodes.go:35","message":"Processing anime episodes"}
{"level":"info","anime":"The World Is Dancing","time":"2026-08-10T07:53:07-03:00","caller":"episodes.go:35","message":"Processing anime episodes"}
{"level":"info","anime":"THE GHOST IN THE SHELL","time":"2026-08-10T07:53:07-03:00","caller":"episodes.go:35","message":"Processing anime episodes"}
{"level":"info","anime":"KAIJU GIRL CARAMELISE","time":"2026-08-10T07:53:07-03:00","caller":"episodes.go:35","message":"Processing anime episodes"}
{"level":"info","anime":"I Became a Legend After My 10 Year-Long Last Stand","time":"2026-08-10T07:53:07-03:00","caller":"episodes.go:35","message":"Processing anime episodes"}
{"level":"info","anime":"Dara-san of the Reiwa Era","time":"2026-08-10T07:53:07-03:00","caller":"episodes.go:35","message":"Processing anime episodes"}
{"level":"info","anime":"BLACK TORCH","time":"2026-08-10T07:53:07-03:00","caller":"episodes.go:35","message":"Processing anime episodes"}
{"level":"info","anime":"The Frontier Lord Begins with Zero Subjects","time":"2026-08-10T07:53:07-03:00","caller":"episodes.go:35","message":"Processing anime episodes"}
{"level":"info","anime":"Hanaori-san Still Wants to Fight in the Next Life","time":"2026-08-10T07:53:07-03:00","caller":"episodes.go:35","message":"Processing anime episodes"}
{"level":"info","anime":"Re:ZERO -Starting Life in Another World- Season 4","time":"2026-08-10T07:53:07-03:00","caller":"episodes.go:35","message":"Processing anime episodes"}
{"level":"info","anime":"I Want to Love You Till Your Dying Day","time":"2026-08-10T07:53:07-03:00","caller":"episodes.go:35","message":"Processing anime episodes"}
{"level":"info","anime":"Love Unseen Beneath the Clear Night Sky","time":"2026-08-10T07:53:07-03:00","caller":"episodes.go:35","message":"Processing anime episodes"}
{"level":"info","anime":"Chainsmoker Cat","time":"2026-08-10T07:53:07-03:00","caller":"episodes.go:35","message":"Processing anime episodes"}
{"level":"info","anime":"You and I Are Polar Opposites Season 2","time":"2026-08-10T07:53:07-03:00","caller":"episodes.go:35","message":"Processing anime episodes"}
{"level":"info","animes_checked":21,"episodes_checked":274,"episodes_downloaded":0,"total_time":0.496798,"avg_time_per_episode":0.001813,"time":"2026-08-10T07:53:07-03:00","caller":"verification.go:315","message":"Verification completed"}
{"level":"info","usernames":["JediahSk","D4NIDx"],"animes_found":21,"time":"2026-08-10T08:03:08-03:00","caller":"verification.go:525","message":"Successfully fetched animes from Anilist"}
{"level":"info","anime":"Daemons of the Shadow Realm","time":"2026-08-10T08:03:08-03:00","caller":"episodes.go:35","message":"Processing anime episodes"}
{"level":"info","anime":"Mushoku Tensei: Jobless Reincarnation Season 3","time":"2026-08-10T08:03:08-03:00","caller":"episodes.go:35","message":"Processing anime episodes"}
{"level":"info","anime":"From Old Country Bumpkin to Master Swordsman II","time":"2026-08-10T08:03:08-03:00","caller":"episodes.go:35","message":"Processing anime episodes"}
{"level":"info","anime":"The 100 Girlfriends Who Really, Really, Really, Really, REALLY Love You Season 3","time":"2026-08-10T08:03:08-03:00","caller":"episodes.go:35","message":"Processing anime episodes"}
{"level":"info","anime":"You and I Are Polar Opposites Season 2","time":"2026-08-10T08:03:08-03:00","caller":"episodes.go:35","message":"Processing anime episodes"}
{"level":"info","anime":"Jaadugar: A Witch in Mongolia","time":"2026-08-10T08:03:08-03:00","caller":"episodes.go:35","message":"Processing anime episodes"}
{"level":"info","anime":"The Cat and the Dragon","time":"2026-08-10T08:03:08-03:00","caller":"episodes.go:35","message":"Processing anime episodes"}
{"level":"info","anime":"KAIJU GIRL CARAMELISE","time":"2026-08-10T08:03:08-03:00","caller":"episodes.go:35","message":"Processing anime episodes"}
{"level":"info","anime":"THE GHOST IN THE SHELL","time":"2026-08-10T08:03:08-03:00","caller":"episodes.go:35","message":"Processing anime episodes"}
{"level":"info","anime":"Smoking Behind the Supermarket with You","time":"2026-08-10T08:03:08-03:00","caller":"episodes.go:35","message":"Processing anime episodes"}
{"level":"info","anime":"I Became a Legend After My 10 Year-Long Last Stand","time":"2026-08-10T08:03:08-03:00","caller":"episodes.go:35","message":"Processing anime episodes"}
{"level":"info","anime":"Sparks of Tomorrow","time":"2026-08-10T08:03:08-03:00","caller":"episodes.go:35","message":"Processing anime episodes"}
{"level":"info","anime":"Love Unseen Beneath the Clear Night Sky","time":"2026-08-10T08:03:08-03:00","caller":"episodes.go:35","message":"Processing anime episodes"}
{"level":"info","anime":"Dara-san of the Reiwa Era","time":"2026-08-10T08:03:08-03:00","caller":"episodes.go:35","message":"Processing anime episodes"}
{"level":"info","anime":"I Want to Love You Till Your Dying Day","time":"2026-08-10T08:03:08-03:00","caller":"episodes.go:35","message":"Processing anime episodes"}
{"level":"info","anime":"BLACK TORCH","time":"2026-08-10T08:03:08-03:00","caller":"episodes.go:35","message":"Processing anime episodes"}
{"level":"info","anime":"Hanaori-san Still Wants to Fight in the Next Life","time":"2026-08-10T08:03:08-03:00","caller":"episodes.go:35","message":"Processing anime episodes"}
{"level":"info","anime":"Re:ZERO -Starting Life in Another World- Season 4","time":"2026-08-10T08:03:08-03:00","caller":"episodes.go:35","message":"Processing anime episodes"}
{"level":"info","anime":"The Frontier Lord Begins with Zero Subjects","time":"2026-08-10T08:03:08-03:00","caller":"episodes.go:35","message":"Processing anime episodes"}
{"level":"info","anime":"The World Is Dancing","time":"2026-08-10T08:03:08-03:00","caller":"episodes.go:35","message":"Processing anime episodes"}
{"level":"info","anime":"Chainsmoker Cat","time":"2026-08-10T08:03:08-03:00","caller":"episodes.go:35","message":"Processing anime episodes"}
{"level":"info","animes_checked":21,"episodes_checked":274,"episodes_downloaded":0,"total_time":0.700299,"avg_time_per_episode":0.002555,"time":"2026-08-10T08:03:08-03:00","caller":"verification.go:315","message":"Verification completed"}
{"level":"info","usernames":["JediahSk","D4NIDx"],"animes_found":21,"time":"2026-08-10T08:13:09-03:00","caller":"verification.go:525","message":"Successfully fetched animes from Anilist"}
{"level":"info","anime":"The 100 Girlfriends Who Really, Really, Really, Really, REALLY Love You Season 3","time":"2026-08-10T08:13:10-03:00","caller":"episodes.go:35","message":"Processing anime episodes"}
{"level":"info","anime":"Mushoku Tensei: Jobless Reincarnation Season 3","time":"2026-08-10T08:13:10-03:00","caller":"episodes.go:35","message":"Processing anime episodes"}
{"level":"info","anime":"The World Is Dancing","time":"2026-08-10T08:13:10-03:00","caller":"episodes.go:35","message":"Processing anime episodes"}
{"level":"info","anime":"Chainsmoker Cat","time":"2026-08-10T08:13:10-03:00","caller":"episodes.go:35","message":"Processing anime episodes"}
{"level":"info","anime":"You and I Are Polar Opposites Season 2","time":"2026-08-10T08:13:10-03:00","caller":"episodes.go:35","message":"Processing anime episodes"}
{"level":"info","anime":"From Old Country Bumpkin to Master Swordsman II","time":"2026-08-10T08:13:10-03:00","caller":"episodes.go:35","message":"Processing anime episodes"}
{"level":"info","anime":"Dara-san of the Reiwa Era","time":"2026-08-10T08:13:10-03:00","caller":"episodes.go:35","message":"Processing anime episodes"}
{"level":"info","anime":"Daemons of the Shadow Realm","time":"2026-08-10T08:13:10-03:00","caller":"episodes.go:35","message":"Processing anime episodes"}
{"level":"info","anime":"Hanaori-san Still Wants to Fight in the Next Life","time":"2026-08-10T08:13:10-03:00","caller":"episodes.go:35","message":"Processing anime episodes"}
{"level":"info","anime":"I Want to Love You Till Your Dying Day","time":"2026-08-10T08:13:10-03:00","caller":"episodes.go:35","message":"Processing anime episodes"}
{"level":"info","anime":"BLACK TORCH","time":"2026-08-10T08:13:10-03:00","caller":"episodes.go:35","message":"Processing anime episodes"}
{"level":"info","anime":"KAIJU GIRL CARAMELISE","time":"2026-08-10T08:13:10-03:00","caller":"episodes.go:35","message":"Processing anime episodes"}
{"level":"info","anime":"Re:ZERO -Starting Life in Another World- Season 4","time":"2026-08-10T08:13:10-03:00","caller":"episodes.go:35","message":"Processing anime episodes"}
{"level":"info","anime":"Smoking Behind the Supermarket with You","time":"2026-08-10T08:13:10-03:00","caller":"episodes.go:35","message":"Processing anime episodes"}
{"level":"info","anime":"Sparks of Tomorrow","time":"2026-08-10T08:13:10-03:00","caller":"episodes.go:35","message":"Processing anime episodes"}
{"level":"info","anime":"I Became a Legend After My 10 Year-Long Last Stand","time":"2026-08-10T08:13:10-03:00","caller":"episodes.go:35","message":"Processing anime episodes"}
{"level":"info","anime":"THE GHOST IN THE SHELL","time":"2026-08-10T08:13:10-03:00","caller":"episodes.go:35","message":"Processing anime episodes"}
{"level":"info","anime":"Love Unseen Beneath the Clear Night Sky","time":"2026-08-10T08:13:10-03:00","caller":"episodes.go:35","message":"Processing anime episodes"}
{"level":"info","anime":"The Cat and the Dragon","time":"2026-08-10T08:13:10-03:00","caller":"episodes.go:35","message":"Processing anime episodes"}
{"level":"info","anime":"Jaadugar: A Witch in Mongolia","time":"2026-08-10T08:13:10-03:00","caller":"episodes.go:35","message":"Processing anime episodes"}
{"level":"info","anime":"The Frontier Lord Begins with Zero Subjects","time":"2026-08-10T08:13:10-03:00","caller":"episodes.go:35","message":"Processing anime episodes"}
{"level":"info","animes_checked":21,"episodes_checked":274,"episodes_downloaded":0,"total_time":0.636391,"avg_time_per_episode":0.002322,"time":"2026-08-10T08:13:10-03:00","caller":"verification.go:315","message":"Verification completed"}
{"level":"info","usernames":["JediahSk","D4NIDx"],"animes_found":21,"time":"2026-08-10T08:23:11-03:00","caller":"verification.go:525","message":"Successfully fetched animes from Anilist"}
{"level":"info","anime":"Smoking Behind the Supermarket with You","time":"2026-08-10T08:23:11-03:00","caller":"episodes.go:35","message":"Processing anime episodes"}
{"level":"info","anime":"Daemons of the Shadow Realm","time":"2026-08-10T08:23:11-03:00","caller":"episodes.go:35","message":"Processing anime episodes"}
{"level":"info","anime":"The World Is Dancing","time":"2026-08-10T08:23:11-03:00","caller":"episodes.go:35","message":"Processing anime episodes"}
{"level":"info","anime":"Jaadugar: A Witch in Mongolia","time":"2026-08-10T08:23:11-03:00","caller":"episodes.go:35","message":"Processing anime episodes"}
{"level":"info","anime":"Mushoku Tensei: Jobless Reincarnation Season 3","time":"2026-08-10T08:23:11-03:00","caller":"episodes.go:35","message":"Processing anime episodes"}
{"level":"info","anime":"From Old Country Bumpkin to Master Swordsman II","time":"2026-08-10T08:23:11-03:00","caller":"episodes.go:35","message":"Processing anime episodes"}
{"level":"info","anime":"The Cat and the Dragon","time":"2026-08-10T08:23:11-03:00","caller":"episodes.go:35","message":"Processing anime episodes"}
{"level":"info","anime":"The Frontier Lord Begins with Zero Subjects","time":"2026-08-10T08:23:11-03:00","caller":"episodes.go:35","message":"Processing anime episodes"}
{"level":"info","anime":"You and I Are Polar Opposites Season 2","time":"2026-08-10T08:23:11-03:00","caller":"episodes.go:35","message":"Processing anime episodes"}
{"level":"info","anime":"Sparks of Tomorrow","time":"2026-08-10T08:23:11-03:00","caller":"episodes.go:35","message":"Processing anime episodes"}
{"level":"info","anime":"KAIJU GIRL CARAMELISE","time":"2026-08-10T08:23:11-03:00","caller":"episodes.go:35","message":"Processing anime episodes"}
{"level":"info","anime":"Dara-san of the Reiwa Era","time":"2026-08-10T08:23:11-03:00","caller":"episodes.go:35","message":"Processing anime episodes"}
{"level":"info","anime":"THE GHOST IN THE SHELL","time":"2026-08-10T08:23:11-03:00","caller":"episodes.go:35","message":"Processing anime episodes"}
{"level":"info","anime":"I Became a Legend After My 10 Year-Long Last Stand","time":"2026-08-10T08:23:11-03:00","caller":"episodes.go:35","message":"Processing anime episodes"}
{"level":"info","anime":"Love Unseen Beneath the Clear Night Sky","time":"2026-08-10T08:23:11-03:00","caller":"episodes.go:35","message":"Processing anime episodes"}
{"level":"info","anime":"I Want to Love You Till Your Dying Day","time":"2026-08-10T08:23:11-03:00","caller":"episodes.go:35","message":"Processing anime episodes"}
{"level":"info","anime":"Re:ZERO -Starting Life in Another World- Season 4","time":"2026-08-10T08:23:11-03:00","caller":"episodes.go:35","message":"Processing anime episodes"}
{"level":"info","anime":"Hanaori-san Still Wants to Fight in the Next Life","time":"2026-08-10T08:23:11-03:00","caller":"episodes.go:35","message":"Processing anime episodes"}
{"level":"info","anime":"BLACK TORCH","time":"2026-08-10T08:23:11-03:00","caller":"episodes.go:35","message":"Processing anime episodes"}
{"level":"info","anime":"Chainsmoker Cat","time":"2026-08-10T08:23:11-03:00","caller":"episodes.go:35","message":"Processing anime episodes"}
{"level":"info","anime":"The 100 Girlfriends Who Really, Really, Really, Really, REALLY Love You Season 3","time":"2026-08-10T08:23:11-03:00","caller":"episodes.go:35","message":"Processing anime episodes"}
{"level":"info","animes_checked":21,"episodes_checked":274,"episodes_downloaded":0,"total_time":0.591724,"avg_time_per_episode":0.002159,"time":"2026-08-10T08:23:11-03:00","caller":"verification.go:315","message":"Verification completed"}
{"level":"info","usernames":["JediahSk","D4NIDx"],"animes_found":21,"time":"2026-08-10T08:33:12-03:00","caller":"verification.go:525","message":"Successfully fetched animes from Anilist"}
{"level":"info","anime":"Chainsmoker Cat","time":"2026-08-10T08:33:13-03:00","caller":"episodes.go:35","message":"Processing anime episodes"}
{"level":"info","anime":"Mushoku Tensei: Jobless Reincarnation Season 3","time":"2026-08-10T08:33:13-03:00","caller":"episodes.go:35","message":"Processing anime episodes"}
{"level":"info","anime":"Daemons of the Shadow Realm","time":"2026-08-10T08:33:13-03:00","caller":"episodes.go:35","message":"Processing anime episodes"}
{"level":"info","anime":"Jaadugar: A Witch in Mongolia","time":"2026-08-10T08:33:13-03:00","caller":"episodes.go:35","message":"Processing anime episodes"}
{"level":"info","anime":"You and I Are Polar Opposites Season 2","time":"2026-08-10T08:33:13-03:00","caller":"episodes.go:35","message":"Processing anime episodes"}
{"level":"info","anime":"Smoking Behind the Supermarket with You","time":"2026-08-10T08:33:13-03:00","caller":"episodes.go:35","message":"Processing anime episodes"}
{"level":"info","anime":"Sparks of Tomorrow","time":"2026-08-10T08:33:13-03:00","caller":"episodes.go:35","message":"Processing anime episodes"}
{"level":"info","anime":"Hanaori-san Still Wants to Fight in the Next Life","time":"2026-08-10T08:33:13-03:00","caller":"episodes.go:35","message":"Processing anime episodes"}
{"level":"info","anime":"The Frontier Lord Begins with Zero Subjects","time":"2026-08-10T08:33:13-03:00","caller":"episodes.go:35","message":"Processing anime episodes"}
{"level":"info","anime":"Dara-san of the Reiwa Era","time":"2026-08-10T08:33:13-03:00","caller":"episodes.go:35","message":"Processing anime episodes"}
{"level":"info","anime":"KAIJU GIRL CARAMELISE","time":"2026-08-10T08:33:13-03:00","caller":"episodes.go:35","message":"Processing anime episodes"}
{"level":"info","anime":"BLACK TORCH","time":"2026-08-10T08:33:13-03:00","caller":"episodes.go:35","message":"Processing anime episodes"}
{"level":"info","anime":"The 100 Girlfriends Who Really, Really, Really, Really, REALLY Love You Season 3","time":"2026-08-10T08:33:13-03:00","caller":"episodes.go:35","message":"Processing anime episodes"}
{"level":"info","anime":"I Want to Love You Till Your Dying Day","time":"2026-08-10T08:33:13-03:00","caller":"episodes.go:35","message":"Processing anime episodes"}
{"level":"info","anime":"I Became a Legend After My 10 Year-Long Last Stand","time":"2026-08-10T08:33:13-03:00","caller":"episodes.go:35","message":"Processing anime episodes"}
{"level":"info","anime":"From Old Country Bumpkin to Master Swordsman II","time":"2026-08-10T08:33:13-03:00","caller":"episodes.go:35","message":"Processing anime episodes"}
{"level":"info","anime":"Love Unseen Beneath the Clear Night Sky","time":"2026-08-10T08:33:13-03:00","caller":"episodes.go:35","message":"Processing anime episodes"}
{"level":"info","anime":"THE GHOST IN THE SHELL","time":"2026-08-10T08:33:13-03:00","caller":"episodes.go:35","message":"Processing anime episodes"}
{"level":"info","anime":"The Cat and the Dragon","time":"2026-08-10T08:33:13-03:00","caller":"episodes.go:35","message":"Processing anime episodes"}
{"level":"info","anime":"Re:ZERO -Starting Life in Another World- Season 4","time":"2026-08-10T08:33:13-03:00","caller":"episodes.go:35","message":"Processing anime episodes"}
{"level":"info","anime":"The World Is Dancing","time":"2026-08-10T08:33:13-03:00","caller":"episodes.go:35","message":"Processing anime episodes"}
{"level":"info","animes_checked":21,"episodes_checked":274,"episodes_downloaded":0,"total_time":0.630095,"avg_time_per_episode":0.002299,"time":"2026-08-10T08:33:13-03:00","caller":"verification.go:315","message":"Verification completed"}
{"level":"info","usernames":["JediahSk","D4NIDx"],"animes_found":21,"time":"2026-08-10T08:43:14-03:00","caller":"verification.go:525","message":"Successfully fetched animes from Anilist"}
{"level":"info","anime":"Daemons of the Shadow Realm","time":"2026-08-10T08:43:15-03:00","caller":"episodes.go:35","message":"Processing anime episodes"}
{"level":"info","anime":"The 100 Girlfriends Who Really, Really, Really, Really, REALLY Love You Season 3","time":"2026-08-10T08:43:15-03:00","caller":"episodes.go:35","message":"Processing anime episodes"}
{"level":"info","anime":"Jaadugar: A Witch in Mongolia","time":"2026-08-10T08:43:15-03:00","caller":"episodes.go:35","message":"Processing anime episodes"}
{"level":"info","anime":"The World Is Dancing","time":"2026-08-10T08:43:15-03:00","caller":"episodes.go:35","message":"Processing anime episodes"}
{"level":"info","anime":"Mushoku Tensei: Jobless Reincarnation Season 3","time":"2026-08-10T08:43:15-03:00","caller":"episodes.go:35","message":"Processing anime episodes"}
{"level":"info","anime":"The Frontier Lord Begins with Zero Subjects","time":"2026-08-10T08:43:15-03:00","caller":"episodes.go:35","message":"Processing anime episodes"}
{"level":"info","anime":"THE GHOST IN THE SHELL","time":"2026-08-10T08:43:15-03:00","caller":"episodes.go:35","message":"Processing anime episodes"}
{"level":"info","anime":"I Became a Legend After My 10 Year-Long Last Stand","time":"2026-08-10T08:43:15-03:00","caller":"episodes.go:35","message":"Processing anime episodes"}
{"level":"info","anime":"Love Unseen Beneath the Clear Night Sky","time":"2026-08-10T08:43:15-03:00","caller":"episodes.go:35","message":"Processing anime episodes"}
{"level":"info","anime":"The Cat and the Dragon","time":"2026-08-10T08:43:15-03:00","caller":"episodes.go:35","message":"Processing anime episodes"}
{"level":"info","anime":"BLACK TORCH","time":"2026-08-10T08:43:15-03:00","caller":"episodes.go:35","message":"Processing anime episodes"}
{"level":"info","anime":"Hanaori-san Still Wants to Fight in the Next Life","time":"2026-08-10T08:43:15-03:00","caller":"episodes.go:35","message":"Processing anime episodes"}
{"level":"info","anime":"Smoking Behind the Supermarket with You","time":"2026-08-10T08:43:15-03:00","caller":"episodes.go:35","message":"Processing anime episodes"}
{"level":"info","anime":"Dara-san of the Reiwa Era","time":"2026-08-10T08:43:15-03:00","caller":"episodes.go:35","message":"Processing anime episodes"}
{"level":"info","anime":"You and I Are Polar Opposites Season 2","time":"2026-08-10T08:43:15-03:00","caller":"episodes.go:35","message":"Processing anime episodes"}
{"level":"info","anime":"Sparks of Tomorrow","time":"2026-08-10T08:43:15-03:00","caller":"episodes.go:35","message":"Processing anime episodes"}
{"level":"info","anime":"I Want to Love You Till Your Dying Day","time":"2026-08-10T08:43:15-03:00","caller":"episodes.go:35","message":"Processing anime episodes"}
{"level":"info","anime":"Re:ZERO -Starting Life in Another World- Season 4","time":"2026-08-10T08:43:15-03:00","caller":"episodes.go:35","message":"Processing anime episodes"}
{"level":"info","anime":"Chainsmoker Cat","time":"2026-08-10T08:43:15-03:00","caller":"episodes.go:35","message":"Processing anime episodes"}
{"level":"info","anime":"From Old Country Bumpkin to Master Swordsman II","time":"2026-08-10T08:43:15-03:00","caller":"episodes.go:35","message":"Processing anime episodes"}
{"level":"info","anime":"KAIJU GIRL CARAMELISE","time":"2026-08-10T08:43:15-03:00","caller":"episodes.go:35","message":"Processing anime episodes"}
{"level":"info","animes_checked":21,"episodes_checked":274,"episodes_downloaded":0,"total_time":0.717633,"avg_time_per_episode":0.002619,"time":"2026-08-10T08:43:15-03:00","caller":"verification.go:315","message":"Verification completed"}
{"level":"info","usernames":["JediahSk","D4NIDx"],"animes_found":21,"time":"2026-08-10T08:53:16-03:00","caller":"verification.go:525","message":"Successfully fetched animes from Anilist"}
{"level":"info","anime":"Mushoku Tensei: Jobless Reincarnation Season 3","time":"2026-08-10T08:53:16-03:00","caller":"episodes.go:35","message":"Processing anime episodes"}
{"level":"info","anime":"Chainsmoker Cat","time":"2026-08-10T08:53:16-03:00","caller":"episodes.go:35","message":"Processing anime episodes"}
{"level":"info","anime":"Daemons of the Shadow Realm","time":"2026-08-10T08:53:16-03:00","caller":"episodes.go:35","message":"Processing anime episodes"}
{"level":"info","anime":"Jaadugar: A Witch in Mongolia","time":"2026-08-10T08:53:16-03:00","caller":"episodes.go:35","message":"Processing anime episodes"}
{"level":"info","anime":"You and I Are Polar Opposites Season 2","time":"2026-08-10T08:53:16-03:00","caller":"episodes.go:35","message":"Processing anime episodes"}
{"level":"info","anime":"Smoking Behind the Supermarket with You","time":"2026-08-10T08:53:16-03:00","caller":"episodes.go:35","message":"Processing anime episodes"}
{"level":"info","anime":"From Old Country Bumpkin to Master Swordsman II","time":"2026-08-10T08:53:16-03:00","caller":"episodes.go:35","message":"Processing anime episodes"}
{"level":"info","anime":"The Frontier Lord Begins with Zero Subjects","time":"2026-08-10T08:53:16-03:00","caller":"episodes.go:35","message":"Processing anime episodes"}
{"level":"info","anime":"KAIJU GIRL CARAMELISE","time":"2026-08-10T08:53:16-03:00","caller":"episodes.go:35","message":"Processing anime episodes"}
{"level":"info","anime":"Sparks of Tomorrow","time":"2026-08-10T08:53:16-03:00","caller":"episodes.go:35","message":"Processing anime episodes"}
{"level":"info","anime":"THE GHOST IN THE SHELL","time":"2026-08-10T08:53:16-03:00","caller":"episodes.go:35","message":"Processing anime episodes"}
{"level":"info","anime":"Hanaori-san Still Wants to Fight in the Next Life","time":"2026-08-10T08:53:16-03:00","caller":"episodes.go:35","message":"Processing anime episodes"}
{"level":"info","anime":"I Became a Legend After My 10 Year-Long Last Stand","time":"2026-08-10T08:53:16-03:00","caller":"episodes.go:35","message":"Processing anime episodes"}
{"level":"info","anime":"Dara-san of the Reiwa Era","time":"2026-08-10T08:53:16-03:00","caller":"episodes.go:35","message":"Processing anime episodes"}
{"level":"info","anime":"Love Unseen Beneath the Clear Night Sky","time":"2026-08-10T08:53:16-03:00","caller":"episodes.go:35","message":"Processing anime episodes"}
{"level":"info","anime":"The World Is Dancing","time":"2026-08-10T08:53:16-03:00","caller":"episodes.go:35","message":"Processing anime episodes"}
{"level":"info","anime":"The Cat and the Dragon","time":"2026-08-10T08:53:16-03:00","caller":"episodes.go:35","message":"Processing anime episodes"}
{"level":"info","anime":"BLACK TORCH","time":"2026-08-10T08:53:16-03:00","caller":"episodes.go:35","message":"Processing anime episodes"}
{"level":"info","anime":"Re:ZERO -Starting Life in Another World- Season 4","time":"2026-08-10T08:53:16-03:00","caller":"episodes.go:35","message":"Processing anime episodes"}
{"level":"info","anime":"I Want to Love You Till Your Dying Day","time":"2026-08-10T08:53:16-03:00","caller":"episodes.go:35","message":"Processing anime episodes"}
{"level":"info","anime":"The 100 Girlfriends Who Really, Really, Really, Really, REALLY Love You Season 3","time":"2026-08-10T08:53:16-03:00","caller":"episodes.go:35","message":"Processing anime episodes"}
{"level":"info","animes_checked":21,"episodes_checked":274,"episodes_downloaded":0,"total_time":0.629854,"avg_time_per_episode":0.002298,"time":"2026-08-10T08:53:16-03:00","caller":"verification.go:315","message":"Verification completed"}
{"level":"info","usernames":["JediahSk","D4NIDx"],"animes_found":21,"time":"2026-08-10T09:03:17-03:00","caller":"verification.go:525","message":"Successfully fetched animes from Anilist"}
{"level":"info","anime":"Daemons of the Shadow Realm","time":"2026-08-10T09:03:18-03:00","caller":"episodes.go:35","message":"Processing anime episodes"}
{"level":"info","anime":"Mushoku Tensei: Jobless Reincarnation Season 3","time":"2026-08-10T09:03:18-03:00","caller":"episodes.go:35","message":"Processing anime episodes"}
{"level":"info","anime":"From Old Country Bumpkin to Master Swordsman II","time":"2026-08-10T09:03:18-03:00","caller":"episodes.go:35","message":"Processing anime episodes"}
{"level":"info","anime":"The 100 Girlfriends Who Really, Really, Really, Really, REALLY Love You Season 3","time":"2026-08-10T09:03:18-03:00","caller":"episodes.go:35","message":"Processing anime episodes"}
{"level":"info","anime":"The World Is Dancing","time":"2026-08-10T09:03:18-03:00","caller":"episodes.go:35","message":"Processing anime episodes"}
{"level":"info","anime":"Chainsmoker Cat","time":"2026-08-10T09:03:18-03:00","caller":"episodes.go:35","message":"Processing anime episodes"}
{"level":"info","anime":"Jaadugar: A Witch in Mongolia","time":"2026-08-10T09:03:18-03:00","caller":"episodes.go:35","message":"Processing anime episodes"}
{"level":"info","anime":"You and I Are Polar Opposites Season 2","time":"2026-08-10T09:03:18-03:00","caller":"episodes.go:35","message":"Processing anime episodes"}
{"level":"info","anime":"Smoking Behind the Supermarket with You","time":"2026-08-10T09:03:18-03:00","caller":"episodes.go:35","message":"Processing anime episodes"}
{"level":"info","anime":"Sparks of Tomorrow","time":"2026-08-10T09:03:18-03:00","caller":"episodes.go:35","message":"Processing anime episodes"}
{"level":"info","anime":"KAIJU GIRL CARAMELISE","time":"2026-08-10T09:03:18-03:00","caller":"episodes.go:35","message":"Processing anime episodes"}
{"level":"info","anime":"THE GHOST IN THE SHELL","time":"2026-08-10T09:03:18-03:00","caller":"episodes.go:35","message":"Processing anime episodes"}
{"level":"info","anime":"I Became a Legend After My 10 Year-Long Last Stand","time":"2026-08-10T09:03:18-03:00","caller":"episodes.go:35","message":"Processing anime episodes"}
{"level":"info","anime":"Love Unseen Beneath the Clear Night Sky","time":"2026-08-10T09:03:18-03:00","caller":"episodes.go:35","message":"Processing anime episodes"}
{"level":"info","anime":"BLACK TORCH","time":"2026-08-10T09:03:18-03:00","caller":"episodes.go:35","message":"Processing anime episodes"}
{"level":"info","anime":"I Want to Love You Till Your Dying Day","time":"2026-08-10T09:03:18-03:00","caller":"episodes.go:35","message":"Processing anime episodes"}
{"level":"info","anime":"The Cat and the Dragon","time":"2026-08-10T09:03:18-03:00","caller":"episodes.go:35","message":"Processing anime episodes"}
{"level":"info","anime":"Re:ZERO -Starting Life in Another World- Season 4","time":"2026-08-10T09:03:18-03:00","caller":"episodes.go:35","message":"Processing anime episodes"}
{"level":"info","anime":"The Frontier Lord Begins with Zero Subjects","time":"2026-08-10T09:03:18-03:00","caller":"episodes.go:35","message":"Processing anime episodes"}
{"level":"info","anime":"Hanaori-san Still Wants to Fight in the Next Life","time":"2026-08-10T09:03:18-03:00","caller":"episodes.go:35","message":"Processing anime episodes"}
{"level":"info","anime":"Dara-san of the Reiwa Era","time":"2026-08-10T09:03:18-03:00","caller":"episodes.go:35","message":"Processing anime episodes"}
{"level":"warn","episode":"Love Unseen Beneath the Clear Night Sky - Episode 6","attempts":0,"time":"2026-08-10T09:03:26-03:00","caller":"episodes.go:343","message":"Failed to download episode after all attempts"}
{"level":"info","animes_checked":21,"episodes_checked":274,"episodes_downloaded":0,"total_time":8052.159179,"avg_time_per_episode":29.387442,"time":"2026-08-10T09:03:26-03:00","caller":"verification.go:315","message":"Verification completed"}
{"level":"info","usernames":["JediahSk","D4NIDx"],"animes_found":21,"time":"2026-08-10T09:13:27-03:00","caller":"verification.go:525","message":"Successfully fetched animes from Anilist"}
{"level":"info","anime":"The 100 Girlfriends Who Really, Really, Really, Really, REALLY Love You Season 3","time":"2026-08-10T09:13:27-03:00","caller":"episodes.go:35","message":"Processing anime episodes"}
{"level":"info","anime":"Daemons of the Shadow Realm","time":"2026-08-10T09:13:27-03:00","caller":"episodes.go:35","message":"Processing anime episodes"}
{"level":"info","anime":"The World Is Dancing","time":"2026-08-10T09:13:27-03:00","caller":"episodes.go:35","message":"Processing anime episodes"}
{"level":"info","anime":"You and I Are Polar Opposites Season 2","time":"2026-08-10T09:13:27-03:00","caller":"episodes.go:35","message":"Processing anime episodes"}
{"level":"info","anime":"Jaadugar: A Witch in Mongolia","time":"2026-08-10T09:13:27-03:00","caller":"episodes.go:35","message":"Processing anime episodes"}
{"level":"info","anime":"The Frontier Lord Begins with Zero Subjects","time":"2026-08-10T09:13:27-03:00","caller":"episodes.go:35","message":"Processing anime episodes"}
{"level":"info","anime":"Dara-san of the Reiwa Era","time":"2026-08-10T09:13:27-03:00","caller":"episodes.go:35","message":"Processing anime episodes"}
{"level":"info","anime":"Hanaori-san Still Wants to Fight in the Next Life","time":"2026-08-10T09:13:27-03:00","caller":"episodes.go:35","message":"Processing anime episodes"}
{"level":"info","anime":"From Old Country Bumpkin to Master Swordsman II","time":"2026-08-10T09:13:27-03:00","caller":"episodes.go:35","message":"Processing anime episodes"}
{"level":"info","anime":"Smoking Behind the Supermarket with You","time":"2026-08-10T09:13:27-03:00","caller":"episodes.go:35","message":"Processing anime episodes"}
{"level":"info","anime":"THE GHOST IN THE SHELL","time":"2026-08-10T09:13:27-03:00","caller":"episodes.go:35","message":"Processing anime episodes"}
{"level":"info","anime":"I Became a Legend After My 10 Year-Long Last Stand","time":"2026-08-10T09:13:27-03:00","caller":"episodes.go:35","message":"Processing anime episodes"}
{"level":"info","anime":"Sparks of Tomorrow","time":"2026-08-10T09:13:27-03:00","caller":"episodes.go:35","message":"Processing anime episodes"}
{"level":"info","anime":"Love Unseen Beneath the Clear Night Sky","time":"2026-08-10T09:13:27-03:00","caller":"episodes.go:35","message":"Processing anime episodes"}
{"level":"info","anime":"I Want to Love You Till Your Dying Day","time":"2026-08-10T09:13:27-03:00","caller":"episodes.go:35","message":"Processing anime episodes"}
{"level":"info","anime":"BLACK TORCH","time":"2026-08-10T09:13:27-03:00","caller":"episodes.go:35","message":"Processing anime episodes"}
{"level":"info","anime":"Re:ZERO -Starting Life in Another World- Season 4","time":"2026-08-10T09:13:27-03:00","caller":"episodes.go:35","message":"Processing anime episodes"}
{"level":"info","anime":"KAIJU GIRL CARAMELISE","time":"2026-08-10T09:13:27-03:00","caller":"episodes.go:35","message":"Processing anime episodes"}
{"level":"info","anime":"The Cat and the Dragon","time":"2026-08-10T09:13:27-03:00","caller":"episodes.go:35","message":"Processing anime episodes"}
{"level":"info","anime":"Mushoku Tensei: Jobless Reincarnation Season 3","time":"2026-08-10T09:13:27-03:00","caller":"episodes.go:35","message":"Processing anime episodes"}
{"level":"info","anime":"Chainsmoker Cat","time":"2026-08-10T09:13:27-03:00","caller":"episodes.go:35","message":"Processing anime episodes"}
{"level":"warn","episode":"Love Unseen Beneath the Clear Night Sky - Episode 6","attempts":0,"time":"2026-08-10T09:13:36-03:00","caller":"episodes.go:343","message":"Failed to download episode after all attempts"}
{"level":"info","animes_checked":21,"episodes_checked":274,"episodes_downloaded":0,"total_time":8050.669172,"avg_time_per_episode":29.382004,"time":"2026-08-10T09:13:36-03:00","caller":"verification.go:315","message":"Verification completed"}
{"level":"info","usernames":["JediahSk","D4NIDx"],"animes_found":21,"time":"2026-08-10T09:23:37-03:00","caller":"verification.go:525","message":"Successfully fetched animes from Anilist"}
{"level":"info","anime":"Chainsmoker Cat","time":"2026-08-10T09:23:37-03:00","caller":"episodes.go:35","message":"Processing anime episodes"}
{"level":"info","anime":"Mushoku Tensei: Jobless Reincarnation Season 3","time":"2026-08-10T09:23:37-03:00","caller":"episodes.go:35","message":"Processing anime episodes"}
{"level":"info","anime":"You and I Are Polar Opposites Season 2","time":"2026-08-10T09:23:37-03:00","caller":"episodes.go:35","message":"Processing anime episodes"}
{"level":"info","anime":"KAIJU GIRL CARAMELISE","time":"2026-08-10T09:23:37-03:00","caller":"episodes.go:35","message":"Processing anime episodes"}
{"level":"info","anime":"Smoking Behind the Supermarket with You","time":"2026-08-10T09:23:37-03:00","caller":"episodes.go:35","message":"Processing anime episodes"}
{"level":"info","anime":"Sparks of Tomorrow","time":"2026-08-10T09:23:37-03:00","caller":"episodes.go:35","message":"Processing anime episodes"}
{"level":"info","anime":"Daemons of the Shadow Realm","time":"2026-08-10T09:23:37-03:00","caller":"episodes.go:35","message":"Processing anime episodes"}
{"level":"info","anime":"THE GHOST IN THE SHELL","time":"2026-08-10T09:23:37-03:00","caller":"episodes.go:35","message":"Processing anime episodes"}
{"level":"info","anime":"From Old Country Bumpkin to Master Swordsman II","time":"2026-08-10T09:23:37-03:00","caller":"episodes.go:35","message":"Processing anime episodes"}
{"level":"info","anime":"The World Is Dancing","time":"2026-08-10T09:23:37-03:00","caller":"episodes.go:35","message":"Processing anime episodes"}
{"level":"info","anime":"I Became a Legend After My 10 Year-Long Last Stand","time":"2026-08-10T09:23:37-03:00","caller":"episodes.go:35","message":"Processing anime episodes"}
{"level":"info","anime":"BLACK TORCH","time":"2026-08-10T09:23:37-03:00","caller":"episodes.go:35","message":"Processing anime episodes"}
{"level":"info","anime":"Dara-san of the Reiwa Era","time":"2026-08-10T09:23:37-03:00","caller":"episodes.go:35","message":"Processing anime episodes"}
{"level":"info","anime":"I Want to Love You Till Your Dying Day","time":"2026-08-10T09:23:37-03:00","caller":"episodes.go:35","message":"Processing anime episodes"}
{"level":"info","anime":"The Cat and the Dragon","time":"2026-08-10T09:23:37-03:00","caller":"episodes.go:35","message":"Processing anime episodes"}
{"level":"info","anime":"The Frontier Lord Begins with Zero Subjects","time":"2026-08-10T09:23:37-03:00","caller":"episodes.go:35","message":"Processing anime episodes"}
{"level":"info","anime":"Hanaori-san Still Wants to Fight in the Next Life","time":"2026-08-10T09:23:37-03:00","caller":"episodes.go:35","message":"Processing anime episodes"}
{"level":"info","anime":"Love Unseen Beneath the Clear Night Sky","time":"2026-08-10T09:23:37-03:00","caller":"episodes.go:35","message":"Processing anime episodes"}
{"level":"info","anime":"The 100 Girlfriends Who Really, Really, Really, Really, REALLY Love You Season 3","time":"2026-08-10T09:23:37-03:00","caller":"episodes.go:35","message":"Processing anime episodes"}
{"level":"info","anime":"Re:ZERO -Starting Life in Another World- Season 4","time":"2026-08-10T09:23:37-03:00","caller":"episodes.go:35","message":"Processing anime episodes"}
{"level":"info","anime":"Jaadugar: A Witch in Mongolia","time":"2026-08-10T09:23:37-03:00","caller":"episodes.go:35","message":"Processing anime episodes"}
{"level":"warn","episode":"Love Unseen Beneath the Clear Night Sky - Episode 6","attempts":0,"time":"2026-08-10T09:23:45-03:00","caller":"episodes.go:343","message":"Failed to download episode after all attempts"}
{"level":"info","animes_checked":21,"episodes_checked":274,"episodes_downloaded":0,"total_time":8067.102395,"avg_time_per_episode":29.441979,"time":"2026-08-10T09:23:45-03:00","caller":"verification.go:315","message":"Verification completed"}
{"level":"info","usernames":["JediahSk","D4NIDx"],"animes_found":21,"time":"2026-08-10T09:33:46-03:00","caller":"verification.go:525","message":"Successfully fetched animes from Anilist"}
{"level":"info","anime":"The World Is Dancing","time":"2026-08-10T09:33:47-03:00","caller":"episodes.go:35","message":"Processing anime episodes"}
{"level":"info","anime":"THE GHOST IN THE SHELL","time":"2026-08-10T09:33:47-03:00","caller":"episodes.go:35","message":"Processing anime episodes"}
{"level":"info","anime":"Daemons of the Shadow Realm","time":"2026-08-10T09:33:47-03:00","caller":"episodes.go:35","message":"Processing anime episodes"}
{"level":"info","anime":"Hanaori-san Still Wants to Fight in the Next Life","time":"2026-08-10T09:33:47-03:00","caller":"episodes.go:35","message":"Processing anime episodes"}
{"level":"info","anime":"I Became a Legend After My 10 Year-Long Last Stand","time":"2026-08-10T09:33:47-03:00","caller":"episodes.go:35","message":"Processing anime episodes"}
{"level":"info","anime":"Mushoku Tensei: Jobless Reincarnation Season 3","time":"2026-08-10T09:33:47-03:00","caller":"episodes.go:35","message":"Processing anime episodes"}
{"level":"info","anime":"The Cat and the Dragon","time":"2026-08-10T09:33:47-03:00","caller":"episodes.go:35","message":"Processing anime episodes"}
{"level":"info","anime":"Chainsmoker Cat","time":"2026-08-10T09:33:47-03:00","caller":"episodes.go:35","message":"Processing anime episodes"}
{"level":"info","anime":"Jaadugar: A Witch in Mongolia","time":"2026-08-10T09:33:47-03:00","caller":"episodes.go:35","message":"Processing anime episodes"}
{"level":"info","anime":"KAIJU GIRL CARAMELISE","time":"2026-08-10T09:33:47-03:00","caller":"episodes.go:35","message":"Processing anime episodes"}
{"level":"info","anime":"Love Unseen Beneath the Clear Night Sky","time":"2026-08-10T09:33:47-03:00","caller":"episodes.go:35","message":"Processing anime episodes"}
{"level":"info","anime":"Sparks of Tomorrow","time":"2026-08-10T09:33:47-03:00","caller":"episodes.go:35","message":"Processing anime episodes"}
{"level":"info","anime":"Dara-san of the Reiwa Era","time":"2026-08-10T09:33:47-03:00","caller":"episodes.go:35","message":"Processing anime episodes"}
{"level":"info","anime":"From Old Country Bumpkin to Master Swordsman II","time":"2026-08-10T09:33:47-03:00","caller":"episodes.go:35","message":"Processing anime episodes"}
{"level":"info","anime":"The 100 Girlfriends Who Really, Really, Really, Really, REALLY Love You Season 3","time":"2026-08-10T09:33:47-03:00","caller":"episodes.go:35","message":"Processing anime episodes"}
{"level":"info","anime":"The Frontier Lord Begins with Zero Subjects","time":"2026-08-10T09:33:47-03:00","caller":"episodes.go:35","message":"Processing anime episodes"}
{"level":"info","anime":"I Want to Love You Till Your Dying Day","time":"2026-08-10T09:33:47-03:00","caller":"episodes.go:35","message":"Processing anime episodes"}
{"level":"info","anime":"Re:ZERO -Starting Life in Another World- Season 4","time":"2026-08-10T09:33:47-03:00","caller":"episodes.go:35","message":"Processing anime episodes"}
{"level":"info","anime":"BLACK TORCH","time":"2026-08-10T09:33:47-03:00","caller":"episodes.go:35","message":"Processing anime episodes"}
{"level":"info","anime":"You and I Are Polar Opposites Season 2","time":"2026-08-10T09:33:47-03:00","caller":"episodes.go:35","message":"Processing anime episodes"}
{"level":"info","anime":"Smoking Behind the Supermarket with You","time":"2026-08-10T09:33:47-03:00","caller":"episodes.go:35","message":"Processing anime episodes"}
{"level":"info","title":"toumei na yoru ni kakeru kimi to me ni mienai koi wo shita","torrents_found":6,"attempt":1,"time":"2026-08-10T09:33:48-03:00","caller":"search.go:65","message":"Found multiple episodes torrents on Nyaa"}
{"level":"info","hash":"839c4ab90b27bb33ca146da6c23d979473b493f2","name":"[SubsPlease] Toumei na Yoru ni Kakeru Kimi to, Me ni Mienai Koi wo Shita. - 06 (1080p) [3A208565].mkv","time":"2026-08-10T09:33:48-03:00","caller":"session.go:88","message":"Added torrent to embedded client"}
{"level":"info","episode":"Love Unseen Beneath the Clear Night Sky - Episode 6","hash":"839c4ab90b27bb33ca146da6c23d979473b493f2","time":"2026-08-10T09:33:48-03:00","caller":"episodes.go:335","message":"Successfully added episode to embedded torrent client"}
{"level":"info","count":1,"time":"2026-08-10T09:33:48-03:00","caller":"episodes.go:606","message":"Saved episodes to file"}
{"level":"info","animes_checked":21,"episodes_checked":274,"episodes_downloaded":1,"total_time":1078.264942,"avg_time_per_episode":3.935273,"time":"2026-08-10T09:33:48-03:00","caller":"verification.go:315","message":"Verification completed"}
{"level":"info","hash":"839c4ab90b27bb33ca146da6c23d979473b493f2","anime":"Love Unseen Beneath the Clear Night Sky","files":1,"time":"2026-08-10T09:36:22-03:00","caller":"jobs.go:387","message":"Organized torrent into library"}
{"level":"info","id":"1786365382265866309","type":"organize","time":"2026-08-10T09:36:22-03:00","caller":"jobs.go:201","message":"Job queue: job completed"}
{"level":"info","usernames":["JediahSk","D4NIDx"],"animes_found":21,"time":"2026-08-10T09:43:49-03:00","caller":"verification.go:525","message":"Successfully fetched animes from Anilist"}
{"level":"info","anime":"Jaadugar: A Witch in Mongolia","time":"2026-08-10T09:43:49-03:00","caller":"episodes.go:35","message":"Processing anime episodes"}
{"level":"info","anime":"You and I Are Polar Opposites Season 2","time":"2026-08-10T09:43:49-03:00","caller":"episodes.go:35","message":"Processing anime episodes"}
{"level":"info","anime":"The Frontier Lord Begins with Zero Subjects","time":"2026-08-10T09:43:49-03:00","caller":"episodes.go:35","message":"Processing anime episodes"}
{"level":"info","anime":"Hanaori-san Still Wants to Fight in the Next Life","time":"2026-08-10T09:43:49-03:00","caller":"episodes.go:35","message":"Processing anime episodes"}
{"level":"info","anime":"Dara-san of the Reiwa Era","time":"2026-08-10T09:43:49-03:00","caller":"episodes.go:35","message":"Processing anime episodes"}
{"level":"info","anime":"The Cat and the Dragon","time":"2026-08-10T09:43:49-03:00","caller":"episodes.go:35","message":"Processing anime episodes"}
{"level":"info","anime":"Smoking Behind the Supermarket with You","time":"2026-08-10T09:43:49-03:00","caller":"episodes.go:35","message":"Processing anime episodes"}
{"level":"info","anime":"I Want to Love You Till Your Dying Day","time":"2026-08-10T09:43:49-03:00","caller":"episodes.go:35","message":"Processing anime episodes"}
{"level":"info","anime":"Re:ZERO -Starting Life in Another World- Season 4","time":"2026-08-10T09:43:49-03:00","caller":"episodes.go:35","message":"Processing anime episodes"}
{"level":"info","anime":"Sparks of Tomorrow","time":"2026-08-10T09:43:49-03:00","caller":"episodes.go:35","message":"Processing anime episodes"}
{"level":"info","anime":"KAIJU GIRL CARAMELISE","time":"2026-08-10T09:43:49-03:00","caller":"episodes.go:35","message":"Processing anime episodes"}
{"level":"info","anime":"THE GHOST IN THE SHELL","time":"2026-08-10T09:43:49-03:00","caller":"episodes.go:35","message":"Processing anime episodes"}
{"level":"info","anime":"I Became a Legend After My 10 Year-Long Last Stand","time":"2026-08-10T09:43:49-03:00","caller":"episodes.go:35","message":"Processing anime episodes"}
{"level":"info","anime":"Love Unseen Beneath the Clear Night Sky","time":"2026-08-10T09:43:49-03:00","caller":"episodes.go:35","message":"Processing anime episodes"}
{"level":"info","anime":"From Old Country Bumpkin to Master Swordsman II","time":"2026-08-10T09:43:49-03:00","caller":"episodes.go:35","message":"Processing anime episodes"}
{"level":"info","anime":"The World Is Dancing","time":"2026-08-10T09:43:49-03:00","caller":"episodes.go:35","message":"Processing anime episodes"}
{"level":"info","anime":"Chainsmoker Cat","time":"2026-08-10T09:43:49-03:00","caller":"episodes.go:35","message":"Processing anime episodes"}
{"level":"info","anime":"BLACK TORCH","time":"2026-08-10T09:43:49-03:00","caller":"episodes.go:35","message":"Processing anime episodes"}
{"level":"info","anime":"Daemons of the Shadow Realm","time":"2026-08-10T09:43:49-03:00","caller":"episodes.go:35","message":"Processing anime episodes"}
{"level":"info","anime":"Mushoku Tensei: Jobless Reincarnation Season 3","time":"2026-08-10T09:43:49-03:00","caller":"episodes.go:35","message":"Processing anime episodes"}
{"level":"info","anime":"The 100 Girlfriends Who Really, Really, Really, Really, REALLY Love You Season 3","time":"2026-08-10T09:43:49-03:00","caller":"episodes.go:35","message":"Processing anime episodes"}
{"level":"info","animes_checked":21,"episodes_checked":274,"episodes_downloaded":0,"total_time":0.801004,"avg_time_per_episode":0.002923,"time":"2026-08-10T09:43:49-03:00","caller":"verification.go:315","message":"Verification completed"}
{"level":"info","usernames":["JediahSk","D4NIDx"],"animes_found":21,"time":"2026-08-10T09:53:51-03:00","caller":"verification.go:525","message":"Successfully fetched animes from Anilist"}
{"level":"info","anime":"Mushoku Tensei: Jobless Reincarnation Season 3","time":"2026-08-10T09:53:51-03:00","caller":"episodes.go:35","message":"Processing anime episodes"}
{"level":"info","anime":"Daemons of the Shadow Realm","time":"2026-08-10T09:53:51-03:00","caller":"episodes.go:35","message":"Processing anime episodes"}
{"level":"info","anime":"You and I Are Polar Opposites Season 2","time":"2026-08-10T09:53:51-03:00","caller":"episodes.go:35","message":"Processing anime episodes"}
{"level":"info","anime":"The World Is Dancing","time":"2026-08-10T09:53:51-03:00","caller":"episodes.go:35","message":"Processing anime episodes"}
{"level":"info","anime":"Chainsmoker Cat","time":"2026-08-10T09:53:51-03:00","caller":"episodes.go:35","message":"Processing anime episodes"}
{"level":"info","anime":"Jaadugar: A Witch in Mongolia","time":"2026-08-10T09:53:51-03:00","caller":"episodes.go:35","message":"Processing anime episodes"}
{"level":"info","anime":"The Cat and the Dragon","time":"2026-08-10T09:53:51-03:00","caller":"episodes.go:35","message":"Processing anime episodes"}
{"level":"info","anime":"Sparks of Tomorrow","time":"2026-08-10T09:53:51-03:00","caller":"episodes.go:35","message":"Processing anime episodes"}
{"level":"info","anime":"KAIJU GIRL CARAMELISE","time":"2026-08-10T09:53:51-03:00","caller":"episodes.go:35","message":"Processing anime episodes"}
{"level":"info","anime":"From Old Country Bumpkin to Master Swordsman II","time":"2026-08-10T09:53:51-03:00","caller":"episodes.go:35","message":"Processing anime episodes"}
{"level":"info","anime":"THE GHOST IN THE SHELL","time":"2026-08-10T09:53:51-03:00","caller":"episodes.go:35","message":"Processing anime episodes"}
{"level":"info","anime":"The 100 Girlfriends Who Really, Really, Really, Really, REALLY Love You Season 3","time":"2026-08-10T09:53:51-03:00","caller":"episodes.go:35","message":"Processing anime episodes"}
{"level":"info","anime":"I Became a Legend After My 10 Year-Long Last Stand","time":"2026-08-10T09:53:51-03:00","caller":"episodes.go:35","message":"Processing anime episodes"}
{"level":"info","anime":"Love Unseen Beneath the Clear Night Sky","time":"2026-08-10T09:53:51-03:00","caller":"episodes.go:35","message":"Processing anime episodes"}
{"level":"info","anime":"Dara-san of the Reiwa Era","time":"2026-08-10T09:53:51-03:00","caller":"episodes.go:35","message":"Processing anime episodes"}
{"level":"info","anime":"I Want to Love You Till Your Dying Day","time":"2026-08-10T09:53:51-03:00","caller":"episodes.go:35","message":"Processing anime episodes"}
{"level":"info","anime":"The Frontier Lord Begins with Zero Subjects","time":"2026-08-10T09:53:51-03:00","caller":"episodes.go:35","message":"Processing anime episodes"}
{"level":"info","anime":"BLACK TORCH","time":"2026-08-10T09:53:51-03:00","caller":"episodes.go:35","message":"Processing anime episodes"}
{"level":"info","anime":"Hanaori-san Still Wants to Fight in the Next Life","time":"2026-08-10T09:53:51-03:00","caller":"episodes.go:35","message":"Processing anime episodes"}
{"level":"info","anime":"Smoking Behind the Supermarket with You","time":"2026-08-10T09:53:51-03:00","caller":"episodes.go:35","message":"Processing anime episodes"}
{"level":"info","anime":"Re:ZERO -Starting Life in Another World- Season 4","time":"2026-08-10T09:53:51-03:00","caller":"episodes.go:35","message":"Processing anime episodes"}
{"level":"info","animes_checked":21,"episodes_checked":274,"episodes_downloaded":0,"total_time":0.513039,"avg_time_per_episode":0.001872,"time":"2026-08-10T09:53:51-03:00","caller":"verification.go:315","message":"Verification completed"}
{"level":"info","usernames":["JediahSk","D4NIDx"],"animes_found":21,"time":"2026-08-10T10:03:53-03:00","caller":"verification.go:525","message":"Successfully fetched animes from Anilist"}
{"level":"info","anime":"Mushoku Tensei: Jobless Reincarnation Season 3","time":"2026-08-10T10:03:53-03:00","caller":"episodes.go:35","message":"Processing anime episodes"}
{"level":"info","anime":"Daemons of the Shadow Realm","time":"2026-08-10T10:03:53-03:00","caller":"episodes.go:35","message":"Processing anime episodes"}
{"level":"info","anime":"From Old Country Bumpkin to Master Swordsman II","time":"2026-08-10T10:03:53-03:00","caller":"episodes.go:35","message":"Processing anime episodes"}
{"level":"info","anime":"Love Unseen Beneath the Clear Night Sky","time":"2026-08-10T10:03:53-03:00","caller":"episodes.go:35","message":"Processing anime episodes"}
{"level":"info","anime":"Jaadugar: A Witch in Mongolia","time":"2026-08-10T10:03:53-03:00","caller":"episodes.go:35","message":"Processing anime episodes"}
{"level":"info","anime":"The Cat and the Dragon","time":"2026-08-10T10:03:53-03:00","caller":"episodes.go:35","message":"Processing anime episodes"}
{"level":"info","anime":"You and I Are Polar Opposites Season 2","time":"2026-08-10T10:03:53-03:00","caller":"episodes.go:35","message":"Processing anime episodes"}
{"level":"info","anime":"The Frontier Lord Begins with Zero Subjects","time":"2026-08-10T10:03:53-03:00","caller":"episodes.go:35","message":"Processing anime episodes"}
{"level":"info","anime":"Smoking Behind the Supermarket with You","time":"2026-08-10T10:03:53-03:00","caller":"episodes.go:35","message":"Processing anime episodes"}
{"level":"info","anime":"Hanaori-san Still Wants to Fight in the Next Life","time":"2026-08-10T10:03:53-03:00","caller":"episodes.go:35","message":"Processing anime episodes"}
{"level":"info","anime":"Dara-san of the Reiwa Era","time":"2026-08-10T10:03:53-03:00","caller":"episodes.go:35","message":"Processing anime episodes"}
{"level":"info","anime":"Sparks of Tomorrow","time":"2026-08-10T10:03:53-03:00","caller":"episodes.go:35","message":"Processing anime episodes"}
{"level":"info","anime":"BLACK TORCH","time":"2026-08-10T10:03:53-03:00","caller":"episodes.go:35","message":"Processing anime episodes"}
{"level":"info","anime":"KAIJU GIRL CARAMELISE","time":"2026-08-10T10:03:53-03:00","caller":"episodes.go:35","message":"Processing anime episodes"}
{"level":"info","anime":"I Want to Love You Till Your Dying Day","time":"2026-08-10T10:03:53-03:00","caller":"episodes.go:35","message":"Processing anime episodes"}
{"level":"info","anime":"THE GHOST IN THE SHELL","time":"2026-08-10T10:03:53-03:00","caller":"episodes.go:35","message":"Processing anime episodes"}
{"level":"info","anime":"Re:ZERO -Starting Life in Another World- Season 4","time":"2026-08-10T10:03:53-03:00","caller":"episodes.go:35","message":"Processing anime episodes"}
{"level":"info","anime":"I Became a Legend After My 10 Year-Long Last Stand","time":"2026-08-10T10:03:53-03:00","caller":"episodes.go:35","message":"Processing anime episodes"}
{"level":"info","anime":"Chainsmoker Cat","time":"2026-08-10T10:03:53-03:00","caller":"episodes.go:35","message":"Processing anime episodes"}
{"level":"info","anime":"The World Is Dancing","time":"2026-08-10T10:03:53-03:00","caller":"episodes.go:35","message":"Processing anime episodes"}
{"level":"info","anime":"The 100 Girlfriends Who Really, Really, Really, Really, REALLY Love You Season 3","time":"2026-08-10T10:03:53-03:00","caller":"episodes.go:35","message":"Processing anime episodes"}
{"level":"warn","episode":"The World Is Dancing - Episode 7","attempts":0,"time":"2026-08-10T10:04:01-03:00","caller":"episodes.go:343","message":"Failed to download episode after all attempts"}
{"level":"info","animes_checked":21,"episodes_checked":274,"episodes_downloaded":0,"total_time":8049.445361,"avg_time_per_episode":29.377537,"time":"2026-08-10T10:04:01-03:00","caller":"verification.go:315","message":"Verification completed"}
{"level":"info","usernames":["JediahSk","D4NIDx"],"animes_found":21,"time":"2026-08-10T10:14:03-03:00","caller":"verification.go:525","message":"Successfully fetched animes from Anilist"}
{"level":"info","anime":"Mushoku Tensei: Jobless Reincarnation Season 3","time":"2026-08-10T10:14:04-03:00","caller":"episodes.go:35","message":"Processing anime episodes"}
{"level":"info","anime":"You and I Are Polar Opposites Season 2","time":"2026-08-10T10:14:04-03:00","caller":"episodes.go:35","message":"Processing anime episodes"}
{"level":"info","anime":"The World Is Dancing","time":"2026-08-10T10:14:04-03:00","caller":"episodes.go:35","message":"Processing anime episodes"}
{"level":"info","anime":"From Old Country Bumpkin to Master Swordsman II","time":"2026-08-10T10:14:04-03:00","caller":"episodes.go:35","message":"Processing anime episodes"}
{"level":"info","anime":"The 100 Girlfriends Who Really, Really, Really, Really, REALLY Love You Season 3","time":"2026-08-10T10:14:04-03:00","caller":"episodes.go:35","message":"Processing anime episodes"}
{"level":"info","anime":"Jaadugar: A Witch in Mongolia","time":"2026-08-10T10:14:04-03:00","caller":"episodes.go:35","message":"Processing anime episodes"}
{"level":"info","anime":"The Cat and the Dragon","time":"2026-08-10T10:14:04-03:00","caller":"episodes.go:35","message":"Processing anime episodes"}
{"level":"info","anime":"Smoking Behind the Supermarket with You","time":"2026-08-10T10:14:04-03:00","caller":"episodes.go:35","message":"Processing anime episodes"}
{"level":"info","anime":"Sparks of Tomorrow","time":"2026-08-10T10:14:04-03:00","caller":"episodes.go:35","message":"Processing anime episodes"}
{"level":"info","anime":"KAIJU GIRL CARAMELISE","time":"2026-08-10T10:14:04-03:00","caller":"episodes.go:35","message":"Processing anime episodes"}
{"level":"info","anime":"THE GHOST IN THE SHELL","time":"2026-08-10T10:14:04-03:00","caller":"episodes.go:35","message":"Processing anime episodes"}
{"level":"info","anime":"I Became a Legend After My 10 Year-Long Last Stand","time":"2026-08-10T10:14:04-03:00","caller":"episodes.go:35","message":"Processing anime episodes"}
{"level":"info","anime":"The Frontier Lord Begins with Zero Subjects","time":"2026-08-10T10:14:04-03:00","caller":"episodes.go:35","message":"Processing anime episodes"}
{"level":"info","anime":"BLACK TORCH","time":"2026-08-10T10:14:04-03:00","caller":"episodes.go:35","message":"Processing anime episodes"}
{"level":"info","anime":"Hanaori-san Still Wants to Fight in the Next Life","time":"2026-08-10T10:14:04-03:00","caller":"episodes.go:35","message":"Processing anime episodes"}
{"level":"info","anime":"Daemons of the Shadow Realm","time":"2026-08-10T10:14:04-03:00","caller":"episodes.go:35","message":"Processing anime episodes"}
{"level":"info","anime":"I Want to Love You Till Your Dying Day","time":"2026-08-10T10:14:04-03:00","caller":"episodes.go:35","message":"Processing anime episodes"}
{"level":"info","anime":"Re:ZERO -Starting Life in Another World- Season 4","time":"2026-08-10T10:14:04-03:00","caller":"episodes.go:35","message":"Processing anime episodes"}
{"level":"info","anime":"Dara-san of the Reiwa Era","time":"2026-08-10T10:14:04-03:00","caller":"episodes.go:35","message":"Processing anime episodes"}
{"level":"info","anime":"Love Unseen Beneath the Clear Night Sky","time":"2026-08-10T10:14:04-03:00","caller":"episodes.go:35","message":"Processing anime episodes"}
{"level":"info","anime":"Chainsmoker Cat","time":"2026-08-10T10:14:04-03:00","caller":"episodes.go:35","message":"Processing anime episodes"}
{"level":"warn","episode":"The World Is Dancing - Episode 7","attempts":0,"time":"2026-08-10T10:14:12-03:00","caller":"episodes.go:343","message":"Failed to download episode after all attempts"}
{"level":"info","animes_checked":21,"episodes_checked":274,"episodes_downloaded":0,"total_time":8059.046175,"avg_time_per_episode":29.412577,"time":"2026-08-10T10:14:12-03:00","caller":"verification.go:315","message":"Verification completed"}
{"level":"info","usernames":["JediahSk","D4NIDx"],"animes_found":21,"time":"2026-08-10T10:24:13-03:00","caller":"verification.go:525","message":"Successfully fetched animes from Anilist"}
{"level":"info","anime":"Mushoku Tensei: Jobless Reincarnation Season 3","time":"2026-08-10T10:24:13-03:00","caller":"episodes.go:35","message":"Processing anime episodes"}
{"level":"info","anime":"Daemons of the Shadow Realm","time":"2026-08-10T10:24:13-03:00","caller":"episodes.go:35","message":"Processing anime episodes"}
{"level":"info","anime":"From Old Country Bumpkin to Master Swordsman II","time":"2026-08-10T10:24:13-03:00","caller":"episodes.go:35","message":"Processing anime episodes"}
{"level":"info","anime":"Love Unseen Beneath the Clear Night Sky","time":"2026-08-10T10:24:13-03:00","caller":"episodes.go:35","message":"Processing anime episodes"}
{"level":"info","anime":"Jaadugar: A Witch in Mongolia","time":"2026-08-10T10:24:13-03:00","caller":"episodes.go:35","message":"Processing anime episodes"}
{"level":"info","anime":"The Cat and the Dragon","time":"2026-08-10T10:24:13-03:00","caller":"episodes.go:35","message":"Processing anime episodes"}
{"level":"info","anime":"You and I Are Polar Opposites Season 2","time":"2026-08-10T10:24:13-03:00","caller":"episodes.go:35","message":"Processing anime episodes"}
{"level":"info","anime":"The Frontier Lord Begins with Zero Subjects","time":"2026-08-10T10:24:13-03:00","caller":"episodes.go:35","message":"Processing anime episodes"}
{"level":"info","anime":"Smoking Behind the Supermarket with You","time":"2026-08-10T10:24:13-03:00","caller":"episodes.go:35","message":"Processing anime episodes"}
{"level":"info","anime":"Sparks of Tomorrow","time":"2026-08-10T10:24:13-03:00","caller":"episodes.go:35","message":"Processing anime episodes"}
{"level":"info","anime":"KAIJU GIRL CARAMELISE","time":"2026-08-10T10:24:13-03:00","caller":"episodes.go:35","message":"Processing anime episodes"}
{"level":"info","anime":"Hanaori-san Still Wants to Fight in the Next Life","time":"2026-08-10T10:24:13-03:00","caller":"episodes.go:35","message":"Processing anime episodes"}
{"level":"info","anime":"THE GHOST IN THE SHELL","time":"2026-08-10T10:24:13-03:00","caller":"episodes.go:35","message":"Processing anime episodes"}
{"level":"info","anime":"Dara-san of the Reiwa Era","time":"2026-08-10T10:24:13-03:00","caller":"episodes.go:35","message":"Processing anime episodes"}
{"level":"info","anime":"I Became a Legend After My 10 Year-Long Last Stand","time":"2026-08-10T10:24:13-03:00","caller":"episodes.go:35","message":"Processing anime episodes"}
{"level":"info","anime":"BLACK TORCH","time":"2026-08-10T10:24:13-03:00","caller":"episodes.go:35","message":"Processing anime episodes"}
{"level":"info","anime":"Re:ZERO -Starting Life in Another World- Season 4","time":"2026-08-10T10:24:13-03:00","caller":"episodes.go:35","message":"Processing anime episodes"}
{"level":"info","anime":"I Want to Love You Till Your Dying Day","time":"2026-08-10T10:24:13-03:00","caller":"episodes.go:35","message":"Processing anime episodes"}
{"level":"info","anime":"Chainsmoker Cat","time":"2026-08-10T10:24:13-03:00","caller":"episodes.go:35","message":"Processing anime episodes"}
{"level":"info","anime":"The World Is Dancing","time":"2026-08-10T10:24:13-03:00","caller":"episodes.go:35","message":"Processing anime episodes"}
{"level":"info","anime":"The 100 Girlfriends Who Really, Really, Really, Really, REALLY Love You Season 3","time":"2026-08-10T10:24:13-03:00","caller":"episodes.go:35","message":"Processing anime episodes"}
{"level":"warn","episode":"The World Is Dancing - Episode 7","attempts":0,"time":"2026-08-10T10:24:22-03:00","caller":"episodes.go:343","message":"Failed to download episode after all attempts"}
{"level":"info","animes_checked":21,"episodes_checked":274,"episodes_downloaded":0,"total_time":8123.660782,"avg_time_per_episode":29.648397,"time":"2026-08-10T10:24:22-03:00","caller":"verification.go:315","message":"Verification completed"}
{"level":"info","usernames":["JediahSk","D4NIDx"],"animes_found":21,"time":"2026-08-10T10:34:23-03:00","caller":"verification.go:525","message":"Successfully fetched animes from Anilist"}
{"level":"info","anime":"Chainsmoker Cat","time":"2026-08-10T10:34:23-03:00","caller":"episodes.go:35","message":"Processing anime episodes"}
{"level":"info","anime":"The 100 Girlfriends Who Really, Really, Really, Really, REALLY Love You Season 3","time":"2026-08-10T10:34:23-03:00","caller":"episodes.go:35","message":"Processing anime episodes"}
{"level":"info","anime":"Love Unseen Beneath the Clear Night Sky","time":"2026-08-10T10:34:23-03:00","caller":"episodes.go:35","message":"Processing anime episodes"}
{"level":"info","anime":"Mushoku Tensei: Jobless Reincarnation Season 3","time":"2026-08-10T10:34:23-03:00","caller":"episodes.go:35","message":"Processing anime episodes"}
{"level":"info","anime":"Jaadugar: A Witch in Mongolia","time":"2026-08-10T10:34:23-03:00","caller":"episodes.go:35","message":"Processing anime episodes"}
{"level":"info","anime":"From Old Country Bumpkin to Master Swordsman II","time":"2026-08-10T10:34:23-03:00","caller":"episodes.go:35","message":"Processing anime episodes"}
{"level":"info","anime":"Smoking Behind the Supermarket with You","time":"2026-08-10T10:34:23-03:00","caller":"episodes.go:35","message":"Processing anime episodes"}
{"level":"info","anime":"Sparks of Tomorrow","time":"2026-08-10T10:34:23-03:00","caller":"episodes.go:35","message":"Processing anime episodes"}
{"level":"info","anime":"KAIJU GIRL CARAMELISE","time":"2026-08-10T10:34:23-03:00","caller":"episodes.go:35","message":"Processing anime episodes"}
{"level":"info","anime":"Daemons of the Shadow Realm","time":"2026-08-10T10:34:23-03:00","caller":"episodes.go:35","message":"Processing anime episodes"}
{"level":"info","anime":"THE GHOST IN THE SHELL","time":"2026-08-10T10:34:23-03:00","caller":"episodes.go:35","message":"Processing anime episodes"}
{"level":"info","anime":"I Became a Legend After My 10 Year-Long Last Stand","time":"2026-08-10T10:34:23-03:00","caller":"episodes.go:35","message":"Processing anime episodes"}
{"level":"info","anime":"Dara-san of the Reiwa Era","time":"2026-08-10T10:34:23-03:00","caller":"episodes.go:35","message":"Processing anime episodes"}
{"level":"info","anime":"The Cat and the Dragon","time":"2026-08-10T10:34:23-03:00","caller":"episodes.go:35","message":"Processing anime episodes"}
{"level":"info","anime":"The Frontier Lord Begins with Zero Subjects","time":"2026-08-10T10:34:23-03:00","caller":"episodes.go:35","message":"Processing anime episodes"}
{"level":"info","anime":"Hanaori-san Still Wants to Fight in the Next Life","time":"2026-08-10T10:34:23-03:00","caller":"episodes.go:35","message":"Processing anime episodes"}
{"level":"info","anime":"BLACK TORCH","time":"2026-08-10T10:34:23-03:00","caller":"episodes.go:35","message":"Processing anime episodes"}
{"level":"info","anime":"I Want to Love You Till Your Dying Day","time":"2026-08-10T10:34:23-03:00","caller":"episodes.go:35","message":"Processing anime episodes"}
{"level":"info","anime":"You and I Are Polar Opposites Season 2","time":"2026-08-10T10:34:23-03:00","caller":"episodes.go:35","message":"Processing anime episodes"}
{"level":"info","anime":"Re:ZERO -Starting Life in Another World- Season 4","time":"2026-08-10T10:34:23-03:00","caller":"episodes.go:35","message":"Processing anime episodes"}
{"level":"info","anime":"The World Is Dancing","time":"2026-08-10T10:34:23-03:00","caller":"episodes.go:35","message":"Processing anime episodes"}
{"level":"info","title":"world is dancing","torrents_found":6,"attempt":1,"time":"2026-08-10T10:34:24-03:00","caller":"search.go:65","message":"Found multiple episodes torrents on Nyaa"}
{"level":"info","hash":"7c163c45c9e0a524688049b208f70d0d3cb810e8","name":"[SubsPlease] World Is Dancing - 07 (1080p) [A18F4EE4].mkv","time":"2026-08-10T10:34:24-03:00","caller":"session.go:88","message":"Added torrent to embedded client"}
{"level":"info","episode":"The World Is Dancing - Episode 7","hash":"7c163c45c9e0a524688049b208f70d0d3cb810e8","time":"2026-08-10T10:34:24-03:00","caller":"episodes.go:335","message":"Successfully added episode to embedded torrent client"}
{"level":"info","count":1,"time":"2026-08-10T10:34:24-03:00","caller":"episodes.go:606","message":"Saved episodes to file"}
{"level":"info","animes_checked":21,"episodes_checked":274,"episodes_downloaded":1,"total_time":1098.838416,"avg_time_per_episode":4.010359,"time":"2026-08-10T10:34:24-03:00","caller":"verification.go:315","message":"Verification completed"}
{"level":"info","hash":"7c163c45c9e0a524688049b208f70d0d3cb810e8","anime":"The World Is Dancing","files":1,"time":"2026-08-10T10:37:22-03:00","caller":"jobs.go:387","message":"Organized torrent into library"}
{"level":"info","id":"1786369039492279454","type":"organize","time":"2026-08-10T10:37:22-03:00","caller":"jobs.go:201","message":"Job queue: job completed"}
{"level":"info","usernames":["JediahSk","D4NIDx"],"animes_found":21,"time":"2026-08-10T10:44:26-03:00","caller":"verification.go:525","message":"Successfully fetched animes from Anilist"}
{"level":"info","anime":"Daemons of the Shadow Realm","time":"2026-08-10T10:44:27-03:00","caller":"episodes.go:35","message":"Processing anime episodes"}
{"level":"info","anime":"KAIJU GIRL CARAMELISE","time":"2026-08-10T10:44:27-03:00","caller":"episodes.go:35","message":"Processing anime episodes"}
{"level":"info","anime":"From Old Country Bumpkin to Master Swordsman II","time":"2026-08-10T10:44:27-03:00","caller":"episodes.go:35","message":"Processing anime episodes"}
{"level":"info","anime":"The 100 Girlfriends Who Really, Really, Really, Really, REALLY Love You Season 3","time":"2026-08-10T10:44:27-03:00","caller":"episodes.go:35","message":"Processing anime episodes"}
{"level":"info","anime":"The World Is Dancing","time":"2026-08-10T10:44:27-03:00","caller":"episodes.go:35","message":"Processing anime episodes"}
{"level":"info","anime":"Chainsmoker Cat","time":"2026-08-10T10:44:27-03:00","caller":"episodes.go:35","message":"Processing anime episodes"}
{"level":"info","anime":"Jaadugar: A Witch in Mongolia","time":"2026-08-10T10:44:27-03:00","caller":"episodes.go:35","message":"Processing anime episodes"}
{"level":"info","anime":"You and I Are Polar Opposites Season 2","time":"2026-08-10T10:44:27-03:00","caller":"episodes.go:35","message":"Processing anime episodes"}
{"level":"info","anime":"Smoking Behind the Supermarket with You","time":"2026-08-10T10:44:27-03:00","caller":"episodes.go:35","message":"Processing anime episodes"}
{"level":"info","anime":"Sparks of Tomorrow","time":"2026-08-10T10:44:27-03:00","caller":"episodes.go:35","message":"Processing anime episodes"}
{"level":"info","anime":"BLACK TORCH","time":"2026-08-10T10:44:27-03:00","caller":"episodes.go:35","message":"Processing anime episodes"}
{"level":"info","anime":"Hanaori-san Still Wants to Fight in the Next Life","time":"2026-08-10T10:44:27-03:00","caller":"episodes.go:35","message":"Processing anime episodes"}
{"level":"info","anime":"Dara-san of the Reiwa Era","time":"2026-08-10T10:44:27-03:00","caller":"episodes.go:35","message":"Processing anime episodes"}
{"level":"info","anime":"Love Unseen Beneath the Clear Night Sky","time":"2026-08-10T10:44:27-03:00","caller":"episodes.go:35","message":"Processing anime episodes"}
{"level":"info","anime":"The Cat and the Dragon","time":"2026-08-10T10:44:27-03:00","caller":"episodes.go:35","message":"Processing anime episodes"}
{"level":"info","anime":"I Became a Legend After My 10 Year-Long Last Stand","time":"2026-08-10T10:44:27-03:00","caller":"episodes.go:35","message":"Processing anime episodes"}
{"level":"info","anime":"I Want to Love You Till Your Dying Day","time":"2026-08-10T10:44:27-03:00","caller":"episodes.go:35","message":"Processing anime episodes"}
{"level":"info","anime":"Re:ZERO -Starting Life in Another World- Season 4","time":"2026-08-10T10:44:27-03:00","caller":"episodes.go:35","message":"Processing anime episodes"}
{"level":"info","anime":"Mushoku Tensei: Jobless Reincarnation Season 3","time":"2026-08-10T10:44:27-03:00","caller":"episodes.go:35","message":"Processing anime episodes"}
{"level":"info","anime":"The Frontier Lord Begins with Zero Subjects","time":"2026-08-10T10:44:27-03:00","caller":"episodes.go:35","message":"Processing anime episodes"}
{"level":"info","anime":"THE GHOST IN THE SHELL","time":"2026-08-10T10:44:27-03:00","caller":"episodes.go:35","message":"Processing anime episodes"}
{"level":"info","animes_checked":21,"episodes_checked":274,"episodes_downloaded":0,"total_time":0.870467,"avg_time_per_episode":0.003176,"time":"2026-08-10T10:44:27-03:00","caller":"verification.go:315","message":"Verification completed"}
{"level":"info","usernames":["JediahSk","D4NIDx"],"animes_found":21,"time":"2026-08-10T10:54:29-03:00","caller":"verification.go:525","message":"Successfully fetched animes from Anilist"}
{"level":"info","anime":"Mushoku Tensei: Jobless Reincarnation Season 3","time":"2026-08-10T10:54:29-03:00","caller":"episodes.go:35","message":"Processing anime episodes"}
{"level":"info","anime":"The Cat and the Dragon","time":"2026-08-10T10:54:29-03:00","caller":"episodes.go:35","message":"Processing anime episodes"}
{"level":"info","anime":"The 100 Girlfriends Who Really, Really, Really, Really, REALLY Love You Season 3","time":"2026-08-10T10:54:29-03:00","caller":"episodes.go:35","message":"Processing anime episodes"}
{"level":"info","anime":"Hanaori-san Still Wants to Fight in the Next Life","time":"2026-08-10T10:54:29-03:00","caller":"episodes.go:35","message":"Processing anime episodes"}
{"level":"info","anime":"From Old Country Bumpkin to Master Swordsman II","time":"2026-08-10T10:54:29-03:00","caller":"episodes.go:35","message":"Processing anime episodes"}
{"level":"info","anime":"Dara-san of the Reiwa Era","time":"2026-08-10T10:54:29-03:00","caller":"episodes.go:35","message":"Processing anime episodes"}
{"level":"info","anime":"BLACK TORCH","time":"2026-08-10T10:54:29-03:00","caller":"episodes.go:35","message":"Processing anime episodes"}
{"level":"info","anime":"I Want to Love You Till Your Dying Day","time":"2026-08-10T10:54:29-03:00","caller":"episodes.go:35","message":"Processing anime episodes"}
{"level":"info","anime":"Re:ZERO -Starting Life in Another World- Season 4","time":"2026-08-10T10:54:29-03:00","caller":"episodes.go:35","message":"Processing anime episodes"}
{"level":"info","anime":"Daemons of the Shadow Realm","time":"2026-08-10T10:54:29-03:00","caller":"episodes.go:35","message":"Processing anime episodes"}
{"level":"info","anime":"Sparks of Tomorrow","time":"2026-08-10T10:54:29-03:00","caller":"episodes.go:35","message":"Processing anime episodes"}
{"level":"info","anime":"Jaadugar: A Witch in Mongolia","time":"2026-08-10T10:54:29-03:00","caller":"episodes.go:35","message":"Processing anime episodes"}
{"level":"info","anime":"You and I Are Polar Opposites Season 2","time":"2026-08-10T10:54:29-03:00","caller":"episodes.go:35","message":"Processing anime episodes"}
{"level":"info","anime":"Smoking Behind the Supermarket with You","time":"2026-08-10T10:54:29-03:00","caller":"episodes.go:35","message":"Processing anime episodes"}
{"level":"info","anime":"Chainsmoker Cat","time":"2026-08-10T10:54:29-03:00","caller":"episodes.go:35","message":"Processing anime episodes"}
{"level":"info","anime":"THE GHOST IN THE SHELL","time":"2026-08-10T10:54:29-03:00","caller":"episodes.go:35","message":"Processing anime episodes"}
{"level":"info","anime":"I Became a Legend After My 10 Year-Long Last Stand","time":"2026-08-10T10:54:29-03:00","caller":"episodes.go:35","message":"Processing anime episodes"}
{"level":"info","anime":"Love Unseen Beneath the Clear Night Sky","time":"2026-08-10T10:54:29-03:00","caller":"episodes.go:35","message":"Processing anime episodes"}
{"level":"info","anime":"KAIJU GIRL CARAMELISE","time":"2026-08-10T10:54:29-03:00","caller":"episodes.go:35","message":"Processing anime episodes"}
{"level":"info","anime":"The World Is Dancing","time":"2026-08-10T10:54:29-03:00","caller":"episodes.go:35","message":"Processing anime episodes"}
{"level":"info","anime":"The Frontier Lord Begins with Zero Subjects","time":"2026-08-10T10:54:29-03:00","caller":"episodes.go:35","message":"Processing anime episodes"}
{"level":"info","animes_checked":21,"episodes_checked":274,"episodes_downloaded":0,"total_time":0.67317,"avg_time_per_episode":0.002456,"time":"2026-08-10T10:54:29-03:00","caller":"verification.go:315","message":"Verification completed"}
{"level":"info","usernames":["JediahSk","D4NIDx"],"animes_found":21,"time":"2026-08-10T11:04:30-03:00","caller":"verification.go:525","message":"Successfully fetched animes from Anilist"}
{"level":"info","anime":"The World Is Dancing","time":"2026-08-10T11:04:31-03:00","caller":"episodes.go:35","message":"Processing anime episodes"}
{"level":"info","anime":"The 100 Girlfriends Who Really, Really, Really, Really, REALLY Love You Season 3","time":"2026-08-10T11:04:31-03:00","caller":"episodes.go:35","message":"Processing anime episodes"}
{"level":"info","anime":"From Old Country Bumpkin to Master Swordsman II","time":"2026-08-10T11:04:31-03:00","caller":"episodes.go:35","message":"Processing anime episodes"}
{"level":"info","anime":"I Became a Legend After My 10 Year-Long Last Stand","time":"2026-08-10T11:04:31-03:00","caller":"episodes.go:35","message":"Processing anime episodes"}
{"level":"info","anime":"Chainsmoker Cat","time":"2026-08-10T11:04:31-03:00","caller":"episodes.go:35","message":"Processing anime episodes"}
{"level":"info","anime":"Jaadugar: A Witch in Mongolia","time":"2026-08-10T11:04:31-03:00","caller":"episodes.go:35","message":"Processing anime episodes"}
{"level":"info","anime":"Daemons of the Shadow Realm","time":"2026-08-10T11:04:31-03:00","caller":"episodes.go:35","message":"Processing anime episodes"}
{"level":"info","anime":"The Cat and the Dragon","time":"2026-08-10T11:04:31-03:00","caller":"episodes.go:35","message":"Processing anime episodes"}
{"level":"info","anime":"Mushoku Tensei: Jobless Reincarnation Season 3","time":"2026-08-10T11:04:31-03:00","caller":"episodes.go:35","message":"Processing anime episodes"}
{"level":"info","anime":"Smoking Behind the Supermarket with You","time":"2026-08-10T11:04:31-03:00","caller":"episodes.go:35","message":"Processing anime episodes"}
{"level":"info","anime":"The Frontier Lord Begins with Zero Subjects","time":"2026-08-10T11:04:31-03:00","caller":"episodes.go:35","message":"Processing anime episodes"}
{"level":"info","anime":"Sparks of Tomorrow","time":"2026-08-10T11:04:31-03:00","caller":"episodes.go:35","message":"Processing anime episodes"}
{"level":"info","anime":"KAIJU GIRL CARAMELISE","time":"2026-08-10T11:04:31-03:00","caller":"episodes.go:35","message":"Processing anime episodes"}
{"level":"info","anime":"THE GHOST IN THE SHELL","time":"2026-08-10T11:04:31-03:00","caller":"episodes.go:35","message":"Processing anime episodes"}
{"level":"info","anime":"Hanaori-san Still Wants to Fight in the Next Life","time":"2026-08-10T11:04:31-03:00","caller":"episodes.go:35","message":"Processing anime episodes"}
{"level":"info","anime":"I Want to Love You Till Your Dying Day","time":"2026-08-10T11:04:31-03:00","caller":"episodes.go:35","message":"Processing anime episodes"}
{"level":"info","anime":"Re:ZERO -Starting Life in Another World- Season 4","time":"2026-08-10T11:04:31-03:00","caller":"episodes.go:35","message":"Processing anime episodes"}
{"level":"info","anime":"BLACK TORCH","time":"2026-08-10T11:04:31-03:00","caller":"episodes.go:35","message":"Processing anime episodes"}
{"level":"info","anime":"Dara-san of the Reiwa Era","time":"2026-08-10T11:04:31-03:00","caller":"episodes.go:35","message":"Processing anime episodes"}
{"level":"info","anime":"Love Unseen Beneath the Clear Night Sky","time":"2026-08-10T11:04:31-03:00","caller":"episodes.go:35","message":"Processing anime episodes"}
{"level":"info","anime":"You and I Are Polar Opposites Season 2","time":"2026-08-10T11:04:31-03:00","caller":"episodes.go:35","message":"Processing anime episodes"}
{"level":"info","animes_checked":21,"episodes_checked":274,"episodes_downloaded":0,"total_time":0.896597,"avg_time_per_episode":0.003272,"time":"2026-08-10T11:04:31-03:00","caller":"verification.go:315","message":"Verification completed"}
{"level":"info","method":"GET","path":"/","remote_addr":"192.168.0.100:41272","status":200,"duration":0.050149,"time":"2026-08-10T11:08:18-03:00","caller":"middleware.go:26","message":"HTTP request"}
{"level":"info","method":"GET","path":"/assets/index-DaAEhw2G.css","remote_addr":"192.168.0.100:41282","status":200,"duration":0.393854,"time":"2026-08-10T11:08:18-03:00","caller":"middleware.go:26","message":"HTTP request"}
{"level":"info","method":"GET","path":"/assets/index-Ax_qHwsE.js","remote_addr":"192.168.0.100:41272","status":200,"duration":1.161764,"time":"2026-08-10T11:08:18-03:00","caller":"middleware.go:26","message":"HTTP request"}
{"level":"info","method":"GET","path":"/api/v1/torrents","remote_addr":"192.168.0.100:41282","status":200,"duration":2.985883,"time":"2026-08-10T11:08:18-03:00","caller":"middleware.go:26","message":"HTTP request"}
{"level":"info","method":"GET","path":"/api/v1/status","remote_addr":"192.168.0.100:41272","status":200,"duration":0.214519,"time":"2026-08-10T11:08:18-03:00","caller":"middleware.go:26","message":"HTTP request"}
{"level":"info","clients":1,"time":"2026-08-10T11:08:18-03:00","caller":"websocket.go:97","message":"WebSocket client connected"}
{"level":"info","method":"GET","path":"/api/v1/status","remote_addr":"192.168.0.100:41292","status":200,"duration":0.749133,"time":"2026-08-10T11:08:18-03:00","caller":"middleware.go:26","message":"HTTP request"}
{"level":"info","method":"GET","path":"/api/v1/config","remote_addr":"192.168.0.100:41282","status":200,"duration":1.773971,"time":"2026-08-10T11:08:18-03:00","caller":"middleware.go:26","message":"HTTP request"}
{"level":"info","method":"GET","path":"/api/v1/torrents","remote_addr":"192.168.0.100:41286","status":200,"duration":2.546937,"time":"2026-08-10T11:08:18-03:00","caller":"middleware.go:26","message":"HTTP request"}
{"level":"info","method":"GET","path":"/assets/manrope-latin-700-normal-BZp_XxE4.woff2","remote_addr":"192.168.0.100:41286","status":200,"duration":0.074019,"time":"2026-08-10T11:08:18-03:00","caller":"middleware.go:26","message":"HTTP request"}
{"level":"info","method":"GET","path":"/assets/manrope-latin-600-normal-4f0koTD-.woff2","remote_addr":"192.168.0.100:41282","status":200,"duration":0.056463,"time":"2026-08-10T11:08:18-03:00","caller":"middleware.go:26","message":"HTTP request"}
{"level":"info","method":"GET","path":"/assets/manrope-latin-800-normal-BfWYOv1c.woff2","remote_addr":"192.168.0.100:41292","status":200,"duration":0.046241,"time":"2026-08-10T11:08:18-03:00","caller":"middleware.go:26","message":"HTTP request"}
{"level":"info","method":"GET","path":"/assets/manrope-latin-500-normal-BYYD-dBL.woff2","remote_addr":"192.168.0.100:41318","status":200,"duration":0.118315,"time":"2026-08-10T11:08:18-03:00","caller":"middleware.go:26","message":"HTTP request"}
{"level":"info","method":"GET","path":"/assets/manrope-latin-400-normal-PaqtzbVb.woff2","remote_addr":"192.168.0.100:41308","status":200,"duration":0.196242,"time":"2026-08-10T11:08:18-03:00","caller":"middleware.go:26","message":"HTTP request"}
{"level":"info","method":"GET","path":"/assets/jetbrains-mono-latin-400-normal-V6pRDFza.woff2","remote_addr":"192.168.0.100:41318","status":200,"duration":0.098908,"time":"2026-08-10T11:08:18-03:00","caller":"middleware.go:26","message":"HTTP request"}
{"level":"info","method":"GET","path":"/api/v1/animes","remote_addr":"192.168.0.100:41272","status":200,"duration":1125.431058,"time":"2026-08-10T11:08:19-03:00","caller":"middleware.go:26","message":"HTTP request"}
{"level":"info","method":"GET","path":"/assets/jetbrains-mono-latin-700-normal-BYuf6tUa.woff2","remote_addr":"192.168.0.100:41272","status":200,"duration":0.074908,"time":"2026-08-10T11:08:20-03:00","caller":"middleware.go:26","message":"HTTP request"}
{"level":"info","method":"GET","path":"/api/v1/animes","remote_addr":"192.168.0.100:41318","status":200,"duration":1071.135951,"time":"2026-08-10T11:08:21-03:00","caller":"middleware.go:26","message":"HTTP request"}
{"level":"info","method":"GET","path":"/api/v1/torrents","remote_addr":"192.168.0.100:41318","status":200,"duration":2.625659,"time":"2026-08-10T11:08:23-03:00","caller":"middleware.go:26","message":"HTTP request"}
{"level":"info","method":"GET","path":"/api/v1/torrents","remote_addr":"192.168.0.100:41318","status":200,"duration":2.54927,"time":"2026-08-10T11:08:29-03:00","caller":"middleware.go:26","message":"HTTP request"}
{"level":"info","method":"GET","path":"/api/v1/torrents","remote_addr":"192.168.0.100:41318","status":200,"duration":2.526881,"time":"2026-08-10T11:08:34-03:00","caller":"middleware.go:26","message":"HTTP request"}
{"level":"info","method":"GET","path":"/api/v1/torrents","remote_addr":"192.168.0.100:41318","status":200,"duration":2.608475,"time":"2026-08-10T11:08:39-03:00","caller":"middleware.go:26","message":"HTTP request"}
{"level":"info","method":"GET","path":"/api/v1/torrents","remote_addr":"192.168.0.100:41318","status":200,"duration":2.617548,"time":"2026-08-10T11:08:43-03:00","caller":"middleware.go:26","message":"HTTP request"}
{"level":"info","method":"GET","path":"/api/v1/torrents","remote_addr":"192.168.0.100:41318","status":200,"duration":2.511196,"time":"2026-08-10T11:08:43-03:00","caller":"middleware.go:26","message":"HTTP request"}
{"level":"info","time":"2026-08-10T11:08:44-03:00","caller":"endpoint_check.go:52","message":"Manual check triggered via API"}
{"level":"info","method":"POST","path":"/api/v1/check","remote_addr":"192.168.0.100:41318","status":200,"duration":0.079222,"time":"2026-08-10T11:08:44-03:00","caller":"middleware.go:26","message":"HTTP request"}
{"level":"info","usernames":["JediahSk","D4NIDx"],"animes_found":20,"time":"2026-08-10T11:08:45-03:00","caller":"verification.go:525","message":"Successfully fetched animes from Anilist"}
{"level":"info","method":"GET","path":"/api/v1/animes","remote_addr":"192.168.0.100:41318","status":200,"duration":1112.701189,"time":"2026-08-10T11:08:45-03:00","caller":"middleware.go:26","message":"HTTP request"}
{"level":"info","anime":"The World Is Dancing","time":"2026-08-10T11:08:45-03:00","caller":"episodes.go:35","message":"Processing anime episodes"}
{"level":"info","anime":"Mushoku Tensei: Jobless Reincarnation Season 3","time":"2026-08-10T11:08:45-03:00","caller":"episodes.go:35","message":"Processing anime episodes"}
{"level":"info","anime":"From Old Country Bumpkin to Master Swordsman II","time":"2026-08-10T11:08:45-03:00","caller":"episodes.go:35","message":"Processing anime episodes"}
{"level":"info","anime":"Hanaori-san Still Wants to Fight in the Next Life","time":"2026-08-10T11:08:45-03:00","caller":"episodes.go:35","message":"Processing anime episodes"}
{"level":"info","anime":"Love Unseen Beneath the Clear Night Sky","time":"2026-08-10T11:08:45-03:00","caller":"episodes.go:35","message":"Processing anime episodes"}
{"level":"info","anime":"The Cat and the Dragon","time":"2026-08-10T11:08:45-03:00","caller":"episodes.go:35","message":"Processing anime episodes"}
{"level":"info","anime":"The Frontier Lord Begins with Zero Subjects","time":"2026-08-10T11:08:45-03:00","caller":"episodes.go:35","message":"Processing anime episodes"}
{"level":"info","anime":"The 100 Girlfriends Who Really, Really, Really, Really, REALLY Love You Season 3","time":"2026-08-10T11:08:45-03:00","caller":"episodes.go:35","message":"Processing anime episodes"}
{"level":"info","anime":"Smoking Behind the Supermarket with You","time":"2026-08-10T11:08:45-03:00","caller":"episodes.go:35","message":"Processing anime episodes"}
{"level":"info","anime":"I Became a Legend After My 10 Year-Long Last Stand","time":"2026-08-10T11:08:45-03:00","caller":"episodes.go:35","message":"Processing anime episodes"}
{"level":"info","anime":"Jaadugar: A Witch in Mongolia","time":"2026-08-10T11:08:45-03:00","caller":"episodes.go:35","message":"Processing anime episodes"}
{"level":"info","anime":"You and I Are Polar Opposites Season 2","time":"2026-08-10T11:08:45-03:00","caller":"episodes.go:35","message":"Processing anime episodes"}
{"level":"info","anime":"KAIJU GIRL CARAMELISE","time":"2026-08-10T11:08:45-03:00","caller":"episodes.go:35","message":"Processing anime episodes"}
{"level":"info","anime":"THE GHOST IN THE SHELL","time":"2026-08-10T11:08:45-03:00","caller":"episodes.go:35","message":"Processing anime episodes"}
{"level":"info","anime":"Sparks of Tomorrow","time":"2026-08-10T11:08:45-03:00","caller":"episodes.go:35","message":"Processing anime episodes"}
{"level":"info","anime":"I Want to Love You Till Your Dying Day","time":"2026-08-10T11:08:45-03:00","caller":"episodes.go:35","message":"Processing anime episodes"}
{"level":"info","anime":"Re:ZERO -Starting Life in Another World- Season 4","time":"2026-08-10T11:08:45-03:00","caller":"episodes.go:35","message":"Processing anime episodes"}
{"level":"info","anime":"Dara-san of the Reiwa Era","time":"2026-08-10T11:08:45-03:00","caller":"episodes.go:35","message":"Processing anime episodes"}
{"level":"info","anime":"Daemons of the Shadow Realm","time":"2026-08-10T11:08:45-03:00","caller":"episodes.go:35","message":"Processing anime episodes"}
{"level":"info","anime":"Chainsmoker Cat","time":"2026-08-10T11:08:45-03:00","caller":"episodes.go:35","message":"Processing anime episodes"}
{"level":"info","hash":"931672665f5c067fc7db388413ccc4f448571054","time":"2026-08-10T11:08:45-03:00","caller":"episodes.go:526","message":"Removed torrent (seeding copy)"}
{"level":"info","hash":"c815cdd0122dc8c1dd949b8dde1fe5aaed0b4561","time":"2026-08-10T11:08:45-03:00","caller":"episodes.go:526","message":"Removed torrent (seeding copy)"}
{"level":"info","hash":"8309bfddea2d84fd14e10fb2b88904cab4b6631d","time":"2026-08-10T11:08:45-03:00","caller":"episodes.go:526","message":"Removed torrent (seeding copy)"}
{"level":"info","hash":"8b2e87a26b428b7d77cd6026b361d082aeb21331","time":"2026-08-10T11:08:45-03:00","caller":"episodes.go:526","message":"Removed torrent (seeding copy)"}
{"level":"info","hash":"99c737bea469fd467db6767d29fd6f34d8e275c8","time":"2026-08-10T11:08:45-03:00","caller":"episodes.go:526","message":"Removed torrent (seeding copy)"}
{"level":"info","hash":"c27b14f4fc4ef957085a47a1a2181eb966cfd5e3","time":"2026-08-10T11:08:45-03:00","caller":"episodes.go:526","message":"Removed torrent (seeding copy)"}
{"level":"info","animes_checked":20,"episodes_checked":262,"episodes_downloaded":0,"total_time":0.565595,"avg_time_per_episode":0.002158,"time":"2026-08-10T11:08:45-03:00","caller":"verification.go:315","message":"Verification completed"}
{"level":"info","method":"GET","path":"/api/v1/animes","remote_addr":"192.168.0.100:41318","status":200,"duration":982.516141,"time":"2026-08-10T11:08:46-03:00","caller":"middleware.go:26","message":"HTTP request"}
{"level":"info","method":"GET","path":"/api/v1/torrents","remote_addr":"192.168.0.100:41318","status":200,"duration":2.405029,"time":"2026-08-10T11:08:48-03:00","caller":"middleware.go:26","message":"HTTP request"}
{"level":"info","method":"GET","path":"/api/v1/animes","remote_addr":"192.168.0.100:41272","status":200,"duration":968.209468,"time":"2026-08-10T11:08:49-03:00","caller":"middleware.go:26","message":"HTTP request"}
{"level":"info","method":"GET","path":"/api/v1/torrents","remote_addr":"192.168.0.100:41272","status":200,"duration":2.06549,"time":"2026-08-10T11:08:53-03:00","caller":"middleware.go:26","message":"HTTP request"}
{"level":"info","method":"GET","path":"/api/v1/torrents","remote_addr":"192.168.0.100:41272","status":200,"duration":2.218954,"time":"2026-08-10T11:08:53-03:00","caller":"middleware.go:26","message":"HTTP request"}
{"level":"info","method":"GET","path":"/","remote_addr":"192.168.0.100:41272","status":200,"duration":0.031778,"time":"2026-08-10T11:08:56-03:00","caller":"middleware.go:26","message":"HTTP request"}
{"level":"info","clients":0,"time":"2026-08-10T11:08:56-03:00","caller":"websocket.go:106","message":"WebSocket client disconnected"}
{"level":"info","method":"GET","path":"/assets/index-Ax_qHwsE.js","remote_addr":"192.168.0.100:41272","status":200,"duration":0.197427,"time":"2026-08-10T11:08:56-03:00","caller":"middleware.go:26","message":"HTTP request"}
{"level":"info","method":"GET","path":"/assets/index-DaAEhw2G.css","remote_addr":"192.168.0.100:41318","status":200,"duration":0.460484,"time":"2026-08-10T11:08:56-03:00","caller":"middleware.go:26","message":"HTTP request"}
{"level":"info","method":"GET","path":"/api/v1/status","remote_addr":"192.168.0.100:41318","status":200,"duration":0.137056,"time":"2026-08-10T11:08:56-03:00","caller":"middleware.go:26","message":"HTTP request"}
{"level":"info","method":"GET","path":"/api/v1/torrents","remote_addr":"192.168.0.100:41272","status":200,"duration":1.696952,"time":"2026-08-10T11:08:56-03:00","caller":"middleware.go:26","message":"HTTP request"}
{"level":"info","clients":1,"time":"2026-08-10T11:08:56-03:00","caller":"websocket.go:97","message":"WebSocket client connected"}
{"level":"info","method":"GET","path":"/api/v1/config","remote_addr":"192.168.0.100:41292","status":200,"duration":0.797652,"time":"2026-08-10T11:08:56-03:00","caller":"middleware.go:26","message":"HTTP request"}
{"level":"info","method":"GET","path":"/api/v1/status","remote_addr":"192.168.0.100:41318","status":200,"duration":0.417409,"time":"2026-08-10T11:08:56-03:00","caller":"middleware.go:26","message":"HTTP request"}
{"level":"info","method":"GET","path":"/api/v1/torrents","remote_addr":"192.168.0.100:41272","status":200,"duration":1.674415,"time":"2026-08-10T11:08:56-03:00","caller":"middleware.go:26","message":"HTTP request"}
{"level":"info","method":"GET","path":"/assets/manrope-latin-700-normal-BZp_XxE4.woff2","remote_addr":"192.168.0.100:41272","status":200,"duration":0.097223,"time":"2026-08-10T11:08:56-03:00","caller":"middleware.go:26","message":"HTTP request"}
{"level":"info","method":"GET","path":"/assets/manrope-latin-600-normal-4f0koTD-.woff2","remote_addr":"192.168.0.100:41318","status":200,"duration":0.09263,"time":"2026-08-10T11:08:56-03:00","caller":"middleware.go:26","message":"HTTP request"}
{"level":"info","method":"GET","path":"/assets/manrope-latin-400-normal-PaqtzbVb.woff2","remote_addr":"192.168.0.100:41292","status":200,"duration":0.051797,"time":"2026-08-10T11:08:56-03:00","caller":"middleware.go:26","message":"HTTP request"}
{"level":"info","method":"GET","path":"/assets/manrope-latin-800-normal-BfWYOv1c.woff2","remote_addr":"192.168.0.100:41286","status":200,"duration":0.056481,"time":"2026-08-10T11:08:56-03:00","caller":"middleware.go:26","message":"HTTP request"}
{"level":"info","method":"GET","path":"/assets/manrope-latin-500-normal-BYYD-dBL.woff2","remote_addr":"192.168.0.100:41282","status":200,"duration":0.082019,"time":"2026-08-10T11:08:56-03:00","caller":"middleware.go:26","message":"HTTP request"}
{"level":"info","method":"GET","path":"/assets/jetbrains-mono-latin-400-normal-V6pRDFza.woff2","remote_addr":"192.168.0.100:41282","status":200,"duration":0.066667,"time":"2026-08-10T11:08:56-03:00","caller":"middleware.go:26","message":"HTTP request"}
{"level":"info","method":"GET","path":"/favicon.png","remote_addr":"192.168.0.100:41282","status":200,"duration":0.834096,"time":"2026-08-10T11:08:56-03:00","caller":"middleware.go:26","message":"HTTP request"}
{"level":"info","method":"GET","path":"/api/v1/animes","remote_addr":"192.168.0.100:41308","status":200,"duration":927.698255,"time":"2026-08-10T11:08:57-03:00","caller":"middleware.go:26","message":"HTTP request"}
{"level":"info","method":"GET","path":"/assets/jetbrains-mono-latin-700-normal-BYuf6tUa.woff2","remote_addr":"192.168.0.100:41308","status":200,"duration":0.10363,"time":"2026-08-10T11:08:57-03:00","caller":"middleware.go:26","message":"HTTP request"}
{"level":"info","method":"GET","path":"/api/v1/animes","remote_addr":"192.168.0.100:41282","status":200,"duration":929.79756,"time":"2026-08-10T11:08:57-03:00","caller":"middleware.go:26","message":"HTTP request"}
{"level":"info","clients":0,"time":"2026-08-10T11:09:00-03:00","caller":"websocket.go:106","message":"WebSocket client disconnected"}
{"level":"info","method":"GET","path":"/api/v1/animes/187538/episodes","remote_addr":"192.168.0.100:41282","status":200,"duration":398.974679,"time":"2026-08-10T11:09:00-03:00","caller":"middleware.go:26","message":"HTTP request"}
{"level":"warn","status_code":429,"time":"2026-08-10T11:09:00-03:00","caller":"anilist.go:226","message":"Anilist returned non-200 status"}
{"level":"warn","error":"API returned status code: 429","time":"2026-08-10T11:09:00-03:00","caller":"endpoint_animes.go:316","message":"Failed to fetch AniList current animes, skipping merge"}
{"level":"warn","time":"2026-08-10T11:09:00-03:00","caller":"endpoint_animes.go:176","message":"Skipping orphan refresh: AniList list fetch failed, coverage unknown"}
{"level":"info","method":"GET","path":"/api/v1/animes","remote_addr":"192.168.0.100:41308","status":200,"duration":739.76203,"time":"2026-08-10T11:09:00-03:00","caller":"middleware.go:26","message":"HTTP request"}
{"level":"info","method":"GET","path":"/api/v1/torrents","remote_addr":"192.168.0.100:41308","status":200,"duration":2.298362,"time":"2026-08-10T11:09:00-03:00","caller":"middleware.go:26","message":"HTTP request"}
{"level":"info","method":"GET","path":"/assets/jetbrains-mono-latin-500-normal-BWZEU5yA.woff2","remote_addr":"192.168.0.100:41308","status":200,"duration":0.779893,"time":"2026-08-10T11:09:00-03:00","caller":"middleware.go:26","message":"HTTP request"}
{"level":"info","method":"GET","path":"/api/v1/status","remote_addr":"192.168.0.100:41308","status":200,"duration":0.22102,"time":"2026-08-10T11:09:04-03:00","caller":"middleware.go:26","message":"HTTP request"}
{"level":"info","method":"GET","path":"/api/v1/config","remote_addr":"192.168.0.100:41286","status":200,"duration":0.310482,"time":"2026-08-10T11:09:04-03:00","caller":"middleware.go:26","message":"HTTP request"}
{"level":"info","clients":1,"time":"2026-08-10T11:09:04-03:00","caller":"websocket.go:97","message":"WebSocket client connected"}
{"level":"info","method":"GET","path":"/api/v1/torrents","remote_addr":"192.168.0.100:41292","status":200,"duration":2.616826,"time":"2026-08-10T11:09:04-03:00","caller":"middleware.go:26","message":"HTTP request"}
{"level":"warn","status_code":429,"time":"2026-08-10T11:09:04-03:00","caller":"anilist.go:226","message":"Anilist returned non-200 status"}
{"level":"warn","error":"API returned status code: 429","time":"2026-08-10T11:09:04-03:00","caller":"endpoint_animes.go:316","message":"Failed to fetch AniList current animes, skipping merge"}
{"level":"warn","status_code":429,"time":"2026-08-10T11:09:05-03:00","caller":"anilist.go:226","message":"Anilist returned non-200 status"}
{"level":"warn","error":"API returned status code: 429","username":"D4NIDx","time":"2026-08-10T11:09:05-03:00","caller":"anilist.go:278","message":"Failed to fetch customLists map"}
{"level":"warn","status_code":429,"time":"2026-08-10T11:09:05-03:00","caller":"anilist.go:226","message":"Anilist returned non-200 status"}
{"level":"warn","error":"API returned status code: 429","time":"2026-08-10T11:09:05-03:00","caller":"endpoint_animes.go:316","message":"Failed to fetch AniList current animes, skipping merge"}
{"level":"warn","time":"2026-08-10T11:09:05-03:00","caller":"endpoint_animes.go:176","message":"Skipping orphan refresh: AniList list fetch failed, coverage unknown"}
{"level":"info","method":"GET","path":"/api/v1/animes","remote_addr":"192.168.0.100:41282","status":200,"duration":547.474695,"time":"2026-08-10T11:09:05-03:00","caller":"middleware.go:26","message":"HTTP request"}
{"level":"warn","status_code":429,"time":"2026-08-10T11:09:05-03:00","caller":"anilist.go:226","message":"Anilist returned non-200 status"}
{"level":"warn","error":"API returned status code: 429","time":"2026-08-10T11:09:05-03:00","caller":"endpoint_animes.go:316","message":"Failed to fetch AniList current animes, skipping merge"}
{"level":"warn","status_code":429,"time":"2026-08-10T11:09:05-03:00","caller":"anilist.go:226","message":"Anilist returned non-200 status"}
{"level":"warn","error":"API returned status code: 429","username":"D4NIDx","time":"2026-08-10T11:09:05-03:00","caller":"anilist.go:278","message":"Failed to fetch customLists map"}
{"level":"warn","status_code":429,"time":"2026-08-10T11:09:05-03:00","caller":"anilist.go:226","message":"Anilist returned non-200 status"}
{"level":"warn","error":"API returned status code: 429","time":"2026-08-10T11:09:05-03:00","caller":"endpoint_animes.go:316","message":"Failed to fetch AniList current animes, skipping merge"}
{"level":"warn","time":"2026-08-10T11:09:05-03:00","caller":"endpoint_animes.go:176","message":"Skipping orphan refresh: AniList list fetch failed, coverage unknown"}
{"level":"info","method":"GET","path":"/api/v1/animes","remote_addr":"192.168.0.100:41292","status":200,"duration":542.689729,"time":"2026-08-10T11:09:05-03:00","caller":"middleware.go:26","message":"HTTP request"}
{"level":"info","method":"GET","path":"/api/v1/torrents","remote_addr":"192.168.0.100:41292","status":200,"duration":2.055454,"time":"2026-08-10T11:09:06-03:00","caller":"middleware.go:26","message":"HTTP request"}
{"level":"info","method":"GET","path":"/","remote_addr":"192.168.0.100:41292","status":200,"duration":0.100982,"time":"2026-08-10T11:09:07-03:00","caller":"middleware.go:26","message":"HTTP request"}
{"level":"info","clients":0,"time":"2026-08-10T11:09:07-03:00","caller":"websocket.go:106","message":"WebSocket client disconnected"}
{"level":"info","method":"GET","path":"/assets/index-DaAEhw2G.css","remote_addr":"192.168.0.100:41282","status":200,"duration":0.26602,"time":"2026-08-10T11:09:07-03:00","caller":"middleware.go:26","message":"HTTP request"}
{"level":"info","method":"GET","path":"/assets/index-Ax_qHwsE.js","remote_addr":"192.168.0.100:41292","status":200,"duration":3.054088,"time":"2026-08-10T11:09:07-03:00","caller":"middleware.go:26","message":"HTTP request"}
{"level":"info","method":"GET","path":"/api/v1/status","remote_addr":"192.168.0.100:41282","status":200,"duration":0.655077,"time":"2026-08-10T11:09:07-03:00","caller":"middleware.go:26","message":"HTTP request"}
{"level":"info","method":"GET","path":"/api/v1/torrents","remote_addr":"192.168.0.100:41292","status":200,"duration":2.114657,"time":"2026-08-10T11:09:07-03:00","caller":"middleware.go:26","message":"HTTP request"}
{"level":"info","method":"GET","path":"/api/v1/config","remote_addr":"192.168.0.100:41308","status":200,"duration":0.17413,"time":"2026-08-10T11:09:07-03:00","caller":"middleware.go:26","message":"HTTP request"}
{"level":"info","clients":1,"time":"2026-08-10T11:09:07-03:00","caller":"websocket.go:97","message":"WebSocket client connected"}
{"level":"info","method":"GET","path":"/api/v1/status","remote_addr":"192.168.0.100:41272","status":200,"duration":0.145649,"time":"2026-08-10T11:09:07-03:00","caller":"middleware.go:26","message":"HTTP request"}
{"level":"info","method":"GET","path":"/api/v1/torrents","remote_addr":"192.168.0.100:41318","status":200,"duration":2.4669,"time":"2026-08-10T11:09:07-03:00","caller":"middleware.go:26","message":"HTTP request"}
{"level":"info","method":"GET","path":"/assets/manrope-latin-700-normal-BZp_XxE4.woff2","remote_addr":"192.168.0.100:41318","status":200,"duration":0.073055,"time":"2026-08-10T11:09:07-03:00","caller":"middleware.go:26","message":"HTTP request"}
{"level":"info","method":"GET","path":"/assets/manrope-latin-400-normal-PaqtzbVb.woff2","remote_addr":"192.168.0.100:41292","status":200,"duration":0.067852,"time":"2026-08-10T11:09:07-03:00","caller":"middleware.go:26","message":"HTTP request"}
{"level":"info","method":"GET","path":"/assets/manrope-latin-600-normal-4f0koTD-.woff2","remote_addr":"192.168.0.100:41272","status":200,"duration":0.132242,"time":"2026-08-10T11:09:07-03:00","caller":"middleware.go:26","message":"HTTP request"}
{"level":"info","method":"GET","path":"/assets/manrope-latin-800-normal-BfWYOv1c.woff2","remote_addr":"192.168.0.100:41308","status":200,"duration":0.090834,"time":"2026-08-10T11:09:07-03:00","caller":"middleware.go:26","message":"HTTP request"}
{"level":"info","method":"GET","path":"/assets/manrope-latin-500-normal-BYYD-dBL.woff2","remote_addr":"192.168.0.100:41282","status":200,"duration":0.047667,"time":"2026-08-10T11:09:07-03:00","caller":"middleware.go:26","message":"HTTP request"}
{"level":"info","method":"GET","path":"/assets/jetbrains-mono-latin-400-normal-V6pRDFza.woff2","remote_addr":"192.168.0.100:41282","status":200,"duration":0.081575,"time":"2026-08-10T11:09:07-03:00","caller":"middleware.go:26","message":"HTTP request"}
{"level":"info","method":"GET","path":"/favicon.png","remote_addr":"192.168.0.100:41282","status":200,"duration":0.141778,"time":"2026-08-10T11:09:07-03:00","caller":"middleware.go:26","message":"HTTP request"}
{"level":"warn","status_code":429,"time":"2026-08-10T11:09:07-03:00","caller":"anilist.go:226","message":"Anilist returned non-200 status"}
{"level":"warn","error":"API returned status code: 429","time":"2026-08-10T11:09:07-03:00","caller":"endpoint_animes.go:316","message":"Failed to fetch AniList current animes, skipping merge"}
{"level":"warn","status_code":429,"time":"2026-08-10T11:09:07-03:00","caller":"anilist.go:226","message":"Anilist returned non-200 status"}
{"level":"warn","error":"API returned status code: 429","username":"D4NIDx","time":"2026-08-10T11:09:07-03:00","caller":"anilist.go:278","message":"Failed to fetch customLists map"}
{"level":"warn","status_code":429,"time":"2026-08-10T11:09:07-03:00","caller":"anilist.go:226","message":"Anilist returned non-200 status"}
{"level":"warn","error":"API returned status code: 429","time":"2026-08-10T11:09:07-03:00","caller":"endpoint_animes.go:316","message":"Failed to fetch AniList current animes, skipping merge"}
{"level":"warn","time":"2026-08-10T11:09:07-03:00","caller":"endpoint_animes.go:176","message":"Skipping orphan refresh: AniList list fetch failed, coverage unknown"}
{"level":"info","method":"GET","path":"/api/v1/animes","remote_addr":"192.168.0.100:41286","status":200,"duration":380.628692,"time":"2026-08-10T11:09:07-03:00","caller":"middleware.go:26","message":"HTTP request"}
{"level":"info","method":"GET","path":"/assets/jetbrains-mono-latin-700-normal-BYuf6tUa.woff2","remote_addr":"192.168.0.100:41286","status":200,"duration":0.087204,"time":"2026-08-10T11:09:07-03:00","caller":"middleware.go:26","message":"HTTP request"}
{"level":"warn","status_code":429,"time":"2026-08-10T11:09:07-03:00","caller":"anilist.go:226","message":"Anilist returned non-200 status"}
{"level":"warn","error":"API returned status code: 429","time":"2026-08-10T11:09:07-03:00","caller":"endpoint_animes.go:316","message":"Failed to fetch AniList current animes, skipping merge"}
{"level":"warn","status_code":429,"time":"2026-08-10T11:09:07-03:00","caller":"anilist.go:226","message":"Anilist returned non-200 status"}
{"level":"warn","error":"API returned status code: 429","username":"D4NIDx","time":"2026-08-10T11:09:07-03:00","caller":"anilist.go:278","message":"Failed to fetch customLists map"}
{"level":"warn","status_code":429,"time":"2026-08-10T11:09:07-03:00","caller":"anilist.go:226","message":"Anilist returned non-200 status"}
{"level":"warn","error":"API returned status code: 429","time":"2026-08-10T11:09:07-03:00","caller":"endpoint_animes.go:316","message":"Failed to fetch AniList current animes, skipping merge"}
{"level":"warn","time":"2026-08-10T11:09:07-03:00","caller":"endpoint_animes.go:176","message":"Skipping orphan refresh: AniList list fetch failed, coverage unknown"}
{"level":"info","method":"GET","path":"/api/v1/animes","remote_addr":"192.168.0.100:41282","status":200,"duration":69.071893,"time":"2026-08-10T11:09:07-03:00","caller":"middleware.go:26","message":"HTTP request"}
{"level":"info","time":"2026-08-10T11:09:08-03:00","caller":"endpoint_check.go:52","message":"Manual check triggered via API"}
{"level":"info","method":"POST","path":"/api/v1/check","remote_addr":"192.168.0.100:41282","status":200,"duration":0.072315,"time":"2026-08-10T11:09:08-03:00","caller":"middleware.go:26","message":"HTTP request"}
{"level":"warn","status_code":429,"time":"2026-08-10T11:09:08-03:00","caller":"anilist.go:226","message":"Anilist returned non-200 status"}
{"level":"warn","error":"API returned status code: 429","time":"2026-08-10T11:09:08-03:00","caller":"endpoint_animes.go:316","message":"Failed to fetch AniList current animes, skipping merge"}
{"level":"warn","status_code":429,"time":"2026-08-10T11:09:08-03:00","caller":"anilist.go:226","message":"Anilist returned non-200 status"}
{"level":"error","error":"API returned status code: 429","username":"JediahSk","time":"2026-08-10T11:09:08-03:00","caller":"verification.go:486","message":"Failed to search animes on Anilist"}
{"level":"warn","status_code":429,"time":"2026-08-10T11:09:08-03:00","caller":"anilist.go:226","message":"Anilist returned non-200 status"}
{"level":"warn","error":"API returned status code: 429","username":"JediahSk","time":"2026-08-10T11:09:08-03:00","caller":"verification.go:178","message":"Failed to fetch AniList animes for delete statuses"}
{"level":"warn","status_code":429,"time":"2026-08-10T11:09:08-03:00","caller":"anilist.go:226","message":"Anilist returned non-200 status"}
{"level":"warn","error":"API returned status code: 429","username":"D4NIDx","time":"2026-08-10T11:09:08-03:00","caller":"anilist.go:278","message":"Failed to fetch customLists map"}
{"level":"warn","status_code":429,"time":"2026-08-10T11:09:08-03:00","caller":"anilist.go:226","message":"Anilist returned non-200 status"}
{"level":"warn","error":"API returned status code: 429","username":"D4NIDx","time":"2026-08-10T11:09:08-03:00","caller":"anilist.go:278","message":"Failed to fetch customLists map"}
{"level":"warn","status_code":429,"time":"2026-08-10T11:09:08-03:00","caller":"anilist.go:226","message":"Anilist returned non-200 status"}
{"level":"warn","error":"API returned status code: 429","username":"D4NIDx","time":"2026-08-10T11:09:08-03:00","caller":"verification.go:178","message":"Failed to fetch AniList animes for delete statuses"}
{"level":"warn","status_code":429,"time":"2026-08-10T11:09:08-03:00","caller":"anilist.go:226","message":"Anilist returned non-200 status"}
{"level":"error","error":"API returned status code: 429","username":"D4NIDx","time":"2026-08-10T11:09:08-03:00","caller":"verification.go:486","message":"Failed to search animes on Anilist"}
{"level":"warn","status_code":429,"time":"2026-08-10T11:09:08-03:00","caller":"anilist.go:226","message":"Anilist returned non-200 status"}
{"level":"warn","error":"API returned status code: 429","time":"2026-08-10T11:09:08-03:00","caller":"endpoint_animes.go:316","message":"Failed to fetch AniList current animes, skipping merge"}
{"level":"warn","time":"2026-08-10T11:09:08-03:00","caller":"endpoint_animes.go:176","message":"Skipping orphan refresh: AniList list fetch failed, coverage unknown"}
{"level":"info","method":"GET","path":"/api/v1/animes","remote_addr":"192.168.0.100:41282","status":200,"duration":73.26517,"time":"2026-08-10T11:09:08-03:00","caller":"middleware.go:26","message":"HTTP request"}
{"level":"warn","status_code":429,"time":"2026-08-10T11:09:08-03:00","caller":"anilist.go:226","message":"Anilist returned non-200 status"}
{"level":"warn","error":"API returned status code: 429","time":"2026-08-10T11:09:08-03:00","caller":"endpoint_animes.go:316","message":"Failed to fetch AniList current animes, skipping merge"}
{"level":"warn","status_code":429,"time":"2026-08-10T11:09:09-03:00","caller":"anilist.go:226","message":"Anilist returned non-200 status"}
{"level":"warn","error":"API returned status code: 429","username":"D4NIDx","time":"2026-08-10T11:09:09-03:00","caller":"anilist.go:278","message":"Failed to fetch customLists map"}
{"level":"warn","status_code":429,"time":"2026-08-10T11:09:09-03:00","caller":"anilist.go:226","message":"Anilist returned non-200 status"}
{"level":"warn","error":"API returned status code: 429","time":"2026-08-10T11:09:09-03:00","caller":"endpoint_animes.go:316","message":"Failed to fetch AniList current animes, skipping merge"}
{"level":"warn","time":"2026-08-10T11:09:09-03:00","caller":"endpoint_animes.go:176","message":"Skipping orphan refresh: AniList list fetch failed, coverage unknown"}
{"level":"info","method":"GET","path":"/api/v1/animes","remote_addr":"192.168.0.100:41286","status":200,"duration":69.712026,"time":"2026-08-10T11:09:09-03:00","caller":"middleware.go:26","message":"HTTP request"}
{"level":"info","method":"GET","path":"/api/v1/torrents","remote_addr":"192.168.0.100:41286","status":200,"duration":2.271288,"time":"2026-08-10T11:09:12-03:00","caller":"middleware.go:26","message":"HTTP request"}
{"level":"info","method":"GET","path":"/api/v1/torrents","remote_addr":"192.168.0.100:41286","status":200,"duration":2.363306,"time":"2026-08-10T11:09:17-03:00","caller":"middleware.go:26","message":"HTTP request"}
{"level":"info","method":"GET","path":"/api/v1/torrents","remote_addr":"192.168.0.100:41282","status":200,"duration":2.154953,"time":"2026-08-10T11:09:17-03:00","caller":"middleware.go:26","message":"HTTP request"}
{"level":"info","method":"GET","path":"/api/v1/torrents","remote_addr":"192.168.0.100:41282","status":200,"duration":2.280936,"time":"2026-08-10T11:09:22-03:00","caller":"middleware.go:26","message":"HTTP request"}
{"level":"info","method":"GET","path":"/api/v1/torrents","remote_addr":"192.168.0.100:41282","status":200,"duration":2.218824,"time":"2026-08-10T11:09:27-03:00","caller":"middleware.go:26","message":"HTTP request"}
{"level":"info","method":"GET","path":"/api/v1/torrents","remote_addr":"192.168.0.100:41286","status":200,"duration":2.131306,"time":"2026-08-10T11:09:27-03:00","caller":"middleware.go:26","message":"HTTP request"}
{"level":"info","method":"GET","path":"/api/v1/torrents","remote_addr":"192.168.0.100:41286","status":200,"duration":1.703045,"time":"2026-08-10T11:09:32-03:00","caller":"middleware.go:26","message":"HTTP request"}
{"level":"info","method":"GET","path":"/api/v1/torrents","remote_addr":"192.168.0.100:41286","status":200,"duration":1.679785,"time":"2026-08-10T11:09:37-03:00","caller":"middleware.go:26","message":"HTTP request"}
{"level":"info","method":"GET","path":"/api/v1/torrents","remote_addr":"192.168.0.100:41308","status":200,"duration":1.663248,"time":"2026-08-10T11:09:37-03:00","caller":"middleware.go:26","message":"HTTP request"}
{"level":"warn","status_code":429,"time":"2026-08-10T11:09:37-03:00","caller":"anilist.go:226","message":"Anilist returned non-200 status"}
{"level":"warn","error":"API returned status code: 429","username":"JediahSk","time":"2026-08-10T11:09:37-03:00","caller":"anilist.go:278","message":"Failed to fetch customLists map"}
{"level":"warn","status_code":429,"time":"2026-08-10T11:09:37-03:00","caller":"anilist.go:226","message":"Anilist returned non-200 status"}
{"level":"warn","error":"API returned status code: 429","time":"2026-08-10T11:09:37-03:00","caller":"endpoint_animes.go:316","message":"Failed to fetch AniList current animes, skipping merge"}
{"level":"warn","status_code":429,"time":"2026-08-10T11:09:37-03:00","caller":"anilist.go:226","message":"Anilist returned non-200 status"}
{"level":"warn","error":"API returned status code: 429","username":"D4NIDx","time":"2026-08-10T11:09:37-03:00","caller":"anilist.go:278","message":"Failed to fetch customLists map"}
{"level":"warn","status_code":429,"time":"2026-08-10T11:09:37-03:00","caller":"anilist.go:226","message":"Anilist returned non-200 status"}
{"level":"warn","error":"API returned status code: 429","time":"2026-08-10T11:09:37-03:00","caller":"endpoint_animes.go:316","message":"Failed to fetch AniList current animes, skipping merge"}
{"level":"warn","time":"2026-08-10T11:09:37-03:00","caller":"endpoint_animes.go:176","message":"Skipping orphan refresh: AniList list fetch failed, coverage unknown"}
{"level":"info","method":"GET","path":"/api/v1/animes","remote_addr":"192.168.0.100:41282","status":200,"duration":95.589638,"time":"2026-08-10T11:09:37-03:00","caller":"middleware.go:26","message":"HTTP request"}
{"level":"info","method":"GET","path":"/api/v1/torrents","remote_addr":"192.168.0.100:41282","status":200,"duration":2.229769,"time":"2026-08-10T11:09:42-03:00","caller":"middleware.go:26","message":"HTTP request"}
{"level":"info","method":"GET","path":"/api/v1/torrents","remote_addr":"192.168.0.100:41282","status":200,"duration":1.743711,"time":"2026-08-10T11:09:47-03:00","caller":"middleware.go:26","message":"HTTP request"}
{"level":"info","method":"GET","path":"/api/v1/torrents","remote_addr":"192.168.0.100:41308","status":200,"duration":1.574099,"time":"2026-08-10T11:09:47-03:00","caller":"middleware.go:26","message":"HTTP request"}
{"level":"info","method":"GET","path":"/api/v1/torrents","remote_addr":"192.168.0.100:41308","status":200,"duration":2.051732,"time":"2026-08-10T11:09:52-03:00","caller":"middleware.go:26","message":"HTTP request"}
{"level":"info","method":"GET","path":"/api/v1/torrents","remote_addr":"192.168.0.100:41308","status":200,"duration":2.520307,"time":"2026-08-10T11:09:58-03:00","caller":"middleware.go:26","message":"HTTP request"}
{"level":"info","method":"GET","path":"/api/v1/torrents","remote_addr":"192.168.0.100:41308","status":200,"duration":1.730582,"time":"2026-08-10T11:10:03-03:00","caller":"middleware.go:26","message":"HTTP request"}
{"level":"info","method":"GET","path":"/api/v1/torrents","remote_addr":"192.168.0.100:41308","status":200,"duration":2.373566,"time":"2026-08-10T11:10:08-03:00","caller":"middleware.go:26","message":"HTTP request"}
{"level":"info","method":"GET","path":"/api/v1/animes","remote_addr":"192.168.0.100:41282","status":200,"duration":1277.59948,"time":"2026-08-10T11:10:09-03:00","caller":"middleware.go:26","message":"HTTP request"}
{"level":"info","method":"GET","path":"/api/v1/torrents","remote_addr":"192.168.0.100:41282","status":200,"duration":2.343492,"time":"2026-08-10T11:10:13-03:00","caller":"middleware.go:26","message":"HTTP request"}
{"level":"info","method":"GET","path":"/api/v1/torrents","remote_addr":"192.168.0.100:41282","status":200,"duration":1.842805,"time":"2026-08-10T11:10:18-03:00","caller":"middleware.go:26","message":"HTTP request"}
{"level":"info","method":"GET","path":"/api/v1/torrents","remote_addr":"192.168.0.100:41282","status":200,"duration":2.254418,"time":"2026-08-10T11:10:23-03:00","caller":"middleware.go:26","message":"HTTP request"}
{"level":"info","method":"GET","path":"/api/v1/torrents","remote_addr":"192.168.0.100:41282","status":200,"duration":1.642229,"time":"2026-08-10T11:10:28-03:00","caller":"middleware.go:26","message":"HTTP request"}
{"level":"info","method":"GET","path":"/api/v1/torrents","remote_addr":"192.168.0.100:41282","status":200,"duration":2.34114,"time":"2026-08-10T11:10:33-03:00","caller":"middleware.go:26","message":"HTTP request"}
{"level":"info","method":"GET","path":"/api/v1/torrents","remote_addr":"192.168.0.100:41282","status":200,"duration":2.111417,"time":"2026-08-10T11:10:38-03:00","caller":"middleware.go:26","message":"HTTP request"}
{"level":"info","method":"GET","path":"/api/v1/animes","remote_addr":"192.168.0.100:41308","status":200,"duration":976.893284,"time":"2026-08-10T11:10:38-03:00","caller":"middleware.go:26","message":"HTTP request"}
{"level":"info","method":"GET","path":"/api/v1/torrents","remote_addr":"192.168.0.100:41308","status":200,"duration":2.356362,"time":"2026-08-10T11:10:43-03:00","caller":"middleware.go:26","message":"HTTP request"}
{"level":"info","method":"GET","path":"/api/v1/torrents","remote_addr":"192.168.0.100:41308","status":200,"duration":1.721174,"time":"2026-08-10T11:10:48-03:00","caller":"middleware.go:26","message":"HTTP request"}
